order_id,customer_id,order_date,gross_revenue,cogs,shipping_cost,acquisition_channel,status
ORD_10000,CUST_1308,2025-01-05 14:31:00,104.83,33.55,5.17,Organic Search,Completed
ORD_10001,CUST_1697,2025-02-21 00:16:00,78.74,25.2,5.05,Google Ads,Completed
ORD_10002,CUST_1370,2025-06-04 15:31:00,75.22,24.07,9.11,Organic Search,Completed
ORD_10003,CUST_1714,2025-04-30 18:53:00,75.22,24.07,8.26,Meta Ads,Completed
ORD_10004,CUST_1504,2025-05-16 12:09:00,161.59,51.71,7.45,Organic Search,Completed
ORD_10005,CUST_1895,2025-03-07 21:38:00,117.51,37.6,8.35,Google Ads,Completed
ORD_10006,CUST_1045,2025-03-02 10:39:00,67.04,21.45,6.64,Meta Ads,Completed
ORD_10007,CUST_1159,2025-04-28 08:23:00,106.91,34.21,8.29,Meta Ads,Completed
ORD_10008,CUST_2237,2025-03-06 03:25:00,93.76,30.0,6.36,Meta Ads,Completed
ORD_10009,CUST_1895,2025-04-02 00:50:00,29.41,9.41,5.72,Meta Ads,Completed
ORD_10010,CUST_1026,2025-06-16 22:16:00,50.45,16.14,8.15,TikTok Ads,Completed
ORD_10011,CUST_2270,2025-05-09 04:05:00,96.82,30.98,6.6,Meta Ads,Completed
ORD_10012,CUST_1634,2025-02-09 18:15:00,154.85,49.55,9.41,Email Retention,Completed
ORD_10013,CUST_1427,2025-04-14 22:05:00,75.52,24.17,6.25,Google Ads,Completed
ORD_10014,CUST_2328,2025-02-17 14:41:00,64.56,20.66,9.11,Meta Ads,Completed
ORD_10015,CUST_1556,2025-05-31 14:38:00,88.39,28.28,9.16,Google Ads,Completed
ORD_10016,CUST_1335,2025-04-06 14:54:00,62.74,20.08,5.71,Meta Ads,Completed
ORD_10017,CUST_1590,2025-04-30 16:18:00,73.16,23.41,8.49,Organic Search,Completed
ORD_10018,CUST_1569,2025-04-03 03:13:00,83.48,26.71,6.67,TikTok Ads,Completed
ORD_10019,CUST_1699,2025-01-14 21:46:00,49.22,15.75,9.09,Google Ads,Completed
ORD_10020,CUST_1200,2025-02-25 14:28:00,120.22,38.47,6.75,Meta Ads,Completed
ORD_10021,CUST_1018,2025-06-14 04:11:00,44.91,14.37,8.22,Google Ads,Completed
ORD_10022,CUST_1832,2025-02-13 01:24:00,42.22,13.51,6.83,Organic Search,Refunded
ORD_10023,CUST_2288,2025-02-24 16:14:00,91.89,29.4,5.64,Meta Ads,Completed
ORD_10024,CUST_2474,2025-04-03 10:12:00,116.11,37.16,5.5,TikTok Ads,Completed
ORD_10025,CUST_1177,2025-06-05 13:21:00,90.84,29.07,6.63,TikTok Ads,Completed
ORD_10026,CUST_2397,2025-03-06 09:44:00,79.58,25.47,8.28,Google Ads,Completed
ORD_10027,CUST_2068,2025-05-11 16:55:00,72.83,23.31,7.53,Google Ads,Completed
ORD_10028,CUST_1468,2025-02-12 17:49:00,67.33,21.55,7.94,Google Ads,Completed
ORD_10029,CUST_1043,2025-05-27 02:25:00,132.18,42.3,5.91,Meta Ads,Completed
ORD_10030,CUST_1477,2025-03-02 18:25:00,97.24,31.12,6.91,Google Ads,Completed
ORD_10031,CUST_2273,2025-01-12 06:58:00,69.9,22.37,4.72,Email Retention,Completed
ORD_10032,CUST_2079,2025-06-03 08:36:00,60.33,19.31,8.59,Email Retention,Completed
ORD_10033,CUST_1757,2025-01-27 08:48:00,110.1,35.23,9.45,TikTok Ads,Completed
ORD_10034,CUST_1598,2025-03-30 20:37:00,130.81,41.86,6.53,Meta Ads,Completed
ORD_10035,CUST_2494,2025-04-06 21:28:00,125.67,40.21,4.55,Meta Ads,Completed
ORD_10036,CUST_1139,2025-01-27 20:26:00,55.41,17.73,5.35,Organic Search,Completed
ORD_10037,CUST_1873,2025-04-02 00:27:00,72.54,23.21,7.76,Meta Ads,Completed
ORD_10038,CUST_1550,2025-01-30 18:01:00,66.71,21.35,7.56,Meta Ads,Refunded
ORD_10039,CUST_2302,2025-03-25 13:44:00,76.99,24.64,8.44,Organic Search,Completed
ORD_10040,CUST_1313,2025-01-09 22:00:00,119.72,38.31,5.77,Meta Ads,Completed
ORD_10041,CUST_2040,2025-05-19 06:18:00,148.54,47.53,8.32,Meta Ads,Completed
ORD_10042,CUST_1888,2025-01-04 07:08:00,98.86,31.64,7.94,Meta Ads,Completed
ORD_10043,CUST_1411,2025-06-24 08:38:00,61.33,19.63,6.11,Organic Search,Completed
ORD_10044,CUST_1480,2025-06-14 01:17:00,82.61,26.44,7.23,Meta Ads,Completed
ORD_10045,CUST_1941,2025-01-17 12:46:00,160.71,51.43,5.24,Organic Search,Completed
ORD_10046,CUST_1374,2025-05-16 02:33:00,87.43,27.98,6.76,Organic Search,Completed
ORD_10047,CUST_1749,2025-02-08 10:16:00,72.9,23.33,8.91,Meta Ads,Completed
ORD_10048,CUST_1432,2025-06-30 16:34:00,75.74,24.24,6.61,TikTok Ads,Completed
ORD_10049,CUST_2349,2025-05-29 17:21:00,98.67,31.57,8.7,Meta Ads,Completed
ORD_10050,CUST_2110,2025-01-23 09:32:00,56.32,18.02,7.45,Google Ads,Completed
ORD_10051,CUST_1843,2025-04-28 10:13:00,65.96,21.11,5.46,Meta Ads,Completed
ORD_10052,CUST_1025,2025-03-21 21:58:00,124.86,39.96,7.41,Organic Search,Completed
ORD_10053,CUST_1907,2025-02-25 11:05:00,97.44,31.18,7.03,Google Ads,Refunded
ORD_10054,CUST_2415,2025-04-30 03:25:00,87.83,28.11,6.49,Google Ads,Completed
ORD_10055,CUST_1925,2025-01-14 19:41:00,127.58,40.83,5.1,Google Ads,Completed
ORD_10056,CUST_2443,2025-05-24 22:14:00,59.55,19.06,6.58,Meta Ads,Completed
ORD_10057,CUST_2157,2025-04-30 10:28:00,71.89,23.0,4.86,Google Ads,Completed
ORD_10058,CUST_1699,2025-01-07 02:05:00,96.05,30.74,4.99,Meta Ads,Completed
ORD_10059,CUST_2497,2025-01-01 14:55:00,94.57,30.26,6.58,TikTok Ads,Completed
ORD_10060,CUST_1638,2025-06-17 06:04:00,40.11,12.84,6.03,Meta Ads,Completed
ORD_10061,CUST_1077,2025-04-28 03:14:00,68.68,21.98,9.13,Email Retention,Completed
ORD_10062,CUST_2464,2025-02-27 01:01:00,77.88,24.92,6.38,TikTok Ads,Completed
ORD_10063,CUST_2473,2025-01-23 10:56:00,100.71,32.23,8.29,TikTok Ads,Completed
ORD_10064,CUST_1118,2025-05-07 23:02:00,94.42,30.21,7.15,Meta Ads,Completed
ORD_10065,CUST_1643,2025-01-07 08:50:00,81.14,25.96,8.02,Email Retention,Completed
ORD_10066,CUST_1968,2025-05-12 07:06:00,29.3,9.38,5.8,Meta Ads,Completed
ORD_10067,CUST_1822,2025-01-18 12:43:00,82.97,26.55,9.21,TikTok Ads,Completed
ORD_10068,CUST_1303,2025-06-15 17:42:00,86.36,27.64,7.15,Meta Ads,Completed
ORD_10069,CUST_2379,2025-06-12 19:25:00,220.8,70.66,8.66,TikTok Ads,Refunded
ORD_10070,CUST_2289,2025-03-03 07:36:00,76.74,24.56,6.33,Meta Ads,Completed
ORD_10071,CUST_1648,2025-01-02 13:22:00,96.28,30.81,5.0,Meta Ads,Completed
ORD_10072,CUST_1381,2025-02-12 17:04:00,136.73,43.75,7.87,TikTok Ads,Completed
ORD_10073,CUST_1497,2025-04-01 04:15:00,116.76,37.36,4.54,Meta Ads,Completed
ORD_10074,CUST_1968,2025-04-10 19:37:00,151.21,48.39,6.88,TikTok Ads,Completed
ORD_10075,CUST_1483,2025-05-05 18:25:00,40.43,12.94,5.46,Meta Ads,Completed
ORD_10076,CUST_1070,2025-01-25 09:18:00,51.07,16.34,7.64,TikTok Ads,Completed
ORD_10077,CUST_2117,2025-06-11 01:15:00,63.85,20.43,9.4,Meta Ads,Completed
ORD_10078,CUST_1605,2025-03-10 16:12:00,36.98,11.83,6.82,Google Ads,Completed
ORD_10079,CUST_1828,2025-05-09 00:06:00,86.69,27.74,8.59,TikTok Ads,Completed
ORD_10080,CUST_2336,2025-03-26 11:03:00,53.08,16.99,7.04,Email Retention,Completed
ORD_10081,CUST_2437,2025-04-01 02:50:00,159.83,51.15,6.98,Meta Ads,Completed
ORD_10082,CUST_1061,2025-04-20 03:18:00,57.08,18.27,9.15,TikTok Ads,Completed
ORD_10083,CUST_2254,2025-05-30 05:46:00,72.09,23.07,8.95,TikTok Ads,Completed
ORD_10084,CUST_1246,2025-04-19 06:09:00,119.77,38.33,8.43,Organic Search,Completed
ORD_10085,CUST_1868,2025-04-19 23:43:00,44.65,14.29,5.98,Meta Ads,Completed
ORD_10086,CUST_2205,2025-06-29 05:27:00,35.72,11.43,7.23,Google Ads,Completed
ORD_10087,CUST_2133,2025-01-26 09:08:00,91.39,29.24,5.62,TikTok Ads,Completed
ORD_10088,CUST_1304,2025-06-16 17:41:00,94.52,30.25,6.72,Meta Ads,Completed
ORD_10089,CUST_1340,2025-05-12 07:39:00,118.22,37.83,6.92,Meta Ads,Completed
ORD_10090,CUST_1680,2025-02-24 11:38:00,105.97,33.91,8.66,Google Ads,Completed
ORD_10091,CUST_1547,2025-03-16 15:59:00,96.09,30.75,8.98,Organic Search,Completed
ORD_10092,CUST_1154,2025-03-20 02:19:00,60.24,19.28,6.57,Meta Ads,Completed
ORD_10093,CUST_2096,2025-05-27 20:58:00,93.36,29.88,4.59,Organic Search,Completed
ORD_10094,CUST_1653,2025-06-02 20:46:00,95.92,30.69,8.81,Google Ads,Refunded
ORD_10095,CUST_2475,2025-03-22 09:30:00,59.17,18.93,5.37,Meta Ads,Completed
ORD_10096,CUST_1337,2025-02-15 04:39:00,179.44,57.42,7.61,Email Retention,Refunded
ORD_10097,CUST_1110,2025-04-13 07:54:00,103.8,33.22,4.62,Organic Search,Completed
ORD_10098,CUST_1999,2025-05-06 08:05:00,51.51,16.48,6.5,Email Retention,Completed
ORD_10099,CUST_1429,2025-02-24 21:02:00,118.47,37.91,9.43,Organic Search,Completed
ORD_10100,CUST_1620,2025-01-15 10:23:00,127.3,40.74,5.0,Meta Ads,Completed
ORD_10101,CUST_1664,2025-04-28 21:40:00,101.09,32.35,6.62,Google Ads,Completed
ORD_10102,CUST_1139,2025-01-29 21:58:00,74.81,23.94,6.04,Meta Ads,Completed
ORD_10103,CUST_1624,2025-05-04 13:56:00,57.97,18.55,9.03,Google Ads,Completed
ORD_10104,CUST_1949,2025-02-26 22:42:00,81.04,25.93,8.85,Meta Ads,Completed
ORD_10105,CUST_2234,2025-02-28 03:39:00,97.98,31.35,5.69,Email Retention,Completed
ORD_10106,CUST_2450,2025-03-17 19:06:00,84.51,27.04,4.91,Meta Ads,Completed
ORD_10107,CUST_1410,2025-06-25 23:55:00,154.14,49.32,7.64,Meta Ads,Completed
ORD_10108,CUST_2473,2025-06-22 18:18:00,110.75,35.44,6.18,Meta Ads,Completed
ORD_10109,CUST_1610,2025-01-02 18:56:00,54.88,17.56,7.86,Meta Ads,Refunded
ORD_10110,CUST_1355,2025-02-15 06:19:00,48.86,15.64,4.66,Google Ads,Completed
ORD_10111,CUST_2134,2025-04-25 09:35:00,104.19,33.34,5.17,Meta Ads,Completed
ORD_10112,CUST_1033,2025-06-29 13:10:00,75.61,24.2,7.93,Meta Ads,Completed
ORD_10113,CUST_1768,2025-03-01 19:51:00,114.93,36.78,5.56,Email Retention,Completed
ORD_10114,CUST_2021,2025-06-03 22:55:00,103.78,33.21,8.79,Organic Search,Completed
ORD_10115,CUST_1772,2025-06-26 22:18:00,81.2,25.98,4.79,Meta Ads,Completed
ORD_10116,CUST_2152,2025-04-11 04:41:00,55.19,17.66,5.58,Meta Ads,Completed
ORD_10117,CUST_1251,2025-04-24 09:13:00,37.79,12.09,9.49,Organic Search,Completed
ORD_10118,CUST_1435,2025-05-31 13:48:00,92.6,29.63,6.67,Google Ads,Completed
ORD_10119,CUST_1029,2025-01-15 08:24:00,44.27,14.17,8.01,Meta Ads,Completed
ORD_10120,CUST_2256,2025-05-31 05:59:00,54.11,17.32,5.41,Meta Ads,Completed
ORD_10121,CUST_2465,2025-05-26 07:50:00,90.12,28.84,7.55,Meta Ads,Completed
ORD_10122,CUST_2291,2025-06-19 05:00:00,86.28,27.61,8.13,TikTok Ads,Completed
ORD_10123,CUST_1000,2025-01-22 18:29:00,46.93,15.02,6.07,Email Retention,Completed
ORD_10124,CUST_1785,2025-06-07 16:36:00,133.54,42.73,8.64,Email Retention,Completed
ORD_10125,CUST_1177,2025-04-19 00:31:00,132.0,42.24,7.52,Meta Ads,Completed
ORD_10126,CUST_2296,2025-01-26 00:44:00,105.66,33.81,6.45,Meta Ads,Completed
ORD_10127,CUST_1145,2025-03-19 00:24:00,105.6,33.79,7.29,Email Retention,Completed
ORD_10128,CUST_1704,2025-04-06 10:44:00,105.66,33.81,7.38,Organic Search,Refunded
ORD_10129,CUST_1444,2025-03-19 16:05:00,340.52,108.97,5.33,Email Retention,Completed
ORD_10130,CUST_1068,2025-04-15 09:05:00,126.82,40.58,6.51,Google Ads,Completed
ORD_10131,CUST_1569,2025-05-28 06:40:00,111.96,35.83,6.22,Google Ads,Completed
ORD_10132,CUST_1083,2025-06-15 21:49:00,57.39,18.36,6.5,Meta Ads,Completed
ORD_10133,CUST_1811,2025-04-05 07:07:00,75.12,24.04,8.31,TikTok Ads,Completed
ORD_10134,CUST_2062,2025-06-26 08:27:00,209.98,67.19,6.91,Organic Search,Completed
ORD_10135,CUST_1300,2025-06-24 18:14:00,30.3,9.7,9.2,Google Ads,Completed
ORD_10136,CUST_1952,2025-02-06 02:52:00,66.95,21.42,5.97,Meta Ads,Completed
ORD_10137,CUST_1529,2025-06-03 00:48:00,133.86,42.84,6.58,Organic Search,Refunded
ORD_10138,CUST_1413,2025-03-01 16:02:00,59.14,18.92,8.43,Email Retention,Completed
ORD_10139,CUST_1845,2025-03-22 02:05:00,113.29,36.25,7.23,Meta Ads,Completed
ORD_10140,CUST_1532,2025-05-19 03:42:00,85.78,27.45,7.24,Google Ads,Refunded
ORD_10141,CUST_1615,2025-05-01 18:02:00,61.13,19.56,4.77,Organic Search,Completed
ORD_10142,CUST_1271,2025-03-19 03:00:00,27.3,8.74,6.49,Meta Ads,Completed
ORD_10143,CUST_1080,2025-03-04 17:19:00,91.46,29.27,5.85,Email Retention,Completed
ORD_10144,CUST_1126,2025-01-29 02:36:00,56.8,18.18,9.5,Email Retention,Completed
ORD_10145,CUST_1133,2025-03-05 10:03:00,79.62,25.48,6.04,Google Ads,Completed
ORD_10146,CUST_1817,2025-02-16 00:52:00,105.21,33.67,8.92,Meta Ads,Completed
ORD_10147,CUST_2195,2025-01-03 10:59:00,122.36,39.16,7.88,TikTok Ads,Completed
ORD_10148,CUST_2098,2025-05-10 22:29:00,66.85,21.39,6.2,Meta Ads,Completed
ORD_10149,CUST_2162,2025-06-20 06:35:00,61.07,19.54,7.22,Meta Ads,Completed
ORD_10150,CUST_1143,2025-05-14 17:44:00,43.89,14.04,8.7,TikTok Ads,Completed
ORD_10151,CUST_2264,2025-06-26 21:39:00,124.98,39.99,8.92,Meta Ads,Completed
ORD_10152,CUST_1282,2025-01-19 02:30:00,196.49,62.88,5.3,Meta Ads,Completed
ORD_10153,CUST_1942,2025-04-17 17:42:00,130.88,41.88,6.2,Meta Ads,Completed
ORD_10154,CUST_1560,2025-04-04 15:24:00,143.52,45.93,6.18,Google Ads,Completed
ORD_10155,CUST_1613,2025-02-22 03:40:00,59.38,19.0,4.71,Email Retention,Completed
ORD_10156,CUST_1041,2025-02-12 06:53:00,102.47,32.79,7.49,TikTok Ads,Completed
ORD_10157,CUST_2221,2025-01-10 14:53:00,117.87,37.72,8.77,Meta Ads,Completed
ORD_10158,CUST_2209,2025-05-19 05:19:00,10.49,3.36,6.41,Google Ads,Completed
ORD_10159,CUST_1052,2025-05-10 21:27:00,50.13,16.04,8.2,Meta Ads,Completed
ORD_10160,CUST_1938,2025-02-24 06:37:00,164.81,52.74,7.64,Google Ads,Completed
ORD_10161,CUST_1683,2025-03-18 15:06:00,39.76,12.72,6.38,Meta Ads,Completed
ORD_10162,CUST_1840,2025-04-22 16:54:00,153.43,49.1,5.21,TikTok Ads,Completed
ORD_10163,CUST_1229,2025-02-10 16:25:00,39.62,12.68,8.05,Google Ads,Completed
ORD_10164,CUST_2198,2025-01-22 08:48:00,51.32,16.42,8.77,Meta Ads,Completed
ORD_10165,CUST_2283,2025-04-13 01:28:00,103.28,33.05,7.93,TikTok Ads,Completed
ORD_10166,CUST_1380,2025-03-23 23:14:00,86.74,27.76,4.59,Google Ads,Completed
ORD_10167,CUST_1230,2025-03-23 17:58:00,69.89,22.36,5.58,Organic Search,Completed
ORD_10168,CUST_1883,2025-01-08 09:29:00,162.0,51.84,4.85,Organic Search,Completed
ORD_10169,CUST_1521,2025-02-18 04:33:00,44.48,14.23,7.35,Meta Ads,Completed
ORD_10170,CUST_1066,2025-03-16 04:40:00,78.24,25.04,8.28,TikTok Ads,Completed
ORD_10171,CUST_1473,2025-06-07 05:48:00,109.02,34.89,5.05,Meta Ads,Completed
ORD_10172,CUST_2321,2025-06-02 10:24:00,95.41,30.53,8.69,Organic Search,Completed
ORD_10173,CUST_1581,2025-06-19 05:48:00,62.04,19.85,7.28,Meta Ads,Completed
ORD_10174,CUST_2021,2025-06-12 07:45:00,63.1,20.19,7.95,TikTok Ads,Completed
ORD_10175,CUST_1481,2025-03-03 22:57:00,121.56,38.9,9.36,Google Ads,Completed
ORD_10176,CUST_2304,2025-04-25 07:44:00,124.06,39.7,4.92,Google Ads,Completed
ORD_10177,CUST_1026,2025-04-28 02:46:00,96.52,30.89,9.01,Meta Ads,Completed
ORD_10178,CUST_1863,2025-02-04 00:11:00,55.71,17.83,5.13,Email Retention,Completed
ORD_10179,CUST_1580,2025-04-22 20:26:00,64.05,20.5,6.46,Google Ads,Completed
ORD_10180,CUST_2288,2025-02-24 23:16:00,83.19,26.62,8.76,Google Ads,Completed
ORD_10181,CUST_1318,2025-04-05 06:46:00,88.65,28.37,9.03,Email Retention,Completed
ORD_10182,CUST_1792,2025-05-09 05:28:00,107.12,34.28,7.03,Google Ads,Completed
ORD_10183,CUST_1186,2025-06-26 06:08:00,76.38,24.44,7.47,Google Ads,Completed
ORD_10184,CUST_2063,2025-06-21 00:31:00,120.36,38.52,8.04,Google Ads,Completed
ORD_10185,CUST_2191,2025-05-08 19:30:00,119.77,38.33,8.66,Organic Search,Completed
ORD_10186,CUST_2335,2025-06-27 09:25:00,145.68,46.62,5.11,Meta Ads,Completed
ORD_10187,CUST_1961,2025-04-30 12:41:00,84.82,27.14,8.55,Email Retention,Completed
ORD_10188,CUST_2440,2025-05-31 00:30:00,97.25,31.12,6.91,Meta Ads,Completed
ORD_10189,CUST_1970,2025-01-24 09:33:00,79.04,25.29,6.75,Organic Search,Completed
ORD_10190,CUST_2103,2025-04-24 13:36:00,56.03,17.93,6.62,Google Ads,Refunded
ORD_10191,CUST_1290,2025-02-15 04:03:00,194.46,62.23,7.05,Google Ads,Completed
ORD_10192,CUST_2453,2025-06-04 16:29:00,137.56,44.02,9.23,Organic Search,Completed
ORD_10193,CUST_1869,2025-03-24 14:10:00,118.7,37.98,7.24,Google Ads,Completed
ORD_10194,CUST_1866,2025-04-17 17:14:00,83.52,26.73,9.27,Google Ads,Completed
ORD_10195,CUST_2138,2025-03-18 00:31:00,53.72,17.19,5.4,Email Retention,Completed
ORD_10196,CUST_1406,2025-06-10 22:50:00,127.91,40.93,8.12,Google Ads,Completed
ORD_10197,CUST_1225,2025-05-19 17:17:00,78.41,25.09,8.56,Meta Ads,Completed
ORD_10198,CUST_2026,2025-03-07 01:38:00,101.1,32.35,7.9,Meta Ads,Completed
ORD_10199,CUST_2259,2025-05-20 19:08:00,63.93,20.46,7.53,Google Ads,Completed
ORD_10200,CUST_2479,2025-03-27 16:53:00,93.89,30.04,7.32,Meta Ads,Completed
ORD_10201,CUST_1695,2025-02-23 03:14:00,65.79,21.05,8.8,Google Ads,Completed
ORD_10202,CUST_2069,2025-06-08 02:03:00,66.98,21.43,8.61,Google Ads,Completed
ORD_10203,CUST_1755,2025-01-05 05:35:00,93.35,29.87,5.11,Organic Search,Completed
ORD_10204,CUST_1964,2025-03-08 03:30:00,39.34,12.59,8.74,Email Retention,Completed
ORD_10205,CUST_1272,2025-05-23 14:47:00,40.3,12.9,6.57,TikTok Ads,Completed
ORD_10206,CUST_1815,2025-02-03 05:23:00,59.05,18.9,5.77,TikTok Ads,Completed
ORD_10207,CUST_1945,2025-02-12 03:17:00,75.97,24.31,8.85,Google Ads,Completed
ORD_10208,CUST_1710,2025-02-05 00:51:00,121.96,39.03,6.66,Organic Search,Completed
ORD_10209,CUST_2136,2025-01-27 18:40:00,77.93,24.94,8.54,Meta Ads,Completed
ORD_10210,CUST_1922,2025-05-09 05:57:00,83.28,26.65,5.82,Google Ads,Completed
ORD_10211,CUST_2024,2025-06-09 09:17:00,73.27,23.45,4.52,Meta Ads,Completed
ORD_10212,CUST_1323,2025-06-05 14:05:00,97.18,31.1,6.98,Google Ads,Completed
ORD_10213,CUST_2446,2025-03-28 10:30:00,55.76,17.84,5.0,TikTok Ads,Completed
ORD_10214,CUST_1852,2025-01-10 06:57:00,79.84,25.55,8.27,TikTok Ads,Completed
ORD_10215,CUST_1686,2025-06-02 05:55:00,100.61,32.2,5.88,Google Ads,Completed
ORD_10216,CUST_1784,2025-04-09 19:57:00,93.02,29.77,6.72,Meta Ads,Completed
ORD_10217,CUST_1320,2025-06-04 04:40:00,84.49,27.04,4.94,Meta Ads,Completed
ORD_10218,CUST_1897,2025-03-30 17:24:00,84.96,27.19,5.93,Meta Ads,Completed
ORD_10219,CUST_1035,2025-01-27 19:52:00,104.89,33.56,8.41,Meta Ads,Completed
ORD_10220,CUST_1431,2025-02-11 05:16:00,198.62,63.56,5.26,Meta Ads,Completed
ORD_10221,CUST_1985,2025-03-06 07:43:00,57.56,18.42,7.74,Google Ads,Completed
ORD_10222,CUST_1258,2025-03-28 07:01:00,201.16,64.37,9.09,Organic Search,Completed
ORD_10223,CUST_1388,2025-03-27 09:12:00,56.33,18.03,7.9,Meta Ads,Completed
ORD_10224,CUST_2197,2025-05-28 19:24:00,25.52,8.17,8.56,Google Ads,Completed
ORD_10225,CUST_1248,2025-03-07 05:27:00,65.17,20.85,5.04,TikTok Ads,Completed
ORD_10226,CUST_2392,2025-02-09 10:48:00,98.0,31.36,5.75,Organic Search,Completed
ORD_10227,CUST_1292,2025-03-20 19:05:00,180.11,57.64,8.97,Organic Search,Completed
ORD_10228,CUST_1709,2025-03-31 01:07:00,53.68,17.18,8.08,Meta Ads,Completed
ORD_10229,CUST_1265,2025-04-25 05:57:00,104.62,33.48,7.7,Meta Ads,Completed
ORD_10230,CUST_2373,2025-06-26 23:49:00,42.41,13.57,7.82,Meta Ads,Completed
ORD_10231,CUST_2285,2025-06-26 18:57:00,177.24,56.72,6.57,Email Retention,Completed
ORD_10232,CUST_1281,2025-01-31 04:48:00,138.71,44.39,4.72,Meta Ads,Completed
ORD_10233,CUST_1826,2025-06-23 17:38:00,67.05,21.46,8.42,Meta Ads,Completed
ORD_10234,CUST_1610,2025-01-25 09:47:00,33.44,10.7,7.89,Google Ads,Completed
ORD_10235,CUST_1507,2025-06-10 12:58:00,148.41,47.49,6.86,Meta Ads,Completed
ORD_10236,CUST_1108,2025-01-19 19:53:00,79.62,25.48,9.0,TikTok Ads,Completed
ORD_10237,CUST_2067,2025-01-24 10:04:00,141.91,45.41,6.18,Organic Search,Completed
ORD_10238,CUST_2166,2025-05-21 02:59:00,84.2,26.94,5.97,Google Ads,Completed
ORD_10239,CUST_1209,2025-04-25 08:13:00,85.84,27.47,8.86,Google Ads,Refunded
ORD_10240,CUST_2091,2025-05-22 15:00:00,67.69,21.66,8.48,Meta Ads,Refunded
ORD_10241,CUST_2431,2025-04-13 04:58:00,110.62,35.4,7.07,Organic Search,Completed
ORD_10242,CUST_1813,2025-05-03 10:10:00,88.76,28.4,5.15,Meta Ads,Completed
ORD_10243,CUST_2139,2025-06-19 11:20:00,105.63,33.8,5.58,TikTok Ads,Completed
ORD_10244,CUST_1429,2025-05-24 22:02:00,37.35,11.95,7.78,Google Ads,Completed
ORD_10245,CUST_1818,2025-01-29 22:51:00,144.12,46.12,6.43,Meta Ads,Completed
ORD_10246,CUST_2480,2025-04-28 13:15:00,159.9,51.17,8.68,Meta Ads,Completed
ORD_10247,CUST_2228,2025-02-20 05:20:00,88.58,28.35,9.25,Meta Ads,Completed
ORD_10248,CUST_1703,2025-02-05 08:32:00,192.31,61.54,8.53,Meta Ads,Completed
ORD_10249,CUST_1357,2025-05-29 10:48:00,172.41,55.17,6.39,TikTok Ads,Completed
ORD_10250,CUST_1966,2025-02-27 15:06:00,111.68,35.74,8.44,Google Ads,Completed
ORD_10251,CUST_1918,2025-02-21 18:51:00,149.25,47.76,6.26,Organic Search,Completed
ORD_10252,CUST_2326,2025-06-08 11:42:00,132.24,42.32,5.34,TikTok Ads,Completed
ORD_10253,CUST_1156,2025-06-27 23:24:00,32.49,10.4,4.67,Google Ads,Completed
ORD_10254,CUST_1189,2025-02-15 15:18:00,73.95,23.66,6.43,Google Ads,Completed
ORD_10255,CUST_1455,2025-03-15 01:55:00,115.1,36.83,9.02,Email Retention,Completed
ORD_10256,CUST_2094,2025-02-11 11:00:00,164.58,52.67,5.69,Organic Search,Completed
ORD_10257,CUST_1691,2025-01-19 05:31:00,40.95,13.1,5.53,Meta Ads,Completed
ORD_10258,CUST_1482,2025-01-22 09:15:00,33.65,10.77,9.35,Meta Ads,Refunded
ORD_10259,CUST_1304,2025-02-06 07:25:00,81.86,26.2,4.63,Google Ads,Refunded
ORD_10260,CUST_2428,2025-04-24 10:14:00,26.53,8.49,8.43,Email Retention,Completed
ORD_10261,CUST_2173,2025-05-30 06:13:00,80.58,25.79,6.11,Meta Ads,Completed
ORD_10262,CUST_1444,2025-05-24 21:10:00,99.08,31.71,4.69,Meta Ads,Refunded
ORD_10263,CUST_2113,2025-06-06 02:26:00,52.5,16.8,9.09,TikTok Ads,Completed
ORD_10264,CUST_1877,2025-04-22 19:40:00,81.59,26.11,5.2,TikTok Ads,Completed
ORD_10265,CUST_1072,2025-06-10 13:28:00,126.88,40.6,7.26,Google Ads,Completed
ORD_10266,CUST_1333,2025-05-05 11:57:00,65.02,20.81,5.87,Organic Search,Completed
ORD_10267,CUST_1700,2025-03-06 08:23:00,56.79,18.17,4.83,Meta Ads,Completed
ORD_10268,CUST_1274,2025-05-31 13:29:00,79.91,25.57,4.75,Email Retention,Completed
ORD_10269,CUST_1579,2025-03-08 10:37:00,49.83,15.95,5.08,Organic Search,Completed
ORD_10270,CUST_1237,2025-05-09 10:34:00,185.9,59.49,4.86,Meta Ads,Completed
ORD_10271,CUST_1120,2025-06-14 06:41:00,85.38,27.32,8.3,Google Ads,Completed
ORD_10272,CUST_1096,2025-05-14 21:46:00,59.62,19.08,6.93,Meta Ads,Completed
ORD_10273,CUST_2132,2025-04-01 13:18:00,92.6,29.63,6.21,Meta Ads,Completed
ORD_10274,CUST_1955,2025-01-01 11:21:00,79.71,25.51,6.59,Meta Ads,Completed
ORD_10275,CUST_1169,2025-05-03 13:39:00,75.7,24.22,9.14,TikTok Ads,Completed
ORD_10276,CUST_1288,2025-01-19 09:23:00,65.01,20.8,9.05,Google Ads,Completed
ORD_10277,CUST_1163,2025-05-03 17:19:00,63.54,20.33,8.08,Meta Ads,Completed
ORD_10278,CUST_2468,2025-04-28 01:42:00,37.78,12.09,8.92,Organic Search,Completed
ORD_10279,CUST_2159,2025-05-26 06:23:00,149.15,47.73,6.1,Meta Ads,Refunded
ORD_10280,CUST_1975,2025-05-04 18:23:00,108.47,34.71,6.41,Google Ads,Completed
ORD_10281,CUST_2057,2025-01-11 09:45:00,96.69,30.94,7.57,Meta Ads,Completed
ORD_10282,CUST_1557,2025-05-18 07:57:00,79.12,25.32,7.62,Google Ads,Completed
ORD_10283,CUST_1488,2025-06-14 01:02:00,52.05,16.66,6.91,Meta Ads,Completed
ORD_10284,CUST_2267,2025-05-24 13:03:00,57.89,18.52,6.5,Organic Search,Completed
ORD_10285,CUST_2411,2025-04-27 07:17:00,39.95,12.78,9.43,Google Ads,Completed
ORD_10286,CUST_2300,2025-06-01 07:58:00,61.28,19.61,8.61,Meta Ads,Completed
ORD_10287,CUST_2345,2025-02-22 02:33:00,48.57,15.54,6.67,Organic Search,Completed
ORD_10288,CUST_2011,2025-03-08 16:41:00,168.16,53.81,8.14,Organic Search,Completed
ORD_10289,CUST_1610,2025-06-06 14:17:00,123.16,39.41,5.85,Meta Ads,Completed
ORD_10290,CUST_1677,2025-02-12 02:24:00,87.04,27.85,5.0,Meta Ads,Completed
ORD_10291,CUST_1531,2025-03-09 11:38:00,54.76,17.52,6.26,Email Retention,Completed
ORD_10292,CUST_1557,2025-03-13 16:27:00,49.78,15.93,6.51,TikTok Ads,Completed
ORD_10293,CUST_1054,2025-02-02 23:13:00,76.81,24.58,4.58,Google Ads,Completed
ORD_10294,CUST_1111,2025-06-19 09:41:00,125.41,40.13,8.57,Organic Search,Completed
ORD_10295,CUST_2397,2025-06-11 13:33:00,40.51,12.96,6.3,Organic Search,Refunded
ORD_10296,CUST_2327,2025-06-25 01:11:00,107.85,34.51,7.4,Meta Ads,Completed
ORD_10297,CUST_1127,2025-03-06 02:23:00,61.16,19.57,4.87,Google Ads,Completed
ORD_10298,CUST_2348,2025-03-11 01:41:00,66.45,21.26,5.37,TikTok Ads,Completed
ORD_10299,CUST_1609,2025-06-22 11:35:00,85.9,27.49,8.95,Email Retention,Completed
ORD_10300,CUST_1402,2025-05-27 20:24:00,55.65,17.81,7.54,Meta Ads,Completed
ORD_10301,CUST_2105,2025-02-23 20:56:00,75.05,24.02,9.25,TikTok Ads,Refunded
ORD_10302,CUST_2301,2025-01-23 01:35:00,53.42,17.09,9.49,Meta Ads,Completed
ORD_10303,CUST_2000,2025-04-17 10:30:00,63.51,20.32,6.36,Google Ads,Refunded
ORD_10304,CUST_1409,2025-03-15 14:41:00,116.93,37.42,5.99,TikTok Ads,Completed
ORD_10305,CUST_1911,2025-03-08 00:37:00,87.92,28.13,8.79,TikTok Ads,Completed
ORD_10306,CUST_1650,2025-03-28 13:06:00,116.74,37.36,9.49,Meta Ads,Completed
ORD_10307,CUST_1480,2025-04-10 03:43:00,60.78,19.45,7.65,Meta Ads,Completed
ORD_10308,CUST_1200,2025-01-28 18:47:00,108.2,34.62,8.48,Google Ads,Completed
ORD_10309,CUST_1114,2025-03-20 11:59:00,35.28,11.29,8.41,Email Retention,Completed
ORD_10310,CUST_1141,2025-04-23 08:35:00,85.88,27.48,6.28,Organic Search,Completed
ORD_10311,CUST_2185,2025-05-09 09:02:00,111.36,35.64,7.37,Meta Ads,Completed
ORD_10312,CUST_2477,2025-03-04 07:22:00,34.54,11.05,8.67,Google Ads,Refunded
ORD_10313,CUST_1586,2025-06-17 07:15:00,61.12,19.56,7.94,TikTok Ads,Completed
ORD_10314,CUST_2259,2025-01-02 09:00:00,85.86,27.48,4.61,Meta Ads,Completed
ORD_10315,CUST_1122,2025-04-18 21:07:00,129.52,41.45,6.18,Meta Ads,Completed
ORD_10316,CUST_1086,2025-05-07 09:39:00,63.51,20.32,5.22,Meta Ads,Completed
ORD_10317,CUST_2050,2025-03-01 18:32:00,106.33,34.03,5.66,Google Ads,Completed
ORD_10318,CUST_2402,2025-01-09 21:36:00,153.45,49.1,9.03,Meta Ads,Completed
ORD_10319,CUST_1226,2025-01-18 12:53:00,108.5,34.72,4.68,TikTok Ads,Completed
ORD_10320,CUST_1801,2025-02-27 00:28:00,76.35,24.43,5.6,Organic Search,Completed
ORD_10321,CUST_1356,2025-01-30 12:52:00,99.27,31.77,6.05,Meta Ads,Completed
ORD_10322,CUST_1955,2025-02-12 15:12:00,62.64,20.04,7.58,Google Ads,Completed
ORD_10323,CUST_1233,2025-04-23 04:15:00,87.41,27.97,7.17,Organic Search,Completed
ORD_10324,CUST_1429,2025-04-06 17:42:00,78.09,24.99,5.59,Email Retention,Completed
ORD_10325,CUST_1927,2025-05-22 17:41:00,97.82,31.3,5.32,Meta Ads,Completed
ORD_10326,CUST_1904,2025-05-26 23:03:00,68.98,22.07,5.68,Meta Ads,Completed
ORD_10327,CUST_2460,2025-01-14 20:53:00,100.29,32.09,7.01,Meta Ads,Completed
ORD_10328,CUST_1821,2025-05-13 18:09:00,68.67,21.97,5.86,Organic Search,Completed
ORD_10329,CUST_1929,2025-05-05 03:45:00,122.63,39.24,9.24,Meta Ads,Completed
ORD_10330,CUST_1245,2025-02-26 18:32:00,71.95,23.02,6.82,Meta Ads,Completed
ORD_10331,CUST_1507,2025-03-19 17:02:00,27.06,8.66,4.79,Google Ads,Completed
ORD_10332,CUST_2136,2025-03-08 18:19:00,50.58,16.19,8.15,TikTok Ads,Completed
ORD_10333,CUST_1281,2025-01-16 18:24:00,84.72,27.11,6.14,Meta Ads,Completed
ORD_10334,CUST_2420,2025-01-28 14:34:00,167.5,53.6,7.77,Google Ads,Refunded
ORD_10335,CUST_1111,2025-04-06 14:37:00,120.55,38.58,5.9,Meta Ads,Completed
ORD_10336,CUST_2326,2025-04-26 16:15:00,24.02,7.69,7.35,Meta Ads,Refunded
ORD_10337,CUST_1082,2025-04-05 23:02:00,38.63,12.36,8.36,Organic Search,Completed
ORD_10338,CUST_1505,2025-03-02 13:20:00,136.79,43.77,9.14,Organic Search,Completed
ORD_10339,CUST_1025,2025-04-25 19:38:00,111.09,35.55,5.81,Email Retention,Completed
ORD_10340,CUST_2391,2025-04-04 15:50:00,206.84,66.19,6.17,TikTok Ads,Completed
ORD_10341,CUST_2446,2025-01-29 01:48:00,67.37,21.56,6.82,Meta Ads,Completed
ORD_10342,CUST_1008,2025-01-08 12:49:00,55.1,17.63,9.14,TikTok Ads,Completed
ORD_10343,CUST_2233,2025-05-31 18:41:00,86.81,27.78,9.01,Email Retention,Completed
ORD_10344,CUST_1489,2025-04-23 04:53:00,66.76,21.36,4.95,Google Ads,Completed
ORD_10345,CUST_1441,2025-04-02 22:41:00,131.15,41.97,5.16,Meta Ads,Completed
ORD_10346,CUST_1390,2025-01-01 13:01:00,65.69,21.02,6.98,Google Ads,Refunded
ORD_10347,CUST_1872,2025-03-19 14:22:00,73.94,23.66,5.03,Meta Ads,Completed
ORD_10348,CUST_2448,2025-03-04 04:32:00,51.4,16.45,6.23,Email Retention,Completed
ORD_10349,CUST_2224,2025-01-23 10:55:00,117.01,37.44,5.24,Meta Ads,Completed
ORD_10350,CUST_1878,2025-02-23 21:15:00,53.0,16.96,7.68,Email Retention,Completed
ORD_10351,CUST_2093,2025-06-14 01:17:00,101.12,32.36,9.25,Google Ads,Completed
ORD_10352,CUST_2104,2025-03-24 09:11:00,180.15,57.65,9.48,Google Ads,Completed
ORD_10353,CUST_2221,2025-02-19 20:01:00,32.08,10.27,6.38,Meta Ads,Completed
ORD_10354,CUST_2130,2025-06-28 16:11:00,156.64,50.12,7.5,Organic Search,Completed
ORD_10355,CUST_2104,2025-05-16 03:15:00,95.36,30.52,8.78,Google Ads,Completed
ORD_10356,CUST_1391,2025-01-31 03:48:00,47.4,15.17,5.09,Google Ads,Completed
ORD_10357,CUST_1284,2025-06-10 17:59:00,88.33,28.27,7.95,Email Retention,Completed
ORD_10358,CUST_1362,2025-01-23 01:19:00,115.5,36.96,6.54,Organic Search,Completed
ORD_10359,CUST_2477,2025-03-28 17:11:00,56.86,18.2,5.53,Organic Search,Completed
ORD_10360,CUST_1694,2025-03-26 21:59:00,103.7,33.18,6.51,Google Ads,Completed
ORD_10361,CUST_1039,2025-01-23 04:53:00,162.43,51.98,4.88,Meta Ads,Completed
ORD_10362,CUST_1724,2025-02-11 16:48:00,65.65,21.01,7.98,Organic Search,Completed
ORD_10363,CUST_1785,2025-03-14 20:42:00,51.1,16.35,5.76,Google Ads,Completed
ORD_10364,CUST_2175,2025-05-09 18:40:00,79.2,25.34,6.06,Meta Ads,Completed
ORD_10365,CUST_1541,2025-03-01 14:57:00,86.19,27.58,5.11,Meta Ads,Completed
ORD_10366,CUST_1376,2025-04-10 06:06:00,134.13,42.92,8.82,Google Ads,Completed
ORD_10367,CUST_1931,2025-06-18 16:52:00,78.0,24.96,6.97,TikTok Ads,Completed
ORD_10368,CUST_1778,2025-01-05 16:40:00,68.47,21.91,7.36,Meta Ads,Completed
ORD_10369,CUST_2234,2025-03-20 12:21:00,50.47,16.15,7.35,Meta Ads,Completed
ORD_10370,CUST_1617,2025-04-15 14:28:00,34.68,11.1,6.55,TikTok Ads,Completed
ORD_10371,CUST_2356,2025-03-05 10:04:00,43.16,13.81,5.46,Meta Ads,Completed
ORD_10372,CUST_1390,2025-03-10 14:34:00,43.03,13.77,8.23,Organic Search,Completed
ORD_10373,CUST_2053,2025-03-17 23:59:00,74.3,23.78,5.14,Google Ads,Completed
ORD_10374,CUST_1098,2025-04-08 00:21:00,38.06,12.18,5.02,TikTok Ads,Completed
ORD_10375,CUST_1250,2025-06-02 14:56:00,81.91,26.21,8.05,TikTok Ads,Completed
ORD_10376,CUST_1250,2025-05-10 11:39:00,178.36,57.08,5.54,Google Ads,Refunded
ORD_10377,CUST_1383,2025-03-24 18:59:00,135.86,43.48,6.03,Meta Ads,Refunded
ORD_10378,CUST_2028,2025-04-02 00:48:00,73.97,23.67,6.88,Organic Search,Completed
ORD_10379,CUST_1540,2025-05-17 05:41:00,229.06,73.3,6.75,Organic Search,Completed
ORD_10380,CUST_2410,2025-05-08 09:58:00,86.32,27.62,8.04,Google Ads,Completed
ORD_10381,CUST_2451,2025-05-19 03:16:00,91.94,29.42,7.62,Meta Ads,Completed
ORD_10382,CUST_2366,2025-06-15 15:16:00,78.51,25.12,7.72,Meta Ads,Completed
ORD_10383,CUST_2014,2025-05-20 15:17:00,82.73,26.47,8.07,Google Ads,Completed
ORD_10384,CUST_1649,2025-02-07 10:33:00,64.59,20.67,5.96,Meta Ads,Completed
ORD_10385,CUST_1049,2025-05-07 03:19:00,74.47,23.83,6.11,Google Ads,Completed
ORD_10386,CUST_1107,2025-05-03 09:16:00,157.1,50.27,6.69,TikTok Ads,Completed
ORD_10387,CUST_1728,2025-02-19 09:42:00,142.37,45.56,6.04,TikTok Ads,Completed
ORD_10388,CUST_1286,2025-06-01 10:38:00,26.42,8.45,9.42,Meta Ads,Completed
ORD_10389,CUST_1679,2025-05-05 19:49:00,40.3,12.9,8.57,Meta Ads,Completed
ORD_10390,CUST_1645,2025-02-03 00:57:00,57.24,18.32,5.32,Google Ads,Completed
ORD_10391,CUST_2117,2025-05-26 17:31:00,125.89,40.28,4.53,TikTok Ads,Completed
ORD_10392,CUST_2500,2025-03-31 14:37:00,143.78,46.01,4.71,Google Ads,Completed
ORD_10393,CUST_2063,2025-04-08 22:48:00,115.3,36.9,5.72,Google Ads,Completed
ORD_10394,CUST_2339,2025-04-26 02:09:00,47.3,15.14,5.07,Meta Ads,Completed
ORD_10395,CUST_2192,2025-01-12 09:49:00,65.21,20.87,7.17,Meta Ads,Completed
ORD_10396,CUST_1563,2025-02-24 15:01:00,104.5,33.44,8.79,Meta Ads,Completed
ORD_10397,CUST_1654,2025-03-05 20:25:00,75.0,24.0,8.18,Meta Ads,Completed
ORD_10398,CUST_2122,2025-01-23 05:11:00,70.25,22.48,5.58,Meta Ads,Completed
ORD_10399,CUST_1453,2025-02-24 04:35:00,70.73,22.63,6.5,Meta Ads,Completed
ORD_10400,CUST_1213,2025-06-10 17:56:00,137.63,44.04,7.04,Google Ads,Completed
ORD_10401,CUST_1013,2025-03-21 04:00:00,109.24,34.96,8.55,Meta Ads,Completed
ORD_10402,CUST_1242,2025-03-09 15:38:00,72.53,23.21,8.7,Meta Ads,Completed
ORD_10403,CUST_1913,2025-03-27 22:33:00,97.33,31.15,9.05,TikTok Ads,Completed
ORD_10404,CUST_1476,2025-03-23 10:25:00,44.14,14.12,7.05,Organic Search,Refunded
ORD_10405,CUST_1685,2025-04-23 12:50:00,65.27,20.89,7.97,Organic Search,Completed
ORD_10406,CUST_2021,2025-01-25 18:18:00,131.75,42.16,5.06,Meta Ads,Completed
ORD_10407,CUST_1507,2025-04-16 07:54:00,36.85,11.79,7.33,Email Retention,Completed
ORD_10408,CUST_1895,2025-02-01 22:18:00,109.84,35.15,5.74,Meta Ads,Completed
ORD_10409,CUST_1773,2025-05-04 08:55:00,26.27,8.41,6.66,Meta Ads,Completed
ORD_10410,CUST_1626,2025-02-26 06:04:00,168.74,54.0,7.67,TikTok Ads,Completed
ORD_10411,CUST_1073,2025-05-26 21:36:00,64.54,20.65,5.78,Meta Ads,Completed
ORD_10412,CUST_1864,2025-01-14 09:35:00,100.5,32.16,4.76,TikTok Ads,Completed
ORD_10413,CUST_2160,2025-02-22 00:42:00,88.52,28.33,4.55,Google Ads,Completed
ORD_10414,CUST_2421,2025-02-04 07:23:00,89.98,28.79,4.61,Meta Ads,Completed
ORD_10415,CUST_2477,2025-03-21 04:12:00,96.55,30.9,4.54,TikTok Ads,Completed
ORD_10416,CUST_1608,2025-04-10 15:43:00,33.51,10.72,5.05,Email Retention,Completed
ORD_10417,CUST_1558,2025-03-07 00:36:00,90.82,29.06,5.7,Meta Ads,Completed
ORD_10418,CUST_1248,2025-02-24 15:40:00,77.05,24.66,5.61,Email Retention,Completed
ORD_10419,CUST_1348,2025-01-19 21:38:00,64.71,20.71,9.43,Email Retention,Completed
ORD_10420,CUST_2305,2025-06-04 19:55:00,57.23,18.31,6.03,Meta Ads,Completed
ORD_10421,CUST_1053,2025-04-21 06:33:00,91.85,29.39,5.14,Meta Ads,Completed
ORD_10422,CUST_1666,2025-05-24 04:21:00,51.41,16.45,7.23,Meta Ads,Completed
ORD_10423,CUST_2021,2025-04-14 19:40:00,130.71,41.83,8.79,Meta Ads,Completed
ORD_10424,CUST_1228,2025-03-12 22:15:00,103.75,33.2,7.89,Meta Ads,Refunded
ORD_10425,CUST_2227,2025-02-17 13:14:00,94.35,30.19,5.98,TikTok Ads,Completed
ORD_10426,CUST_2136,2025-06-16 17:43:00,128.3,41.06,7.31,TikTok Ads,Completed
ORD_10427,CUST_1063,2025-06-26 11:48:00,30.83,9.87,8.07,TikTok Ads,Completed
ORD_10428,CUST_2143,2025-04-13 11:43:00,43.42,13.89,8.14,Meta Ads,Completed
ORD_10429,CUST_1330,2025-05-17 14:07:00,105.78,33.85,7.83,Google Ads,Completed
ORD_10430,CUST_1292,2025-01-06 14:54:00,58.82,18.82,8.85,Organic Search,Completed
ORD_10431,CUST_2077,2025-01-07 01:18:00,62.39,19.96,8.85,Google Ads,Refunded
ORD_10432,CUST_2187,2025-04-10 09:16:00,40.32,12.9,7.39,Organic Search,Completed
ORD_10433,CUST_2072,2025-02-10 21:27:00,51.48,16.47,6.65,Meta Ads,Completed
ORD_10434,CUST_1364,2025-05-13 00:02:00,131.99,42.24,7.71,Google Ads,Completed
ORD_10435,CUST_1197,2025-01-02 16:04:00,104.68,33.5,8.59,TikTok Ads,Completed
ORD_10436,CUST_2062,2025-04-02 13:26:00,91.39,29.24,4.53,Google Ads,Completed
ORD_10437,CUST_1309,2025-06-23 19:44:00,63.55,20.34,9.46,Email Retention,Completed
ORD_10438,CUST_1521,2025-05-14 12:33:00,88.83,28.43,5.41,Organic Search,Completed
ORD_10439,CUST_2392,2025-03-18 12:55:00,137.08,43.87,6.85,Meta Ads,Completed
ORD_10440,CUST_1005,2025-02-26 12:07:00,59.52,19.05,8.86,Meta Ads,Completed
ORD_10441,CUST_2044,2025-03-11 23:59:00,82.65,26.45,5.63,Organic Search,Completed
ORD_10442,CUST_1794,2025-03-03 12:10:00,173.38,55.48,6.88,Email Retention,Completed
ORD_10443,CUST_1376,2025-01-25 00:53:00,114.64,36.68,5.16,Email Retention,Completed
ORD_10444,CUST_1517,2025-04-21 06:33:00,63.97,20.47,6.48,Email Retention,Completed
ORD_10445,CUST_1705,2025-01-07 22:29:00,110.57,35.38,5.39,Google Ads,Completed
ORD_10446,CUST_1121,2025-05-29 13:18:00,36.54,11.69,6.32,Organic Search,Completed
ORD_10447,CUST_2243,2025-06-28 05:08:00,81.14,25.96,6.37,Meta Ads,Completed
ORD_10448,CUST_1459,2025-06-02 06:14:00,110.52,35.37,9.47,Meta Ads,Completed
ORD_10449,CUST_1423,2025-03-11 11:09:00,99.67,31.89,9.47,Meta Ads,Completed
ORD_10450,CUST_2033,2025-05-09 23:48:00,110.05,35.22,5.07,Organic Search,Completed
ORD_10451,CUST_1185,2025-04-05 00:24:00,120.78,38.65,8.13,Email Retention,Completed
ORD_10452,CUST_1501,2025-02-19 02:02:00,103.15,33.01,4.76,TikTok Ads,Completed
ORD_10453,CUST_1950,2025-01-11 05:52:00,101.84,32.59,4.65,Meta Ads,Completed
ORD_10454,CUST_2005,2025-05-18 07:05:00,92.34,29.55,5.03,TikTok Ads,Completed
ORD_10455,CUST_1489,2025-05-20 06:37:00,48.59,15.55,9.33,Google Ads,Completed
ORD_10456,CUST_1850,2025-05-09 13:52:00,131.97,42.23,9.2,Meta Ads,Completed
ORD_10457,CUST_2437,2025-02-10 14:37:00,82.47,26.39,5.47,Google Ads,Completed
ORD_10458,CUST_1835,2025-01-15 15:43:00,113.38,36.28,5.31,Meta Ads,Completed
ORD_10459,CUST_1910,2025-02-02 01:07:00,126.02,40.33,5.7,Google Ads,Completed
ORD_10460,CUST_2405,2025-02-21 02:16:00,65.49,20.96,7.08,Google Ads,Completed
ORD_10461,CUST_2090,2025-05-30 07:28:00,68.21,21.83,7.35,Google Ads,Completed
ORD_10462,CUST_2378,2025-04-28 18:23:00,72.54,23.21,5.61,Meta Ads,Completed
ORD_10463,CUST_1521,2025-05-05 07:30:00,142.9,45.73,8.28,Google Ads,Completed
ORD_10464,CUST_2333,2025-02-28 06:56:00,53.79,17.21,6.05,Meta Ads,Completed
ORD_10465,CUST_1239,2025-04-22 06:11:00,153.76,49.2,9.11,Meta Ads,Completed
ORD_10466,CUST_1075,2025-03-30 14:03:00,91.88,29.4,7.78,Organic Search,Completed
ORD_10467,CUST_1929,2025-06-10 14:49:00,94.82,30.34,6.68,Email Retention,Completed
ORD_10468,CUST_2261,2025-06-29 20:24:00,123.56,39.54,8.45,Google Ads,Completed
ORD_10469,CUST_1705,2025-06-07 10:56:00,87.24,27.92,8.59,Email Retention,Completed
ORD_10470,CUST_2275,2025-05-27 00:58:00,132.62,42.44,5.95,Organic Search,Completed
ORD_10471,CUST_1359,2025-02-01 20:05:00,65.45,20.94,6.2,Google Ads,Refunded
ORD_10472,CUST_1383,2025-01-13 22:14:00,151.58,48.51,9.18,Email Retention,Completed
ORD_10473,CUST_1392,2025-05-27 08:38:00,67.84,21.71,5.32,Google Ads,Refunded
ORD_10474,CUST_2345,2025-01-16 16:37:00,154.14,49.32,4.71,Meta Ads,Completed
ORD_10475,CUST_1510,2025-03-04 19:38:00,68.7,21.98,6.77,Meta Ads,Completed
ORD_10476,CUST_1917,2025-04-18 10:21:00,73.51,23.52,8.51,TikTok Ads,Completed
ORD_10477,CUST_2274,2025-01-18 14:35:00,50.69,16.22,8.36,Google Ads,Completed
ORD_10478,CUST_2236,2025-01-07 07:17:00,57.54,18.41,9.1,Email Retention,Completed
ORD_10479,CUST_1738,2025-03-07 15:52:00,82.66,26.45,7.17,Google Ads,Completed
ORD_10480,CUST_1158,2025-02-04 05:17:00,93.44,29.9,5.0,Google Ads,Completed
ORD_10481,CUST_1925,2025-01-30 10:24:00,128.38,41.08,7.44,Meta Ads,Completed
ORD_10482,CUST_1935,2025-05-04 13:11:00,75.95,24.3,8.39,Meta Ads,Completed
ORD_10483,CUST_2084,2025-02-13 11:35:00,47.47,15.19,4.97,Google Ads,Completed
ORD_10484,CUST_2362,2025-01-23 03:22:00,99.76,31.92,5.36,Google Ads,Completed
ORD_10485,CUST_1042,2025-02-06 17:28:00,90.64,29.0,4.56,Google Ads,Completed
ORD_10486,CUST_1664,2025-03-21 16:08:00,104.64,33.48,7.47,Google Ads,Completed
ORD_10487,CUST_1536,2025-03-24 01:14:00,61.56,19.7,8.93,Email Retention,Completed
ORD_10488,CUST_1436,2025-04-13 06:50:00,65.0,20.8,7.85,Organic Search,Completed
ORD_10489,CUST_1999,2025-05-12 23:49:00,61.57,19.7,9.41,TikTok Ads,Completed
ORD_10490,CUST_1438,2025-01-02 09:58:00,139.24,44.56,4.82,Google Ads,Completed
ORD_10491,CUST_2030,2025-04-24 07:57:00,152.23,48.71,9.02,Meta Ads,Completed
ORD_10492,CUST_1420,2025-03-05 19:01:00,63.7,20.38,8.57,Google Ads,Completed
ORD_10493,CUST_1237,2025-05-21 01:00:00,64.3,20.58,6.07,Meta Ads,Completed
ORD_10494,CUST_1686,2025-01-21 17:30:00,111.09,35.55,9.37,Organic Search,Completed
ORD_10495,CUST_1883,2025-03-29 07:12:00,159.69,51.1,5.94,TikTok Ads,Completed
ORD_10496,CUST_1747,2025-03-27 15:47:00,174.97,55.99,8.95,Organic Search,Completed
ORD_10497,CUST_1539,2025-06-05 10:07:00,62.35,19.95,8.9,Google Ads,Refunded
ORD_10498,CUST_1226,2025-05-11 14:42:00,69.81,22.34,8.29,TikTok Ads,Completed
ORD_10499,CUST_2268,2025-04-01 15:13:00,95.61,30.6,7.32,Meta Ads,Completed
ORD_10500,CUST_1944,2025-05-09 14:03:00,97.69,31.26,5.1,Email Retention,Completed
ORD_10501,CUST_1688,2025-04-13 02:14:00,77.31,24.74,7.16,Meta Ads,Completed
ORD_10502,CUST_2085,2025-01-17 22:31:00,56.63,18.12,6.28,Organic Search,Completed
ORD_10503,CUST_1008,2025-01-31 16:52:00,82.72,26.47,8.46,Google Ads,Completed
ORD_10504,CUST_1861,2025-04-13 05:32:00,174.89,55.96,8.29,Google Ads,Completed
ORD_10505,CUST_1532,2025-06-27 12:21:00,65.44,20.94,9.05,Meta Ads,Refunded
ORD_10506,CUST_1951,2025-01-26 06:23:00,93.01,29.76,4.57,TikTok Ads,Completed
ORD_10507,CUST_1238,2025-06-11 11:08:00,225.55,72.18,8.55,Email Retention,Completed
ORD_10508,CUST_1555,2025-06-30 18:55:00,65.0,20.8,9.19,TikTok Ads,Completed
ORD_10509,CUST_1366,2025-04-23 12:12:00,113.4,36.29,8.45,Google Ads,Completed
ORD_10510,CUST_1687,2025-04-27 18:23:00,178.21,57.03,5.15,Google Ads,Completed
ORD_10511,CUST_1625,2025-06-09 03:44:00,109.12,34.92,4.91,Meta Ads,Completed
ORD_10512,CUST_1848,2025-01-18 22:16:00,134.91,43.17,4.6,Google Ads,Completed
ORD_10513,CUST_1581,2025-02-08 18:38:00,120.11,38.44,7.64,Meta Ads,Completed
ORD_10514,CUST_1266,2025-03-25 23:59:00,105.31,33.7,7.65,Meta Ads,Completed
ORD_10515,CUST_1502,2025-03-27 22:52:00,150.02,48.01,9.43,Meta Ads,Completed
ORD_10516,CUST_1487,2025-01-12 18:30:00,111.83,35.79,6.49,Google Ads,Completed
ORD_10517,CUST_2226,2025-03-08 21:12:00,77.67,24.85,6.16,Meta Ads,Refunded
ORD_10518,CUST_1644,2025-06-22 06:22:00,89.84,28.75,7.62,Google Ads,Refunded
ORD_10519,CUST_1606,2025-01-31 11:07:00,99.17,31.73,8.63,Meta Ads,Completed
ORD_10520,CUST_2217,2025-04-30 09:07:00,69.61,22.28,9.18,Meta Ads,Completed
ORD_10521,CUST_2349,2025-04-09 16:17:00,91.65,29.33,8.52,Meta Ads,Completed
ORD_10522,CUST_1846,2025-02-01 13:15:00,85.82,27.46,6.63,Meta Ads,Completed
ORD_10523,CUST_1833,2025-06-22 03:14:00,111.68,35.74,7.67,TikTok Ads,Completed
ORD_10524,CUST_2475,2025-06-23 08:54:00,199.32,63.78,8.78,Organic Search,Completed
ORD_10525,CUST_2068,2025-05-03 15:28:00,94.08,30.11,6.95,Google Ads,Completed
ORD_10526,CUST_1509,2025-05-15 12:43:00,161.48,51.67,5.58,TikTok Ads,Completed
ORD_10527,CUST_2330,2025-04-07 08:31:00,109.92,35.17,5.35,Meta Ads,Completed
ORD_10528,CUST_1317,2025-04-29 05:17:00,91.47,29.27,4.5,Meta Ads,Completed
ORD_10529,CUST_1900,2025-05-15 11:48:00,67.81,21.7,8.09,Email Retention,Completed
ORD_10530,CUST_1107,2025-04-09 17:43:00,91.78,29.37,5.06,Organic Search,Completed
ORD_10531,CUST_2009,2025-02-06 10:53:00,89.28,28.57,5.72,Meta Ads,Completed
ORD_10532,CUST_1351,2025-06-11 19:51:00,59.61,19.08,5.99,Meta Ads,Completed
ORD_10533,CUST_1686,2025-05-08 18:58:00,64.09,20.51,7.3,Meta Ads,Completed
ORD_10534,CUST_1663,2025-01-14 03:30:00,99.54,31.85,6.49,Meta Ads,Refunded
ORD_10535,CUST_1877,2025-01-10 19:18:00,160.76,51.44,7.87,Organic Search,Completed
ORD_10536,CUST_1692,2025-01-11 14:32:00,81.47,26.07,4.78,Email Retention,Completed
ORD_10537,CUST_1087,2025-04-20 15:09:00,39.34,12.59,5.12,Meta Ads,Completed
ORD_10538,CUST_1773,2025-05-17 06:15:00,24.23,7.75,7.0,Meta Ads,Completed
ORD_10539,CUST_1018,2025-06-26 23:37:00,50.22,16.07,6.18,TikTok Ads,Completed
ORD_10540,CUST_2242,2025-04-19 06:28:00,114.66,36.69,5.98,Google Ads,Completed
ORD_10541,CUST_1394,2025-01-30 03:10:00,43.4,13.89,4.84,Meta Ads,Completed
ORD_10542,CUST_1733,2025-04-13 20:21:00,122.7,39.26,8.98,TikTok Ads,Completed
ORD_10543,CUST_2401,2025-03-24 14:52:00,111.9,35.81,7.96,Meta Ads,Refunded
ORD_10544,CUST_1226,2025-01-11 08:23:00,80.2,25.66,5.11,Google Ads,Completed
ORD_10545,CUST_1227,2025-03-18 17:59:00,37.55,12.02,4.83,Meta Ads,Completed
ORD_10546,CUST_1140,2025-01-30 16:21:00,59.87,19.16,9.37,Google Ads,Completed
ORD_10547,CUST_1611,2025-03-24 10:32:00,74.96,23.99,7.91,Organic Search,Completed
ORD_10548,CUST_1680,2025-03-26 06:59:00,98.45,31.5,6.59,Google Ads,Completed
ORD_10549,CUST_2125,2025-01-11 15:39:00,44.13,14.12,8.01,Meta Ads,Completed
ORD_10550,CUST_1249,2025-05-13 11:29:00,153.58,49.15,8.28,Meta Ads,Completed
ORD_10551,CUST_2228,2025-03-19 13:54:00,98.04,31.37,8.4,Google Ads,Completed
ORD_10552,CUST_2129,2025-04-22 03:27:00,103.04,32.97,6.89,TikTok Ads,Completed
ORD_10553,CUST_1218,2025-03-18 06:30:00,111.55,35.7,6.65,Organic Search,Completed
ORD_10554,CUST_1470,2025-05-02 18:36:00,147.01,47.04,4.56,Meta Ads,Completed
ORD_10555,CUST_1422,2025-05-06 13:54:00,91.88,29.4,9.13,Meta Ads,Completed
ORD_10556,CUST_1404,2025-04-20 06:50:00,114.7,36.7,7.52,Google Ads,Completed
ORD_10557,CUST_2296,2025-05-01 23:19:00,60.35,19.31,5.52,Email Retention,Completed
ORD_10558,CUST_2131,2025-01-22 13:34:00,175.29,56.09,9.1,Organic Search,Completed
ORD_10559,CUST_1393,2025-03-23 01:19:00,89.08,28.51,9.07,TikTok Ads,Completed
ORD_10560,CUST_1030,2025-03-21 07:32:00,60.2,19.26,9.45,Email Retention,Completed
ORD_10561,CUST_2331,2025-02-27 04:22:00,67.82,21.7,8.87,Meta Ads,Refunded
ORD_10562,CUST_1183,2025-03-29 20:46:00,29.87,9.56,9.49,TikTok Ads,Completed
ORD_10563,CUST_2460,2025-06-08 05:41:00,67.61,21.64,5.72,Google Ads,Completed
ORD_10564,CUST_1289,2025-03-01 07:38:00,20.61,6.6,8.71,TikTok Ads,Completed
ORD_10565,CUST_2275,2025-04-21 14:44:00,118.41,37.89,8.62,Meta Ads,Completed
ORD_10566,CUST_1697,2025-06-22 15:07:00,101.65,32.53,5.65,TikTok Ads,Completed
ORD_10567,CUST_2263,2025-02-25 08:30:00,51.73,16.55,4.99,Meta Ads,Completed
ORD_10568,CUST_1409,2025-02-11 06:19:00,82.16,26.29,9.4,Meta Ads,Completed
ORD_10569,CUST_1937,2025-05-17 15:13:00,83.86,26.84,5.98,TikTok Ads,Completed
ORD_10570,CUST_1504,2025-06-25 20:30:00,46.53,14.89,8.85,Meta Ads,Completed
ORD_10571,CUST_2158,2025-05-07 03:03:00,75.7,24.22,4.52,Meta Ads,Completed
ORD_10572,CUST_2414,2025-05-01 23:35:00,85.05,27.22,4.61,Organic Search,Completed
ORD_10573,CUST_1556,2025-04-14 02:08:00,74.75,23.92,6.83,Meta Ads,Completed
ORD_10574,CUST_1994,2025-05-08 11:12:00,60.17,19.25,5.69,Meta Ads,Refunded
ORD_10575,CUST_2302,2025-01-18 10:37:00,50.76,16.24,7.95,Meta Ads,Completed
ORD_10576,CUST_2164,2025-03-06 06:14:00,73.54,23.53,7.33,TikTok Ads,Completed
ORD_10577,CUST_1160,2025-02-27 13:43:00,63.69,20.38,4.89,Organic Search,Completed
ORD_10578,CUST_1758,2025-03-07 16:21:00,108.29,34.65,5.31,Meta Ads,Completed
ORD_10579,CUST_1614,2025-04-12 13:34:00,151.01,48.32,6.44,Email Retention,Completed
ORD_10580,CUST_2470,2025-03-09 10:12:00,125.33,40.11,5.43,Google Ads,Refunded
ORD_10581,CUST_1328,2025-01-07 10:05:00,86.34,27.63,8.46,Meta Ads,Completed
ORD_10582,CUST_2273,2025-06-05 18:20:00,61.27,19.61,6.58,Meta Ads,Completed
ORD_10583,CUST_2302,2025-05-24 18:01:00,123.84,39.63,4.97,Meta Ads,Completed
ORD_10584,CUST_1112,2025-03-06 04:06:00,111.2,35.58,6.92,Google Ads,Completed
ORD_10585,CUST_1680,2025-03-18 04:20:00,146.34,46.83,4.95,Email Retention,Completed
ORD_10586,CUST_1570,2025-02-20 10:49:00,91.92,29.41,5.14,Meta Ads,Completed
ORD_10587,CUST_1509,2025-04-27 08:32:00,171.2,54.78,5.7,Meta Ads,Refunded
ORD_10588,CUST_1720,2025-06-10 03:42:00,91.93,29.42,8.8,Google Ads,Completed
ORD_10589,CUST_2243,2025-01-19 15:47:00,61.13,19.56,9.12,Meta Ads,Completed
ORD_10590,CUST_1586,2025-03-08 07:15:00,66.55,21.3,8.63,Google Ads,Completed
ORD_10591,CUST_1853,2025-02-19 00:34:00,106.01,33.92,6.17,Meta Ads,Completed
ORD_10592,CUST_1093,2025-02-23 23:17:00,63.61,20.36,5.86,Meta Ads,Completed
ORD_10593,CUST_1931,2025-03-10 10:39:00,170.67,54.61,7.25,Organic Search,Completed
ORD_10594,CUST_2161,2025-02-17 00:39:00,102.13,32.68,8.11,Meta Ads,Completed
ORD_10595,CUST_1512,2025-06-05 19:03:00,85.49,27.36,9.47,Meta Ads,Completed
ORD_10596,CUST_1650,2025-04-23 03:55:00,88.75,28.4,5.16,Google Ads,Completed
ORD_10597,CUST_1131,2025-06-11 13:13:00,74.38,23.8,4.75,Organic Search,Completed
ORD_10598,CUST_1781,2025-03-30 09:20:00,34.39,11.0,7.97,Organic Search,Completed
ORD_10599,CUST_1788,2025-04-18 08:36:00,66.58,21.31,8.66,Google Ads,Completed
ORD_10600,CUST_2356,2025-06-18 02:20:00,161.27,51.61,8.73,Google Ads,Completed
ORD_10601,CUST_1219,2025-01-22 11:43:00,93.03,29.77,7.89,TikTok Ads,Completed
ORD_10602,CUST_1847,2025-01-27 16:50:00,131.65,42.13,9.27,Meta Ads,Completed
ORD_10603,CUST_1937,2025-04-21 04:01:00,133.31,42.66,7.06,Meta Ads,Completed
ORD_10604,CUST_2490,2025-06-09 16:59:00,82.51,26.4,9.07,Google Ads,Completed
ORD_10605,CUST_2442,2025-03-02 23:42:00,112.0,35.84,9.34,Meta Ads,Completed
ORD_10606,CUST_1199,2025-06-17 16:09:00,36.4,11.65,8.74,TikTok Ads,Completed
ORD_10607,CUST_1691,2025-03-23 06:48:00,155.49,49.76,6.05,Google Ads,Completed
ORD_10608,CUST_1980,2025-01-06 19:15:00,149.9,47.97,5.48,Google Ads,Completed
ORD_10609,CUST_1017,2025-03-13 01:14:00,104.71,33.51,7.24,Organic Search,Completed
ORD_10610,CUST_1312,2025-05-27 07:27:00,94.55,30.26,6.77,Google Ads,Completed
ORD_10611,CUST_1120,2025-06-29 21:53:00,83.01,26.56,8.89,Meta Ads,Completed
ORD_10612,CUST_2463,2025-04-28 16:19:00,138.35,44.27,5.0,Organic Search,Completed
ORD_10613,CUST_1949,2025-02-23 03:20:00,117.72,37.67,5.79,Google Ads,Completed
ORD_10614,CUST_1345,2025-06-10 04:04:00,14.79,4.73,8.26,Google Ads,Completed
ORD_10615,CUST_1668,2025-04-27 07:02:00,70.68,22.62,4.97,Email Retention,Completed
ORD_10616,CUST_2051,2025-01-04 03:27:00,47.55,15.22,6.1,Meta Ads,Completed
ORD_10617,CUST_1082,2025-06-22 08:53:00,43.04,13.77,6.44,TikTok Ads,Completed
ORD_10618,CUST_1014,2025-05-21 22:51:00,137.71,44.07,7.61,Meta Ads,Completed
ORD_10619,CUST_1328,2025-02-02 01:34:00,82.19,26.3,5.29,TikTok Ads,Completed
ORD_10620,CUST_1116,2025-03-27 07:29:00,103.95,33.26,8.8,Google Ads,Completed
ORD_10621,CUST_2477,2025-05-08 13:50:00,87.02,27.85,6.74,Meta Ads,Completed
ORD_10622,CUST_1785,2025-01-21 03:39:00,43.34,13.87,9.09,Meta Ads,Completed
ORD_10623,CUST_1658,2025-03-02 00:57:00,36.85,11.79,6.84,Organic Search,Completed
ORD_10624,CUST_1408,2025-06-19 01:41:00,68.43,21.9,5.88,Meta Ads,Refunded
ORD_10625,CUST_1430,2025-05-19 03:53:00,71.16,22.77,5.21,Organic Search,Completed
ORD_10626,CUST_1438,2025-04-03 21:14:00,71.14,22.76,4.52,Meta Ads,Completed
ORD_10627,CUST_2445,2025-01-13 22:31:00,72.1,23.07,7.16,TikTok Ads,Completed
ORD_10628,CUST_2354,2025-05-24 06:16:00,193.39,61.88,5.04,TikTok Ads,Completed
ORD_10629,CUST_2365,2025-01-10 13:54:00,130.77,41.85,6.46,Meta Ads,Completed
ORD_10630,CUST_2400,2025-05-11 11:03:00,93.63,29.96,7.45,Organic Search,Completed
ORD_10631,CUST_1579,2025-05-06 01:59:00,81.25,26.0,5.88,Google Ads,Completed
ORD_10632,CUST_1352,2025-06-14 06:14:00,82.56,26.42,5.38,TikTok Ads,Completed
ORD_10633,CUST_2002,2025-01-26 03:06:00,115.83,37.07,8.37,Google Ads,Completed
ORD_10634,CUST_2405,2025-04-06 10:54:00,80.9,25.89,9.23,Organic Search,Completed
ORD_10635,CUST_1207,2025-03-03 17:00:00,124.91,39.97,5.0,Meta Ads,Completed
ORD_10636,CUST_2066,2025-06-15 07:18:00,98.21,31.43,5.28,Google Ads,Refunded
ORD_10637,CUST_1675,2025-06-25 22:41:00,194.18,62.14,9.3,Google Ads,Completed
ORD_10638,CUST_2159,2025-02-12 03:43:00,78.69,25.18,4.69,Google Ads,Completed
ORD_10639,CUST_1070,2025-05-25 19:07:00,134.88,43.16,9.39,Email Retention,Completed
ORD_10640,CUST_1362,2025-03-10 19:08:00,49.71,15.91,4.52,Email Retention,Completed
ORD_10641,CUST_2016,2025-01-13 11:52:00,62.0,19.84,8.87,Meta Ads,Completed
ORD_10642,CUST_2041,2025-04-11 13:34:00,182.57,58.42,6.04,Meta Ads,Completed
ORD_10643,CUST_2208,2025-03-26 12:06:00,122.58,39.23,9.19,TikTok Ads,Completed
ORD_10644,CUST_1884,2025-05-27 16:50:00,104.79,33.53,6.08,Google Ads,Completed
ORD_10645,CUST_2429,2025-04-23 09:20:00,216.4,69.25,7.77,Organic Search,Refunded
ORD_10646,CUST_2022,2025-04-08 14:01:00,81.78,26.17,4.9,Meta Ads,Completed
ORD_10647,CUST_1516,2025-02-20 14:21:00,134.74,43.12,5.71,Google Ads,Completed
ORD_10648,CUST_1457,2025-04-04 23:37:00,139.13,44.52,8.37,TikTok Ads,Completed
ORD_10649,CUST_1247,2025-06-22 05:13:00,164.87,52.76,7.14,Google Ads,Completed
ORD_10650,CUST_1439,2025-01-01 04:29:00,46.84,14.99,9.14,Organic Search,Completed
ORD_10651,CUST_1309,2025-05-03 09:52:00,81.53,26.09,6.64,Organic Search,Completed
ORD_10652,CUST_1148,2025-02-12 10:24:00,97.44,31.18,8.85,TikTok Ads,Refunded
ORD_10653,CUST_1930,2025-05-18 15:55:00,163.67,52.37,6.74,Organic Search,Completed
ORD_10654,CUST_1374,2025-01-22 09:07:00,102.9,32.93,9.4,Google Ads,Completed
ORD_10655,CUST_2470,2025-06-19 10:49:00,139.26,44.56,9.3,Meta Ads,Completed
ORD_10656,CUST_1580,2025-02-01 17:32:00,44.74,14.32,6.15,TikTok Ads,Completed
ORD_10657,CUST_2243,2025-02-05 22:34:00,72.95,23.34,8.93,Meta Ads,Completed
ORD_10658,CUST_2363,2025-05-13 06:05:00,149.65,47.89,8.74,Google Ads,Refunded
ORD_10659,CUST_1356,2025-02-09 17:20:00,77.45,24.78,5.55,Meta Ads,Completed
ORD_10660,CUST_2154,2025-01-24 22:02:00,84.61,27.08,7.62,Google Ads,Completed
ORD_10661,CUST_1679,2025-03-27 04:35:00,162.51,52.0,4.86,Meta Ads,Completed
ORD_10662,CUST_1031,2025-04-25 15:01:00,55.18,17.66,8.68,Organic Search,Refunded
ORD_10663,CUST_1257,2025-02-02 12:56:00,61.52,19.69,5.37,TikTok Ads,Completed
ORD_10664,CUST_2359,2025-01-24 21:08:00,42.34,13.55,4.85,Meta Ads,Completed
ORD_10665,CUST_2314,2025-01-18 17:53:00,165.39,52.92,6.5,TikTok Ads,Completed
ORD_10666,CUST_2339,2025-01-25 17:07:00,129.7,41.5,7.38,TikTok Ads,Completed
ORD_10667,CUST_2270,2025-01-24 09:52:00,128.25,41.04,8.77,Google Ads,Completed
ORD_10668,CUST_1108,2025-01-15 09:59:00,71.99,23.04,9.37,Google Ads,Completed
ORD_10669,CUST_1408,2025-05-03 18:13:00,40.72,13.03,6.7,TikTok Ads,Completed
ORD_10670,CUST_1188,2025-05-24 05:37:00,34.89,11.16,4.8,Meta Ads,Completed
ORD_10671,CUST_1541,2025-05-31 16:28:00,150.14,48.04,8.25,Organic Search,Completed
ORD_10672,CUST_1273,2025-02-19 06:48:00,107.89,34.52,7.33,Meta Ads,Completed
ORD_10673,CUST_1038,2025-02-25 15:29:00,117.1,37.47,6.74,Google Ads,Refunded
ORD_10674,CUST_2046,2025-01-28 18:26:00,95.42,30.53,6.05,Google Ads,Completed
ORD_10675,CUST_2321,2025-01-14 15:54:00,57.96,18.55,7.01,Meta Ads,Completed
ORD_10676,CUST_2312,2025-03-21 16:53:00,73.55,23.54,6.19,Meta Ads,Completed
ORD_10677,CUST_1096,2025-05-12 12:14:00,51.12,16.36,8.29,Organic Search,Completed
ORD_10678,CUST_1160,2025-01-09 04:06:00,47.98,15.35,7.22,TikTok Ads,Completed
ORD_10679,CUST_1529,2025-01-07 14:42:00,125.01,40.0,8.88,Email Retention,Completed
ORD_10680,CUST_1738,2025-01-07 16:56:00,36.54,11.69,7.22,Email Retention,Completed
ORD_10681,CUST_2399,2025-01-10 17:27:00,51.3,16.42,5.69,Meta Ads,Completed
ORD_10682,CUST_2082,2025-04-05 09:55:00,75.56,24.18,8.76,TikTok Ads,Completed
ORD_10683,CUST_1010,2025-01-30 21:17:00,88.16,28.21,7.29,Meta Ads,Completed
ORD_10684,CUST_2134,2025-06-16 21:26:00,42.07,13.46,5.53,Google Ads,Completed
ORD_10685,CUST_2180,2025-03-10 22:22:00,36.04,11.53,7.62,Meta Ads,Completed
ORD_10686,CUST_2081,2025-02-04 19:46:00,102.32,32.74,6.29,Meta Ads,Completed
ORD_10687,CUST_1887,2025-02-14 03:56:00,93.01,29.76,8.72,TikTok Ads,Completed
ORD_10688,CUST_1608,2025-05-09 06:29:00,148.99,47.68,6.77,Meta Ads,Completed
ORD_10689,CUST_2242,2025-04-20 16:15:00,88.85,28.43,8.13,Google Ads,Completed
ORD_10690,CUST_2106,2025-02-17 04:21:00,106.95,34.22,4.98,Meta Ads,Refunded
ORD_10691,CUST_1128,2025-05-02 03:57:00,59.55,19.06,6.48,Meta Ads,Completed
ORD_10692,CUST_1884,2025-05-19 14:01:00,60.77,19.45,9.42,Meta Ads,Completed
ORD_10693,CUST_1434,2025-05-18 18:31:00,44.32,14.18,8.54,Meta Ads,Completed
ORD_10694,CUST_2134,2025-05-06 16:38:00,59.83,19.15,5.3,Email Retention,Completed
ORD_10695,CUST_1090,2025-04-18 10:22:00,73.05,23.38,5.89,Meta Ads,Completed
ORD_10696,CUST_1212,2025-03-20 07:33:00,142.46,45.59,6.15,Organic Search,Completed
ORD_10697,CUST_1185,2025-04-09 16:13:00,55.52,17.77,7.75,Google Ads,Completed
ORD_10698,CUST_1077,2025-02-04 22:11:00,198.07,63.38,8.28,Meta Ads,Completed
ORD_10699,CUST_1985,2025-03-25 06:59:00,111.13,35.56,8.25,Google Ads,Completed
ORD_10700,CUST_1897,2025-02-28 01:43:00,101.14,32.36,7.05,Meta Ads,Completed
ORD_10701,CUST_1261,2025-04-02 10:41:00,85.72,27.43,8.55,TikTok Ads,Completed
ORD_10702,CUST_2234,2025-03-01 00:01:00,78.41,25.09,6.69,Google Ads,Completed
ORD_10703,CUST_1320,2025-05-23 12:57:00,64.13,20.52,5.12,Google Ads,Completed
ORD_10704,CUST_1346,2025-02-15 00:52:00,41.2,13.18,7.32,Email Retention,Completed
ORD_10705,CUST_2363,2025-01-19 14:27:00,56.46,18.07,9.26,Email Retention,Refunded
ORD_10706,CUST_1993,2025-05-24 04:50:00,165.22,52.87,8.46,Organic Search,Refunded
ORD_10707,CUST_1249,2025-04-09 16:40:00,108.12,34.6,7.39,Meta Ads,Completed
ORD_10708,CUST_1186,2025-03-03 14:39:00,164.56,52.66,7.73,Google Ads,Completed
ORD_10709,CUST_1831,2025-01-28 15:48:00,63.35,20.27,9.15,Google Ads,Completed
ORD_10710,CUST_1213,2025-01-11 02:10:00,50.4,16.13,6.64,Email Retention,Completed
ORD_10711,CUST_1043,2025-06-04 20:39:00,85.33,27.31,6.16,Google Ads,Completed
ORD_10712,CUST_1230,2025-05-26 00:41:00,57.48,18.39,9.39,Meta Ads,Completed
ORD_10713,CUST_1320,2025-02-21 15:29:00,93.42,29.89,8.82,Email Retention,Completed
ORD_10714,CUST_1918,2025-02-20 15:03:00,36.86,11.8,6.12,Meta Ads,Completed
ORD_10715,CUST_1290,2025-05-12 17:22:00,27.88,8.92,6.82,Meta Ads,Completed
ORD_10716,CUST_2112,2025-06-06 22:33:00,99.4,31.81,6.58,Meta Ads,Completed
ORD_10717,CUST_1274,2025-02-14 04:57:00,167.27,53.53,5.25,Google Ads,Completed
ORD_10718,CUST_1831,2025-03-25 20:41:00,101.37,32.44,9.29,TikTok Ads,Completed
ORD_10719,CUST_1139,2025-05-30 14:04:00,107.63,34.44,6.52,Meta Ads,Completed
ORD_10720,CUST_1497,2025-04-11 16:42:00,86.99,27.84,8.88,Meta Ads,Completed
ORD_10721,CUST_2294,2025-03-26 07:34:00,90.76,29.04,5.45,TikTok Ads,Completed
ORD_10722,CUST_1709,2025-05-25 04:33:00,40.15,12.85,7.24,Meta Ads,Completed
ORD_10723,CUST_2048,2025-02-07 01:56:00,58.52,18.73,4.62,Meta Ads,Completed
ORD_10724,CUST_1040,2025-02-17 20:37:00,141.82,45.38,8.32,Meta Ads,Completed
ORD_10725,CUST_1053,2025-06-23 14:04:00,48.28,15.45,7.4,Organic Search,Completed
ORD_10726,CUST_2357,2025-05-09 15:06:00,72.29,23.13,7.63,Email Retention,Completed
ORD_10727,CUST_2081,2025-06-07 01:37:00,140.55,44.98,4.76,TikTok Ads,Completed
ORD_10728,CUST_2173,2025-04-12 02:50:00,89.63,28.68,5.56,Meta Ads,Completed
ORD_10729,CUST_1060,2025-02-20 13:33:00,91.69,29.34,4.87,TikTok Ads,Completed
ORD_10730,CUST_1870,2025-01-27 23:04:00,72.54,23.21,5.94,Meta Ads,Completed
ORD_10731,CUST_1744,2025-05-25 20:51:00,114.65,36.69,7.64,Organic Search,Completed
ORD_10732,CUST_1950,2025-02-21 06:59:00,126.96,40.63,7.33,Google Ads,Completed
ORD_10733,CUST_1706,2025-01-07 03:47:00,56.99,18.24,7.56,Google Ads,Completed
ORD_10734,CUST_2364,2025-01-20 09:23:00,42.14,13.48,7.25,TikTok Ads,Completed
ORD_10735,CUST_1707,2025-05-05 19:35:00,30.92,9.89,5.87,Organic Search,Completed
ORD_10736,CUST_1842,2025-03-29 12:49:00,105.34,33.71,5.72,Organic Search,Completed
ORD_10737,CUST_1419,2025-06-10 19:46:00,100.03,32.01,5.19,TikTok Ads,Completed
ORD_10738,CUST_1742,2025-02-23 09:15:00,223.01,71.36,8.75,Meta Ads,Completed
ORD_10739,CUST_1220,2025-02-15 20:37:00,87.22,27.91,7.58,Meta Ads,Completed
ORD_10740,CUST_2492,2025-03-12 04:46:00,80.21,25.67,5.43,Google Ads,Refunded
ORD_10741,CUST_1655,2025-03-07 06:37:00,94.83,30.35,5.39,TikTok Ads,Completed
ORD_10742,CUST_1880,2025-06-14 01:34:00,97.14,31.08,8.87,Google Ads,Completed
ORD_10743,CUST_1450,2025-03-11 13:54:00,77.38,24.76,8.21,Meta Ads,Completed
ORD_10744,CUST_1251,2025-06-17 03:37:00,57.91,18.53,7.8,Google Ads,Completed
ORD_10745,CUST_1459,2025-05-24 09:24:00,85.1,27.23,6.53,Meta Ads,Completed
ORD_10746,CUST_1965,2025-04-27 14:32:00,83.65,26.77,5.81,Email Retention,Completed
ORD_10747,CUST_1909,2025-05-02 00:44:00,83.03,26.57,9.4,Meta Ads,Completed
ORD_10748,CUST_1447,2025-06-16 01:19:00,119.98,38.39,8.49,Meta Ads,Completed
ORD_10749,CUST_1799,2025-06-07 12:09:00,84.4,27.01,6.01,Email Retention,Refunded
ORD_10750,CUST_2174,2025-01-13 15:04:00,42.62,13.64,8.74,Meta Ads,Completed
ORD_10751,CUST_1402,2025-02-22 18:01:00,62.46,19.99,8.29,Meta Ads,Completed
ORD_10752,CUST_2377,2025-03-17 20:03:00,76.94,24.62,5.99,Meta Ads,Completed
ORD_10753,CUST_1039,2025-01-06 10:23:00,86.22,27.59,6.63,Organic Search,Completed
ORD_10754,CUST_1843,2025-03-24 09:16:00,106.33,34.03,5.43,TikTok Ads,Completed
ORD_10755,CUST_1273,2025-04-21 18:03:00,86.53,27.69,5.06,TikTok Ads,Completed
ORD_10756,CUST_1506,2025-03-20 18:52:00,28.22,9.03,8.11,Google Ads,Completed
ORD_10757,CUST_1773,2025-02-06 22:25:00,45.2,14.46,5.84,Meta Ads,Completed
ORD_10758,CUST_1071,2025-03-31 06:42:00,109.55,35.06,8.6,Meta Ads,Completed
ORD_10759,CUST_1548,2025-04-29 15:09:00,75.97,24.31,9.48,TikTok Ads,Refunded
ORD_10760,CUST_1520,2025-06-19 23:27:00,89.91,28.77,4.88,Meta Ads,Completed
ORD_10761,CUST_1552,2025-01-08 12:14:00,71.56,22.9,6.87,Google Ads,Completed
ORD_10762,CUST_2164,2025-03-10 19:40:00,62.33,19.95,8.51,Google Ads,Completed
ORD_10763,CUST_2478,2025-02-23 06:06:00,72.78,23.29,8.44,Google Ads,Completed
ORD_10764,CUST_1143,2025-06-17 05:52:00,90.4,28.93,8.3,Meta Ads,Completed
ORD_10765,CUST_2412,2025-04-27 19:10:00,84.12,26.92,6.24,Meta Ads,Completed
ORD_10766,CUST_2000,2025-06-22 06:49:00,126.6,40.51,6.77,Meta Ads,Completed
ORD_10767,CUST_2488,2025-06-03 23:44:00,38.48,12.31,7.47,Organic Search,Completed
ORD_10768,CUST_1248,2025-01-17 00:48:00,41.27,13.21,9.37,Meta Ads,Completed
ORD_10769,CUST_1309,2025-04-23 22:09:00,75.56,24.18,6.14,Meta Ads,Completed
ORD_10770,CUST_2460,2025-01-14 23:26:00,106.86,34.2,9.12,Google Ads,Completed
ORD_10771,CUST_1774,2025-04-15 07:53:00,117.11,37.48,5.85,Meta Ads,Completed
ORD_10772,CUST_1509,2025-01-10 11:56:00,63.52,20.33,9.45,Meta Ads,Completed
ORD_10773,CUST_2214,2025-05-02 21:44:00,18.16,5.81,7.85,TikTok Ads,Completed
ORD_10774,CUST_1997,2025-05-03 18:24:00,64.5,20.64,6.82,Meta Ads,Completed
ORD_10775,CUST_1778,2025-03-01 09:42:00,100.17,32.05,7.57,Meta Ads,Completed
ORD_10776,CUST_2050,2025-04-05 06:32:00,83.41,26.69,5.86,Meta Ads,Completed
ORD_10777,CUST_2406,2025-03-25 15:17:00,108.6,34.75,5.87,TikTok Ads,Completed
ORD_10778,CUST_2296,2025-02-18 02:49:00,139.65,44.69,5.07,Meta Ads,Completed
ORD_10779,CUST_2160,2025-06-11 03:24:00,77.99,24.96,5.07,Google Ads,Completed
ORD_10780,CUST_2209,2025-06-19 11:57:00,67.92,21.73,6.24,Organic Search,Completed
ORD_10781,CUST_2317,2025-04-20 11:23:00,54.08,17.31,8.31,Google Ads,Completed
ORD_10782,CUST_2130,2025-01-16 12:45:00,41.15,13.17,7.54,TikTok Ads,Completed
ORD_10783,CUST_1068,2025-04-13 12:33:00,35.58,11.39,5.01,Meta Ads,Completed
ORD_10784,CUST_2408,2025-03-18 20:27:00,60.58,19.39,8.76,TikTok Ads,Completed
ORD_10785,CUST_1516,2025-05-19 05:02:00,131.27,42.01,7.51,Google Ads,Completed
ORD_10786,CUST_1979,2025-02-02 18:20:00,113.21,36.23,9.3,Google Ads,Completed
ORD_10787,CUST_1001,2025-04-30 06:47:00,66.42,21.25,7.85,Meta Ads,Completed
ORD_10788,CUST_1523,2025-03-24 01:27:00,198.91,63.65,5.38,Email Retention,Completed
ORD_10789,CUST_1205,2025-03-02 10:04:00,62.58,20.03,6.87,Meta Ads,Completed
ORD_10790,CUST_1119,2025-05-06 23:19:00,145.47,46.55,7.74,Email Retention,Completed
ORD_10791,CUST_2311,2025-04-14 21:10:00,160.52,51.37,4.64,Meta Ads,Completed
ORD_10792,CUST_2280,2025-03-24 15:20:00,103.19,33.02,4.57,Organic Search,Completed
ORD_10793,CUST_1103,2025-01-06 05:09:00,60.31,19.3,5.15,Google Ads,Completed
ORD_10794,CUST_1505,2025-02-14 10:49:00,70.58,22.59,5.76,TikTok Ads,Completed
ORD_10795,CUST_1572,2025-03-17 07:27:00,91.39,29.24,6.65,Organic Search,Completed
ORD_10796,CUST_1715,2025-03-14 16:16:00,41.75,13.36,6.94,Meta Ads,Completed
ORD_10797,CUST_1171,2025-05-24 03:36:00,51.6,16.51,5.19,Meta Ads,Completed
ORD_10798,CUST_1267,2025-05-01 16:44:00,49.51,15.84,7.87,Meta Ads,Completed
ORD_10799,CUST_2261,2025-03-12 14:43:00,106.64,34.12,7.48,Meta Ads,Completed
ORD_10800,CUST_1168,2025-03-12 17:33:00,139.06,44.5,5.97,Meta Ads,Completed
ORD_10801,CUST_2195,2025-01-18 13:45:00,115.17,36.85,4.57,Meta Ads,Completed
ORD_10802,CUST_1667,2025-03-30 01:40:00,128.99,41.28,4.89,TikTok Ads,Completed
ORD_10803,CUST_1574,2025-06-10 00:39:00,57.88,18.52,6.46,Meta Ads,Completed
ORD_10804,CUST_1854,2025-01-20 23:29:00,72.07,23.06,5.27,Google Ads,Completed
ORD_10805,CUST_1352,2025-03-22 03:49:00,74.62,23.88,6.38,Meta Ads,Completed
ORD_10806,CUST_1570,2025-05-14 16:27:00,103.0,32.96,7.64,Meta Ads,Completed
ORD_10807,CUST_1849,2025-06-04 08:38:00,61.38,19.64,7.24,Google Ads,Completed
ORD_10808,CUST_1849,2025-04-15 17:03:00,125.49,40.16,5.66,TikTok Ads,Completed
ORD_10809,CUST_2084,2025-03-09 20:25:00,158.55,50.74,6.22,Email Retention,Completed
ORD_10810,CUST_2045,2025-01-21 04:43:00,105.33,33.71,7.57,Meta Ads,Completed
ORD_10811,CUST_1454,2025-06-02 16:14:00,70.59,22.59,8.8,Meta Ads,Completed
ORD_10812,CUST_2418,2025-01-30 04:15:00,55.41,17.73,8.27,Meta Ads,Completed
ORD_10813,CUST_1138,2025-04-05 06:56:00,49.57,15.86,7.27,Organic Search,Completed
ORD_10814,CUST_1679,2025-01-13 00:58:00,28.39,9.08,6.31,Meta Ads,Completed
ORD_10815,CUST_1458,2025-02-21 01:54:00,75.69,24.22,6.33,Google Ads,Completed
ORD_10816,CUST_2344,2025-05-11 04:35:00,73.69,23.58,8.9,Google Ads,Completed
ORD_10817,CUST_1553,2025-01-31 19:58:00,122.1,39.07,4.7,Organic Search,Refunded
ORD_10818,CUST_1674,2025-05-28 07:03:00,63.31,20.26,9.44,Email Retention,Completed
ORD_10819,CUST_2441,2025-05-30 14:09:00,77.67,24.85,7.82,Meta Ads,Completed
ORD_10820,CUST_1066,2025-01-09 13:30:00,95.47,30.55,7.91,Google Ads,Refunded
ORD_10821,CUST_1716,2025-03-05 00:44:00,104.57,33.46,4.69,Google Ads,Completed
ORD_10822,CUST_1567,2025-03-27 19:51:00,115.94,37.1,7.53,Meta Ads,Completed
ORD_10823,CUST_2258,2025-06-08 06:44:00,91.24,29.2,6.92,Organic Search,Completed
ORD_10824,CUST_2254,2025-02-05 08:28:00,42.99,13.76,5.03,Meta Ads,Completed
ORD_10825,CUST_2288,2025-04-11 02:19:00,100.52,32.17,5.89,TikTok Ads,Completed
ORD_10826,CUST_2047,2025-01-13 01:16:00,61.13,19.56,8.95,Organic Search,Completed
ORD_10827,CUST_1409,2025-06-05 21:48:00,141.94,45.42,7.25,Meta Ads,Completed
ORD_10828,CUST_2498,2025-05-10 22:57:00,84.83,27.15,6.57,Organic Search,Completed
ORD_10829,CUST_2059,2025-03-26 06:26:00,93.71,29.99,4.86,Google Ads,Completed
ORD_10830,CUST_2405,2025-03-16 00:27:00,231.21,73.99,8.07,Meta Ads,Completed
ORD_10831,CUST_2259,2025-06-16 02:51:00,116.83,37.39,8.01,Meta Ads,Completed
ORD_10832,CUST_1054,2025-03-27 03:38:00,99.71,31.91,7.57,TikTok Ads,Completed
ORD_10833,CUST_1047,2025-01-06 10:57:00,78.73,25.19,7.05,Google Ads,Refunded
ORD_10834,CUST_2487,2025-01-25 11:27:00,44.82,14.34,6.67,Google Ads,Completed
ORD_10835,CUST_1652,2025-06-30 23:23:00,76.13,24.36,7.47,Meta Ads,Completed
ORD_10836,CUST_1732,2025-03-06 08:01:00,55.08,17.63,5.67,TikTok Ads,Refunded
ORD_10837,CUST_1323,2025-04-21 02:47:00,167.1,53.47,9.21,Email Retention,Refunded
ORD_10838,CUST_1566,2025-04-04 08:45:00,100.3,32.1,7.44,Meta Ads,Refunded
ORD_10839,CUST_2464,2025-02-02 12:21:00,139.65,44.69,6.06,TikTok Ads,Completed
ORD_10840,CUST_2152,2025-02-27 15:31:00,62.45,19.98,6.75,Google Ads,Refunded
ORD_10841,CUST_2389,2025-05-02 04:41:00,57.03,18.25,8.53,Meta Ads,Completed
ORD_10842,CUST_1315,2025-05-09 19:17:00,111.81,35.78,5.31,Meta Ads,Completed
ORD_10843,CUST_1808,2025-04-01 15:27:00,54.0,17.28,5.96,TikTok Ads,Completed
ORD_10844,CUST_1754,2025-04-29 08:57:00,68.11,21.8,7.9,Email Retention,Completed
ORD_10845,CUST_1768,2025-04-15 14:10:00,170.64,54.6,6.08,Google Ads,Completed
ORD_10846,CUST_1684,2025-04-29 07:19:00,69.4,22.21,8.46,TikTok Ads,Completed
ORD_10847,CUST_2018,2025-03-23 03:19:00,40.04,12.81,5.15,Google Ads,Completed
ORD_10848,CUST_1337,2025-06-19 13:31:00,32.45,10.38,8.31,Email Retention,Completed
ORD_10849,CUST_2064,2025-06-06 08:58:00,37.55,12.02,4.84,Email Retention,Completed
ORD_10850,CUST_1782,2025-01-04 10:49:00,143.28,45.85,4.56,Meta Ads,Completed
ORD_10851,CUST_2025,2025-04-24 22:40:00,64.32,20.58,8.99,Google Ads,Completed
ORD_10852,CUST_1737,2025-01-07 11:35:00,227.91,72.93,7.41,Email Retention,Completed
ORD_10853,CUST_2426,2025-05-04 04:16:00,159.36,51.0,6.26,Google Ads,Completed
ORD_10854,CUST_1074,2025-04-07 03:34:00,188.64,60.36,5.66,Meta Ads,Completed
ORD_10855,CUST_2360,2025-06-05 16:56:00,130.44,41.74,7.58,Meta Ads,Completed
ORD_10856,CUST_1206,2025-06-11 04:40:00,109.21,34.95,7.05,Google Ads,Completed
ORD_10857,CUST_1989,2025-01-06 04:10:00,56.03,17.93,9.46,Organic Search,Completed
ORD_10858,CUST_1054,2025-04-24 17:48:00,83.87,26.84,9.42,TikTok Ads,Completed
ORD_10859,CUST_1693,2025-03-21 17:01:00,114.09,36.51,7.68,Email Retention,Completed
ORD_10860,CUST_1869,2025-06-09 12:52:00,126.89,40.6,6.71,TikTok Ads,Completed
ORD_10861,CUST_1947,2025-05-22 13:54:00,46.97,15.03,6.96,Email Retention,Completed
ORD_10862,CUST_2429,2025-05-18 08:09:00,76.69,24.54,7.91,Email Retention,Completed
ORD_10863,CUST_1155,2025-01-05 18:23:00,80.83,25.87,5.01,Meta Ads,Completed
ORD_10864,CUST_1393,2025-03-19 00:59:00,79.35,25.39,6.14,Meta Ads,Completed
ORD_10865,CUST_1086,2025-04-22 18:58:00,50.14,16.04,4.88,Meta Ads,Completed
ORD_10866,CUST_1139,2025-04-09 19:07:00,178.69,57.18,4.87,Email Retention,Completed
ORD_10867,CUST_1457,2025-01-04 13:30:00,75.5,24.16,5.48,Meta Ads,Completed
ORD_10868,CUST_1605,2025-06-21 00:41:00,51.94,16.62,6.93,Meta Ads,Completed
ORD_10869,CUST_2420,2025-04-15 14:12:00,180.66,57.81,8.42,Google Ads,Completed
ORD_10870,CUST_1878,2025-02-20 20:50:00,159.43,51.02,6.93,Google Ads,Completed
ORD_10871,CUST_1208,2025-06-24 05:45:00,89.6,28.67,6.18,Meta Ads,Completed
ORD_10872,CUST_1347,2025-06-01 10:00:00,32.29,10.33,4.91,Meta Ads,Completed
ORD_10873,CUST_1064,2025-01-30 15:59:00,67.15,21.49,7.25,Google Ads,Completed
ORD_10874,CUST_1873,2025-04-04 23:01:00,36.0,11.52,5.86,Meta Ads,Completed
ORD_10875,CUST_1491,2025-02-23 00:39:00,105.6,33.79,7.57,Google Ads,Completed
ORD_10876,CUST_2358,2025-03-07 04:51:00,64.94,20.78,9.39,Meta Ads,Completed
ORD_10877,CUST_1185,2025-06-17 22:01:00,82.93,26.54,5.06,Google Ads,Completed
ORD_10878,CUST_2139,2025-05-16 16:41:00,173.48,55.51,5.56,Google Ads,Completed
ORD_10879,CUST_1972,2025-02-20 06:44:00,62.69,20.06,6.87,Meta Ads,Completed
ORD_10880,CUST_1150,2025-04-20 09:29:00,103.58,33.15,9.34,Meta Ads,Completed
ORD_10881,CUST_1270,2025-01-22 19:54:00,117.45,37.58,8.36,Meta Ads,Completed
ORD_10882,CUST_1332,2025-06-25 19:02:00,141.31,45.22,8.99,Meta Ads,Completed
ORD_10883,CUST_1661,2025-05-24 08:01:00,80.17,25.65,6.17,Meta Ads,Completed
ORD_10884,CUST_1136,2025-02-03 01:51:00,76.33,24.43,9.46,Google Ads,Completed
ORD_10885,CUST_2049,2025-01-15 12:11:00,75.5,24.16,5.01,Meta Ads,Completed
ORD_10886,CUST_2372,2025-02-11 06:42:00,99.11,31.72,4.76,Email Retention,Completed
ORD_10887,CUST_1592,2025-06-28 20:46:00,156.44,50.06,8.78,TikTok Ads,Completed
ORD_10888,CUST_2485,2025-06-06 09:58:00,73.89,23.64,9.14,Meta Ads,Completed
ORD_10889,CUST_1525,2025-05-20 21:24:00,20.6,6.59,4.95,Meta Ads,Completed
ORD_10890,CUST_2423,2025-04-11 00:59:00,123.28,39.45,5.07,Google Ads,Completed
ORD_10891,CUST_1882,2025-01-29 22:10:00,86.63,27.72,4.67,TikTok Ads,Completed
ORD_10892,CUST_2109,2025-02-16 17:05:00,105.7,33.82,5.02,Organic Search,Completed
ORD_10893,CUST_2405,2025-05-13 23:30:00,36.71,11.75,5.55,Google Ads,Completed
ORD_10894,CUST_2127,2025-06-20 09:55:00,65.06,20.82,9.35,Google Ads,Refunded
ORD_10895,CUST_1469,2025-03-14 16:56:00,118.82,38.02,7.84,Google Ads,Completed
ORD_10896,CUST_1043,2025-04-27 06:53:00,44.06,14.1,8.39,TikTok Ads,Completed
ORD_10897,CUST_2294,2025-04-26 13:27:00,103.47,33.11,8.38,Google Ads,Completed
ORD_10898,CUST_1644,2025-02-09 17:08:00,82.62,26.44,7.18,Google Ads,Completed
ORD_10899,CUST_2397,2025-05-04 19:02:00,58.55,18.74,8.49,Google Ads,Completed
ORD_10900,CUST_1653,2025-05-10 00:45:00,56.27,18.01,7.48,Google Ads,Completed
ORD_10901,CUST_2357,2025-02-06 18:42:00,50.37,16.12,6.07,Meta Ads,Refunded
ORD_10902,CUST_2334,2025-04-13 10:56:00,86.42,27.65,7.31,Meta Ads,Completed
ORD_10903,CUST_1704,2025-03-15 18:30:00,91.05,29.14,7.17,TikTok Ads,Completed
ORD_10904,CUST_1324,2025-02-18 14:34:00,70.52,22.57,8.62,Organic Search,Completed
ORD_10905,CUST_1547,2025-05-11 15:49:00,48.83,15.63,9.41,TikTok Ads,Completed
ORD_10906,CUST_1624,2025-02-13 06:06:00,102.14,32.68,6.56,Meta Ads,Completed
ORD_10907,CUST_2244,2025-02-28 07:09:00,124.28,39.77,8.32,TikTok Ads,Completed
ORD_10908,CUST_2196,2025-01-29 14:08:00,110.45,35.34,5.0,Meta Ads,Completed
ORD_10909,CUST_1508,2025-05-15 19:21:00,192.09,61.47,8.38,Meta Ads,Completed
ORD_10910,CUST_1351,2025-05-24 11:08:00,77.09,24.67,6.36,Meta Ads,Completed
ORD_10911,CUST_2352,2025-04-12 01:27:00,149.61,47.88,4.7,Meta Ads,Completed
ORD_10912,CUST_1938,2025-04-09 21:47:00,61.3,19.62,6.32,Google Ads,Completed
ORD_10913,CUST_1486,2025-05-22 13:37:00,56.6,18.11,7.55,Email Retention,Completed
ORD_10914,CUST_2074,2025-01-01 15:40:00,88.86,28.44,5.1,Google Ads,Refunded
ORD_10915,CUST_1604,2025-05-27 23:06:00,164.34,52.59,9.12,TikTok Ads,Completed
ORD_10916,CUST_1258,2025-03-15 03:15:00,73.16,23.41,4.89,Meta Ads,Completed
ORD_10917,CUST_1808,2025-01-20 01:50:00,36.7,11.74,9.15,Meta Ads,Completed
ORD_10918,CUST_1140,2025-02-27 01:44:00,123.23,39.43,8.04,Organic Search,Refunded
ORD_10919,CUST_1936,2025-04-09 10:58:00,81.01,25.92,6.15,Meta Ads,Completed
ORD_10920,CUST_1583,2025-01-07 16:02:00,96.16,30.77,6.45,TikTok Ads,Completed
ORD_10921,CUST_2020,2025-01-23 01:55:00,58.03,18.57,8.2,Organic Search,Completed
ORD_10922,CUST_1715,2025-01-05 22:19:00,88.48,28.31,7.51,Google Ads,Completed
ORD_10923,CUST_1014,2025-02-04 14:56:00,39.57,12.66,7.86,Organic Search,Completed
ORD_10924,CUST_2065,2025-03-21 17:47:00,179.93,57.58,6.45,Google Ads,Completed
ORD_10925,CUST_1652,2025-04-26 05:22:00,133.38,42.68,6.94,TikTok Ads,Completed
ORD_10926,CUST_1855,2025-03-29 22:30:00,86.67,27.73,9.45,Organic Search,Completed
ORD_10927,CUST_2386,2025-04-30 23:22:00,121.71,38.95,5.57,Google Ads,Completed
ORD_10928,CUST_1332,2025-02-15 18:42:00,61.38,19.64,6.59,Meta Ads,Completed
ORD_10929,CUST_1569,2025-01-18 19:18:00,130.75,41.84,5.96,Meta Ads,Completed
ORD_10930,CUST_1059,2025-01-19 14:37:00,71.64,22.92,8.33,Meta Ads,Completed
ORD_10931,CUST_2243,2025-01-03 22:14:00,69.26,22.16,8.32,Meta Ads,Completed
ORD_10932,CUST_2379,2025-04-19 13:50:00,52.07,16.66,5.96,Google Ads,Completed
ORD_10933,CUST_1718,2025-02-20 07:16:00,101.57,32.5,4.91,Google Ads,Completed
ORD_10934,CUST_1670,2025-05-06 14:22:00,84.95,27.18,4.56,Organic Search,Completed
ORD_10935,CUST_1932,2025-02-02 08:21:00,151.75,48.56,6.64,Meta Ads,Refunded
ORD_10936,CUST_1861,2025-02-27 07:07:00,49.09,15.71,6.55,Meta Ads,Refunded
ORD_10937,CUST_1107,2025-06-25 09:02:00,101.78,32.57,9.44,Email Retention,Completed
ORD_10938,CUST_2451,2025-02-27 15:12:00,139.15,44.53,6.85,Google Ads,Completed
ORD_10939,CUST_1767,2025-01-13 03:24:00,230.29,73.69,5.78,Google Ads,Completed
ORD_10940,CUST_1476,2025-04-14 17:23:00,91.79,29.37,8.96,Email Retention,Completed
ORD_10941,CUST_1228,2025-06-12 23:27:00,71.0,22.72,6.96,Google Ads,Refunded
ORD_10942,CUST_2285,2025-04-06 03:03:00,90.72,29.03,7.5,Meta Ads,Completed
ORD_10943,CUST_1347,2025-06-19 09:51:00,146.36,46.84,4.98,Email Retention,Completed
ORD_10944,CUST_1569,2025-02-02 01:23:00,146.33,46.83,6.41,Meta Ads,Completed
ORD_10945,CUST_1738,2025-06-22 17:55:00,79.49,25.44,9.22,Organic Search,Completed
ORD_10946,CUST_1445,2025-05-04 06:30:00,145.2,46.46,7.45,Google Ads,Completed
ORD_10947,CUST_2396,2025-05-16 04:36:00,83.11,26.6,6.22,Meta Ads,Completed
ORD_10948,CUST_2462,2025-05-18 16:42:00,121.11,38.76,7.63,Meta Ads,Completed
ORD_10949,CUST_1543,2025-02-02 09:32:00,107.1,34.27,9.05,Google Ads,Completed
ORD_10950,CUST_2001,2025-05-22 10:52:00,69.67,22.29,5.87,Google Ads,Completed
ORD_10951,CUST_2053,2025-05-31 15:23:00,53.0,16.96,7.03,Organic Search,Completed
ORD_10952,CUST_1458,2025-04-08 11:09:00,140.77,45.05,9.29,Google Ads,Completed
ORD_10953,CUST_1609,2025-05-22 06:30:00,158.13,50.6,5.36,Google Ads,Completed
ORD_10954,CUST_1936,2025-03-10 21:53:00,100.7,32.22,8.1,Organic Search,Refunded
ORD_10955,CUST_2103,2025-02-09 11:10:00,83.06,26.58,7.57,TikTok Ads,Completed
ORD_10956,CUST_1468,2025-01-03 08:15:00,45.99,14.72,7.9,Organic Search,Completed
ORD_10957,CUST_1547,2025-02-27 01:43:00,139.16,44.53,6.26,Google Ads,Completed
ORD_10958,CUST_1226,2025-04-13 07:36:00,95.5,30.56,6.07,Meta Ads,Completed
ORD_10959,CUST_1424,2025-05-03 16:22:00,74.33,23.79,7.92,Meta Ads,Completed
ORD_10960,CUST_2050,2025-03-31 22:47:00,122.64,39.24,5.58,Meta Ads,Completed
ORD_10961,CUST_1405,2025-06-24 01:56:00,41.78,13.37,6.6,Organic Search,Completed
ORD_10962,CUST_1603,2025-04-11 13:20:00,50.8,16.26,5.44,Google Ads,Completed
ORD_10963,CUST_1080,2025-02-28 13:59:00,60.31,19.3,4.54,Meta Ads,Completed
ORD_10964,CUST_1331,2025-05-04 02:49:00,105.61,33.8,9.35,Meta Ads,Completed
ORD_10965,CUST_1866,2025-03-19 01:42:00,91.18,29.18,6.66,Meta Ads,Completed
ORD_10966,CUST_2298,2025-03-23 08:06:00,111.18,35.58,9.35,Meta Ads,Completed
ORD_10967,CUST_1215,2025-05-28 00:49:00,134.96,43.19,5.2,Google Ads,Completed
ORD_10968,CUST_1847,2025-05-07 05:13:00,112.96,36.15,7.44,Meta Ads,Completed
ORD_10969,CUST_2467,2025-02-06 08:13:00,181.65,58.13,5.5,Meta Ads,Completed
ORD_10970,CUST_1849,2025-01-10 23:32:00,134.82,43.14,8.45,Organic Search,Completed
ORD_10971,CUST_2445,2025-02-26 20:56:00,79.41,25.41,8.42,Google Ads,Completed
ORD_10972,CUST_1640,2025-04-27 08:50:00,64.86,20.76,5.06,Email Retention,Completed
ORD_10973,CUST_1463,2025-05-12 22:13:00,80.53,25.77,9.06,Email Retention,Completed
ORD_10974,CUST_2435,2025-06-22 21:50:00,114.72,36.71,5.47,Google Ads,Completed
ORD_10975,CUST_2051,2025-06-13 04:48:00,68.18,21.82,7.56,Google Ads,Completed
ORD_10976,CUST_2385,2025-02-16 17:52:00,116.13,37.16,9.43,Google Ads,Completed
ORD_10977,CUST_2258,2025-04-08 11:02:00,110.27,35.29,8.91,Email Retention,Completed
ORD_10978,CUST_1117,2025-03-21 02:53:00,52.62,16.84,9.28,Meta Ads,Completed
ORD_10979,CUST_1372,2025-03-29 21:25:00,133.7,42.78,6.21,Meta Ads,Completed
ORD_10980,CUST_1847,2025-01-08 18:54:00,99.11,31.72,5.03,Google Ads,Completed
ORD_10981,CUST_1812,2025-06-26 14:23:00,177.67,56.85,5.44,Google Ads,Completed
ORD_10982,CUST_2272,2025-03-15 02:02:00,83.25,26.64,7.0,Meta Ads,Completed
ORD_10983,CUST_2477,2025-04-16 16:31:00,72.75,23.28,8.47,Google Ads,Completed
ORD_10984,CUST_1432,2025-06-13 14:41:00,49.33,15.79,5.25,Google Ads,Completed
ORD_10985,CUST_1193,2025-04-24 19:14:00,48.94,15.66,7.8,TikTok Ads,Completed
ORD_10986,CUST_2347,2025-01-27 17:11:00,126.64,40.52,6.12,Google Ads,Completed
ORD_10987,CUST_1013,2025-06-07 02:29:00,169.62,54.28,6.21,Meta Ads,Completed
ORD_10988,CUST_2162,2025-05-24 13:22:00,80.0,25.6,7.81,Meta Ads,Completed
ORD_10989,CUST_1151,2025-03-23 09:46:00,77.6,24.83,6.83,Google Ads,Refunded
ORD_10990,CUST_1405,2025-04-24 09:08:00,86.75,27.76,8.56,Google Ads,Completed
ORD_10991,CUST_2072,2025-03-15 21:53:00,137.76,44.08,5.28,Meta Ads,Completed
ORD_10992,CUST_1135,2025-04-14 14:20:00,52.85,16.91,8.45,Google Ads,Completed
ORD_10993,CUST_2114,2025-02-18 21:42:00,93.61,29.96,4.82,Meta Ads,Completed
ORD_10994,CUST_1906,2025-03-15 20:12:00,127.91,40.93,5.47,Google Ads,Refunded
ORD_10995,CUST_1799,2025-04-30 16:35:00,105.03,33.61,7.78,Meta Ads,Completed
ORD_10996,CUST_1008,2025-05-03 18:35:00,16.63,5.32,8.77,Meta Ads,Completed
ORD_10997,CUST_2268,2025-04-20 23:48:00,113.21,36.23,5.76,TikTok Ads,Completed
ORD_10998,CUST_1160,2025-05-04 14:52:00,105.49,33.76,6.14,Meta Ads,Completed
ORD_10999,CUST_1559,2025-05-24 13:07:00,149.54,47.85,7.19,Organic Search,Completed
ORD_11000,CUST_1234,2025-06-08 08:43:00,163.58,52.35,5.56,Organic Search,Completed
ORD_11001,CUST_2235,2025-03-04 01:34:00,146.21,46.79,8.56,Meta Ads,Completed
ORD_11002,CUST_2443,2025-01-29 18:38:00,86.97,27.83,8.37,Meta Ads,Completed
ORD_11003,CUST_1735,2025-02-16 02:18:00,35.84,11.47,5.23,Meta Ads,Completed
ORD_11004,CUST_1893,2025-06-29 06:51:00,199.85,63.95,6.82,Meta Ads,Completed
ORD_11005,CUST_1235,2025-05-09 23:19:00,77.34,24.75,8.37,Meta Ads,Completed
ORD_11006,CUST_1625,2025-05-31 13:41:00,85.71,27.43,6.19,Meta Ads,Completed
ORD_11007,CUST_1488,2025-05-21 15:13:00,168.65,53.97,7.67,Meta Ads,Completed
ORD_11008,CUST_1576,2025-04-07 15:12:00,58.31,18.66,4.75,Meta Ads,Completed
ORD_11009,CUST_1014,2025-01-03 01:55:00,42.42,13.57,7.54,Organic Search,Completed
ORD_11010,CUST_1107,2025-04-01 20:16:00,68.39,21.88,5.26,Meta Ads,Completed
ORD_11011,CUST_1816,2025-05-30 11:57:00,59.85,19.15,8.65,TikTok Ads,Completed
ORD_11012,CUST_1504,2025-03-13 04:29:00,40.32,12.9,6.28,TikTok Ads,Completed
ORD_11013,CUST_1393,2025-01-11 02:17:00,80.81,25.86,5.91,Google Ads,Completed
ORD_11014,CUST_2403,2025-05-22 22:24:00,87.25,27.92,8.7,Meta Ads,Completed
ORD_11015,CUST_2353,2025-01-28 21:47:00,39.12,12.52,4.75,Email Retention,Completed
ORD_11016,CUST_1992,2025-01-16 13:07:00,72.54,23.21,6.48,Google Ads,Completed
ORD_11017,CUST_1256,2025-04-02 12:45:00,58.02,18.57,6.35,Google Ads,Completed
ORD_11018,CUST_2251,2025-06-24 01:35:00,30.15,9.65,5.92,Email Retention,Completed
ORD_11019,CUST_2191,2025-01-07 17:50:00,88.55,28.34,9.06,Meta Ads,Completed
ORD_11020,CUST_1957,2025-04-20 09:37:00,92.57,29.62,8.25,Google Ads,Completed
ORD_11021,CUST_1659,2025-06-18 21:12:00,58.02,18.57,4.82,Google Ads,Completed
ORD_11022,CUST_1382,2025-04-13 20:47:00,133.17,42.61,8.07,Meta Ads,Completed
ORD_11023,CUST_1936,2025-03-24 02:35:00,84.83,27.15,7.14,Google Ads,Completed
ORD_11024,CUST_1968,2025-02-11 04:38:00,59.36,19.0,9.0,Email Retention,Completed
ORD_11025,CUST_1157,2025-06-23 00:01:00,37.82,12.1,6.06,Meta Ads,Completed
ORD_11026,CUST_2177,2025-03-07 07:35:00,94.82,30.34,7.37,Meta Ads,Completed
ORD_11027,CUST_1789,2025-06-10 08:07:00,105.37,33.72,7.0,Meta Ads,Completed
ORD_11028,CUST_1695,2025-04-02 17:03:00,66.58,21.31,6.95,Meta Ads,Completed
ORD_11029,CUST_1381,2025-03-04 17:11:00,89.84,28.75,6.78,Meta Ads,Completed
ORD_11030,CUST_2075,2025-04-06 00:02:00,163.58,52.35,5.53,Meta Ads,Completed
ORD_11031,CUST_1077,2025-01-23 04:54:00,123.92,39.65,8.28,Meta Ads,Refunded
ORD_11032,CUST_2377,2025-02-16 14:41:00,25.03,8.01,6.76,Email Retention,Completed
ORD_11033,CUST_1787,2025-01-29 12:25:00,59.02,18.89,9.29,Meta Ads,Completed
ORD_11034,CUST_1558,2025-06-05 22:41:00,79.0,25.28,5.8,TikTok Ads,Completed
ORD_11035,CUST_2419,2025-04-07 21:59:00,87.02,27.85,7.91,Meta Ads,Completed
ORD_11036,CUST_1235,2025-03-10 19:13:00,90.73,29.03,9.2,Google Ads,Completed
ORD_11037,CUST_2409,2025-02-19 13:31:00,102.38,32.76,7.82,Meta Ads,Completed
ORD_11038,CUST_1009,2025-05-10 23:13:00,80.22,25.67,8.86,Meta Ads,Completed
ORD_11039,CUST_2192,2025-03-10 08:50:00,84.74,27.12,8.64,TikTok Ads,Refunded
ORD_11040,CUST_1162,2025-06-27 04:51:00,126.78,40.57,6.3,Email Retention,Completed
ORD_11041,CUST_2157,2025-04-24 06:14:00,95.67,30.61,7.5,Meta Ads,Completed
ORD_11042,CUST_1580,2025-06-13 11:27:00,46.91,15.01,5.28,Meta Ads,Completed
ORD_11043,CUST_1529,2025-01-07 23:07:00,88.29,28.25,7.18,Meta Ads,Completed
ORD_11044,CUST_1337,2025-04-07 04:49:00,79.1,25.31,5.65,Google Ads,Completed
ORD_11045,CUST_1609,2025-05-09 17:08:00,30.02,9.61,8.22,Meta Ads,Completed
ORD_11046,CUST_1075,2025-05-01 17:16:00,90.37,28.92,7.14,Google Ads,Completed
ORD_11047,CUST_2161,2025-03-05 05:14:00,50.04,16.01,6.56,TikTok Ads,Completed
ORD_11048,CUST_1013,2025-01-04 16:00:00,127.62,40.84,5.84,Meta Ads,Completed
ORD_11049,CUST_1469,2025-04-15 15:07:00,101.73,32.55,9.49,Meta Ads,Completed
ORD_11050,CUST_2219,2025-04-29 03:25:00,45.61,14.6,4.86,Google Ads,Completed
ORD_11051,CUST_1397,2025-06-30 13:10:00,125.05,40.02,4.72,Email Retention,Completed
ORD_11052,CUST_1520,2025-05-24 17:43:00,150.61,48.2,5.59,Meta Ads,Completed
ORD_11053,CUST_1705,2025-06-08 22:49:00,74.65,23.89,9.36,Meta Ads,Completed
ORD_11054,CUST_2199,2025-03-10 08:23:00,78.88,25.24,9.4,Organic Search,Completed
ORD_11055,CUST_1827,2025-02-01 14:55:00,119.64,38.28,7.77,Meta Ads,Completed
ORD_11056,CUST_2117,2025-05-19 22:01:00,145.61,46.6,8.9,Meta Ads,Completed
ORD_11057,CUST_1379,2025-06-23 19:19:00,34.52,11.05,5.57,Google Ads,Completed
ORD_11058,CUST_1248,2025-04-30 07:12:00,48.32,15.46,9.36,Organic Search,Refunded
ORD_11059,CUST_2118,2025-03-10 20:27:00,69.02,22.09,5.21,Meta Ads,Completed
ORD_11060,CUST_1549,2025-06-03 09:31:00,72.58,23.23,5.01,Organic Search,Completed
ORD_11061,CUST_1617,2025-02-11 11:07:00,118.11,37.8,5.06,Organic Search,Completed
ORD_11062,CUST_1867,2025-01-30 22:55:00,145.95,46.7,7.37,TikTok Ads,Completed
ORD_11063,CUST_1531,2025-03-16 05:45:00,150.8,48.26,8.4,Meta Ads,Completed
ORD_11064,CUST_1173,2025-03-28 04:02:00,34.07,10.9,6.33,Google Ads,Completed
ORD_11065,CUST_1814,2025-06-21 00:35:00,56.4,18.05,9.39,Google Ads,Completed
ORD_11066,CUST_1635,2025-02-21 15:35:00,44.56,14.26,6.67,Meta Ads,Completed
ORD_11067,CUST_1393,2025-06-12 23:23:00,63.0,20.16,5.25,Organic Search,Completed
ORD_11068,CUST_1754,2025-03-16 16:39:00,56.29,18.01,6.83,Meta Ads,Completed
ORD_11069,CUST_2137,2025-02-07 17:38:00,101.59,32.51,7.9,Meta Ads,Completed
ORD_11070,CUST_1101,2025-01-20 15:50:00,107.08,34.27,8.66,Meta Ads,Completed
ORD_11071,CUST_1687,2025-05-25 21:11:00,84.25,26.96,6.79,TikTok Ads,Completed
ORD_11072,CUST_2201,2025-03-17 08:49:00,80.61,25.8,7.47,Google Ads,Completed
ORD_11073,CUST_1469,2025-01-11 17:00:00,70.42,22.53,5.84,Google Ads,Completed
ORD_11074,CUST_1980,2025-05-12 18:42:00,74.33,23.79,7.73,Meta Ads,Completed
ORD_11075,CUST_1926,2025-03-13 14:26:00,162.76,52.08,9.43,Meta Ads,Completed
ORD_11076,CUST_1453,2025-05-10 18:07:00,114.12,36.52,4.75,Email Retention,Completed
ORD_11077,CUST_1776,2025-01-17 09:57:00,71.68,22.94,8.93,Meta Ads,Completed
ORD_11078,CUST_1439,2025-04-29 16:02:00,79.9,25.57,7.31,Email Retention,Completed
ORD_11079,CUST_2361,2025-01-28 18:42:00,102.64,32.84,5.76,Meta Ads,Completed
ORD_11080,CUST_1940,2025-03-07 16:34:00,45.6,14.59,9.27,TikTok Ads,Completed
ORD_11081,CUST_2074,2025-05-23 19:01:00,89.68,28.7,6.92,Google Ads,Completed
ORD_11082,CUST_1801,2025-03-29 08:42:00,111.33,35.63,6.16,Meta Ads,Completed
ORD_11083,CUST_1784,2025-04-28 03:46:00,105.02,33.61,5.41,Google Ads,Refunded
ORD_11084,CUST_1161,2025-04-21 18:39:00,56.94,18.22,5.72,Meta Ads,Completed
ORD_11085,CUST_2156,2025-05-16 06:57:00,62.1,19.87,8.66,Organic Search,Completed
ORD_11086,CUST_1616,2025-04-15 13:50:00,28.15,9.01,7.57,TikTok Ads,Refunded
ORD_11087,CUST_1417,2025-03-09 08:59:00,116.57,37.3,9.07,Meta Ads,Completed
ORD_11088,CUST_1548,2025-01-19 02:26:00,193.21,61.83,5.66,Meta Ads,Completed
ORD_11089,CUST_2013,2025-06-05 01:18:00,53.08,16.99,5.11,TikTok Ads,Completed
ORD_11090,CUST_1904,2025-04-23 07:53:00,134.49,43.04,4.53,Meta Ads,Completed
ORD_11091,CUST_1693,2025-02-27 03:21:00,185.48,59.35,7.04,Meta Ads,Completed
ORD_11092,CUST_1917,2025-01-05 14:28:00,67.17,21.49,9.49,Meta Ads,Completed
ORD_11093,CUST_1820,2025-02-13 15:10:00,79.95,25.58,7.97,Meta Ads,Completed
ORD_11094,CUST_2037,2025-06-12 11:11:00,94.26,30.16,6.04,TikTok Ads,Completed
ORD_11095,CUST_2399,2025-03-08 02:03:00,103.53,33.13,8.88,TikTok Ads,Completed
ORD_11096,CUST_2237,2025-02-28 11:27:00,96.56,30.9,8.41,Meta Ads,Completed
ORD_11097,CUST_1570,2025-01-29 21:25:00,69.67,22.29,4.58,Email Retention,Completed
ORD_11098,CUST_2033,2025-04-03 09:30:00,110.56,35.38,8.58,Meta Ads,Completed
ORD_11099,CUST_1281,2025-03-27 12:19:00,70.43,22.54,6.0,Organic Search,Completed
ORD_11100,CUST_1736,2025-04-27 11:06:00,99.53,31.85,5.25,Email Retention,Completed
ORD_11101,CUST_2351,2025-02-21 18:40:00,82.87,26.52,5.63,Google Ads,Completed
ORD_11102,CUST_1101,2025-03-24 23:12:00,32.2,10.3,6.84,Meta Ads,Completed
ORD_11103,CUST_1329,2025-03-08 13:27:00,143.24,45.84,6.62,Meta Ads,Completed
ORD_11104,CUST_1613,2025-03-31 02:27:00,62.9,20.13,5.94,Email Retention,Completed
ORD_11105,CUST_1743,2025-04-28 22:59:00,149.58,47.87,5.36,Meta Ads,Completed
ORD_11106,CUST_2047,2025-03-13 19:21:00,132.12,42.28,8.31,Google Ads,Completed
ORD_11107,CUST_1430,2025-03-22 00:49:00,92.98,29.75,9.45,Google Ads,Completed
ORD_11108,CUST_1977,2025-02-14 16:29:00,105.94,33.9,8.39,Meta Ads,Completed
ORD_11109,CUST_1508,2025-04-13 14:54:00,111.67,35.73,5.98,Meta Ads,Completed
ORD_11110,CUST_1361,2025-02-23 10:42:00,76.56,24.5,5.72,Email Retention,Completed
ORD_11111,CUST_1706,2025-02-08 16:55:00,78.25,25.04,5.59,TikTok Ads,Refunded
ORD_11112,CUST_1608,2025-05-04 02:17:00,109.26,34.96,5.18,Google Ads,Completed
ORD_11113,CUST_1182,2025-04-05 15:26:00,83.27,26.65,7.26,Google Ads,Completed
ORD_11114,CUST_2430,2025-06-23 17:03:00,69.78,22.33,7.53,Meta Ads,Completed
ORD_11115,CUST_1789,2025-03-31 21:50:00,57.39,18.36,8.03,Google Ads,Completed
ORD_11116,CUST_2384,2025-02-20 06:51:00,100.84,32.27,7.9,TikTok Ads,Completed
ORD_11117,CUST_1296,2025-04-03 06:55:00,61.91,19.81,5.96,Meta Ads,Completed
ORD_11118,CUST_1840,2025-02-27 21:22:00,122.19,39.1,6.15,Email Retention,Completed
ORD_11119,CUST_1152,2025-02-01 14:30:00,126.78,40.57,7.91,Meta Ads,Completed
ORD_11120,CUST_2436,2025-05-04 10:01:00,105.57,33.78,6.25,Google Ads,Completed
ORD_11121,CUST_1977,2025-02-26 16:17:00,115.47,36.95,5.56,Organic Search,Completed
ORD_11122,CUST_2482,2025-03-13 06:48:00,105.71,33.83,6.37,Meta Ads,Completed
ORD_11123,CUST_1790,2025-05-24 21:43:00,119.13,38.12,5.86,Meta Ads,Completed
ORD_11124,CUST_1808,2025-01-06 04:05:00,116.88,37.4,4.94,Meta Ads,Completed
ORD_11125,CUST_1494,2025-01-06 03:43:00,98.42,31.49,8.65,Meta Ads,Completed
ORD_11126,CUST_1783,2025-05-19 15:15:00,132.86,42.52,8.77,TikTok Ads,Completed
ORD_11127,CUST_1600,2025-03-17 04:57:00,77.82,24.9,5.6,Meta Ads,Completed
ORD_11128,CUST_1588,2025-05-27 05:44:00,58.24,18.64,4.82,Organic Search,Completed
ORD_11129,CUST_2372,2025-04-19 03:50:00,56.8,18.18,8.19,Meta Ads,Completed
ORD_11130,CUST_1286,2025-03-29 21:35:00,72.59,23.23,5.56,Meta Ads,Completed
ORD_11131,CUST_1532,2025-05-21 17:16:00,29.79,9.53,6.47,Google Ads,Completed
ORD_11132,CUST_2000,2025-06-01 10:30:00,92.57,29.62,4.82,Google Ads,Completed
ORD_11133,CUST_1285,2025-05-03 11:22:00,112.33,35.95,5.63,Email Retention,Completed
ORD_11134,CUST_1236,2025-02-12 06:37:00,125.99,40.32,8.46,Meta Ads,Completed
ORD_11135,CUST_1097,2025-01-02 08:21:00,35.71,11.43,8.52,Google Ads,Completed
ORD_11136,CUST_2072,2025-02-12 05:26:00,57.7,18.46,5.54,TikTok Ads,Refunded
ORD_11137,CUST_1122,2025-04-13 16:56:00,120.56,38.58,6.18,Meta Ads,Completed
ORD_11138,CUST_1903,2025-03-20 02:33:00,76.69,24.54,5.17,Google Ads,Completed
ORD_11139,CUST_2307,2025-06-25 14:25:00,111.21,35.59,4.87,Organic Search,Completed
ORD_11140,CUST_1282,2025-05-08 20:30:00,44.44,14.22,9.46,Google Ads,Completed
ORD_11141,CUST_1490,2025-02-12 19:58:00,148.79,47.61,7.78,Meta Ads,Completed
ORD_11142,CUST_1677,2025-06-18 09:47:00,42.69,13.66,7.21,Meta Ads,Completed
ORD_11143,CUST_1953,2025-03-13 20:50:00,12.8,4.1,8.33,Google Ads,Completed
ORD_11144,CUST_1354,2025-03-23 22:53:00,91.35,29.23,8.7,TikTok Ads,Completed
ORD_11145,CUST_1468,2025-04-19 01:54:00,92.42,29.57,8.53,Organic Search,Completed
ORD_11146,CUST_1538,2025-05-26 01:15:00,66.3,21.22,4.58,Meta Ads,Completed
ORD_11147,CUST_2351,2025-04-26 01:43:00,103.92,33.25,5.43,Meta Ads,Completed
ORD_11148,CUST_1518,2025-05-08 02:36:00,105.23,33.67,7.77,Meta Ads,Completed
ORD_11149,CUST_2105,2025-02-18 19:54:00,100.2,32.06,6.38,Google Ads,Completed
ORD_11150,CUST_1233,2025-05-03 16:56:00,65.72,21.03,9.41,Meta Ads,Completed
ORD_11151,CUST_1487,2025-04-20 15:32:00,59.78,19.13,7.83,TikTok Ads,Completed
ORD_11152,CUST_1583,2025-05-26 05:07:00,69.07,22.1,9.28,Google Ads,Completed
ORD_11153,CUST_1226,2025-04-09 23:51:00,55.91,17.89,5.51,Meta Ads,Completed
ORD_11154,CUST_1837,2025-06-04 21:02:00,135.57,43.38,8.82,Meta Ads,Completed
ORD_11155,CUST_1712,2025-03-18 20:17:00,71.88,23.0,6.11,Meta Ads,Completed
ORD_11156,CUST_1723,2025-02-01 04:28:00,90.18,28.86,9.45,Meta Ads,Completed
ORD_11157,CUST_1466,2025-04-27 02:40:00,120.34,38.51,5.29,Meta Ads,Completed
ORD_11158,CUST_1157,2025-01-27 04:05:00,54.59,17.47,7.08,Google Ads,Completed
ORD_11159,CUST_2241,2025-05-11 00:52:00,41.78,13.37,8.46,Organic Search,Completed
ORD_11160,CUST_2317,2025-05-07 09:39:00,56.0,17.92,6.66,Meta Ads,Completed
ORD_11161,CUST_1601,2025-03-08 10:57:00,94.63,30.28,6.84,Meta Ads,Completed
ORD_11162,CUST_2198,2025-01-21 05:18:00,91.75,29.36,9.43,Meta Ads,Completed
ORD_11163,CUST_2278,2025-06-22 11:03:00,100.12,32.04,6.63,Meta Ads,Completed
ORD_11164,CUST_1068,2025-05-12 06:19:00,80.05,25.62,7.52,Google Ads,Completed
ORD_11165,CUST_2424,2025-05-24 15:09:00,20.38,6.52,4.77,Google Ads,Completed
ORD_11166,CUST_1633,2025-01-26 08:00:00,78.89,25.24,8.71,Google Ads,Completed
ORD_11167,CUST_1619,2025-01-31 11:20:00,127.41,40.77,7.74,Organic Search,Completed
ORD_11168,CUST_2028,2025-03-03 08:53:00,141.82,45.38,6.52,Google Ads,Refunded
ORD_11169,CUST_2113,2025-06-08 14:24:00,87.49,28.0,4.58,Google Ads,Completed
ORD_11170,CUST_1752,2025-03-13 10:10:00,91.91,29.41,7.46,Email Retention,Completed
ORD_11171,CUST_1165,2025-01-30 03:10:00,110.29,35.29,4.56,Meta Ads,Completed
ORD_11172,CUST_2176,2025-05-16 12:21:00,140.05,44.82,4.51,Meta Ads,Completed
ORD_11173,CUST_2317,2025-02-25 21:41:00,84.02,26.89,7.58,Meta Ads,Completed
ORD_11174,CUST_1919,2025-03-02 05:25:00,109.61,35.08,5.45,Meta Ads,Completed
ORD_11175,CUST_2417,2025-05-01 20:23:00,64.36,20.6,5.46,Meta Ads,Completed
ORD_11176,CUST_1620,2025-03-20 12:52:00,44.91,14.37,7.77,TikTok Ads,Completed
ORD_11177,CUST_1294,2025-02-03 12:10:00,67.58,21.63,4.77,TikTok Ads,Completed
ORD_11178,CUST_1156,2025-01-21 05:21:00,154.08,49.31,6.07,Google Ads,Completed
ORD_11179,CUST_1452,2025-05-03 19:46:00,110.59,35.39,5.25,Google Ads,Refunded
ORD_11180,CUST_1793,2025-04-25 21:37:00,47.04,15.05,7.4,Email Retention,Completed
ORD_11181,CUST_1196,2025-06-13 18:48:00,112.86,36.12,7.81,Google Ads,Completed
ORD_11182,CUST_1386,2025-01-17 20:13:00,48.83,15.63,8.11,Organic Search,Completed
ORD_11183,CUST_1211,2025-06-30 07:34:00,99.5,31.84,5.78,Email Retention,Completed
ORD_11184,CUST_1091,2025-02-22 04:21:00,53.58,17.15,4.95,Organic Search,Completed
ORD_11185,CUST_1464,2025-02-10 06:51:00,45.72,14.63,4.89,Google Ads,Completed
ORD_11186,CUST_1067,2025-02-10 14:54:00,165.43,52.94,6.63,Meta Ads,Refunded
ORD_11187,CUST_1605,2025-02-05 06:56:00,71.86,23.0,9.23,TikTok Ads,Completed
ORD_11188,CUST_1788,2025-05-26 22:55:00,109.71,35.11,5.59,Meta Ads,Completed
ORD_11189,CUST_2180,2025-06-28 05:16:00,85.6,27.39,5.78,Google Ads,Completed
ORD_11190,CUST_2233,2025-05-15 04:36:00,50.75,16.24,5.0,Organic Search,Completed
ORD_11191,CUST_1694,2025-03-20 21:32:00,75.42,24.13,7.53,Google Ads,Completed
ORD_11192,CUST_2090,2025-03-30 02:14:00,50.96,16.31,7.9,Google Ads,Completed
ORD_11193,CUST_2069,2025-04-01 10:50:00,217.07,69.46,7.71,Organic Search,Completed
ORD_11194,CUST_1877,2025-03-06 10:28:00,118.35,37.87,8.81,TikTok Ads,Completed
ORD_11195,CUST_1423,2025-02-27 14:53:00,84.88,27.16,6.93,Meta Ads,Completed
ORD_11196,CUST_2303,2025-03-29 08:33:00,107.12,34.28,5.17,Meta Ads,Completed
ORD_11197,CUST_2336,2025-05-28 20:33:00,115.0,36.8,5.95,Google Ads,Completed
ORD_11198,CUST_2078,2025-01-10 13:42:00,115.14,36.84,7.81,Meta Ads,Completed
ORD_11199,CUST_1721,2025-03-18 23:14:00,112.97,36.15,7.57,Google Ads,Completed
ORD_11200,CUST_2192,2025-02-02 10:04:00,109.18,34.94,7.16,Google Ads,Completed
ORD_11201,CUST_2477,2025-03-03 05:05:00,88.02,28.17,7.91,Meta Ads,Completed
ORD_11202,CUST_1405,2025-04-24 23:45:00,159.78,51.13,7.69,TikTok Ads,Completed
ORD_11203,CUST_1785,2025-01-29 10:46:00,90.57,28.98,8.91,Meta Ads,Completed
ORD_11204,CUST_2030,2025-06-24 01:16:00,85.99,27.52,7.43,Meta Ads,Completed
ORD_11205,CUST_1383,2025-04-19 17:29:00,90.92,29.09,8.39,Meta Ads,Completed
ORD_11206,CUST_1472,2025-04-04 21:13:00,93.85,30.03,5.74,Meta Ads,Completed
ORD_11207,CUST_2145,2025-05-11 05:17:00,35.86,11.48,7.89,Organic Search,Completed
ORD_11208,CUST_2168,2025-04-14 23:50:00,55.73,17.83,9.01,Google Ads,Completed
ORD_11209,CUST_1776,2025-02-08 11:48:00,80.05,25.62,6.43,Google Ads,Completed
ORD_11210,CUST_1764,2025-05-23 08:33:00,34.94,11.18,8.4,Email Retention,Completed
ORD_11211,CUST_2424,2025-05-25 01:58:00,84.81,27.14,8.12,Meta Ads,Completed
ORD_11212,CUST_1997,2025-01-04 01:30:00,93.29,29.85,4.8,Meta Ads,Completed
ORD_11213,CUST_2208,2025-05-25 12:06:00,43.91,14.05,7.41,Email Retention,Completed
ORD_11214,CUST_1151,2025-01-20 10:55:00,62.24,19.92,5.15,TikTok Ads,Completed
ORD_11215,CUST_1718,2025-03-20 17:56:00,144.34,46.19,9.34,Email Retention,Completed
ORD_11216,CUST_1723,2025-05-24 19:13:00,107.61,34.44,8.56,Google Ads,Refunded
ORD_11217,CUST_1111,2025-06-29 23:39:00,104.9,33.57,5.05,Meta Ads,Completed
ORD_11218,CUST_1434,2025-01-06 01:20:00,136.59,43.71,5.11,Meta Ads,Completed
ORD_11219,CUST_2368,2025-04-24 21:40:00,56.25,18.0,7.47,Meta Ads,Completed
ORD_11220,CUST_1439,2025-03-17 17:48:00,43.98,14.07,6.22,Google Ads,Refunded
ORD_11221,CUST_2432,2025-04-11 14:51:00,128.54,41.13,4.67,Google Ads,Completed
ORD_11222,CUST_2228,2025-03-14 18:02:00,81.08,25.95,7.21,Google Ads,Completed
ORD_11223,CUST_2007,2025-02-22 18:32:00,55.53,17.77,6.44,Meta Ads,Completed
ORD_11224,CUST_1484,2025-04-05 11:17:00,194.26,62.16,5.01,Google Ads,Completed
ORD_11225,CUST_2222,2025-05-30 05:25:00,35.71,11.43,8.51,TikTok Ads,Completed
ORD_11226,CUST_1508,2025-03-31 00:39:00,91.39,29.24,9.08,TikTok Ads,Completed
ORD_11227,CUST_2266,2025-06-23 14:12:00,76.83,24.59,8.28,Google Ads,Completed
ORD_11228,CUST_1382,2025-06-09 20:46:00,70.85,22.67,8.61,Meta Ads,Completed
ORD_11229,CUST_2016,2025-02-25 18:38:00,24.01,7.68,5.58,TikTok Ads,Completed
ORD_11230,CUST_1588,2025-04-05 06:55:00,158.85,50.83,5.82,TikTok Ads,Completed
ORD_11231,CUST_1828,2025-05-01 22:00:00,39.91,12.77,5.54,Google Ads,Refunded
ORD_11232,CUST_2099,2025-02-15 08:16:00,74.05,23.7,8.33,Meta Ads,Refunded
ORD_11233,CUST_1091,2025-04-12 11:43:00,68.39,21.88,9.24,Organic Search,Completed
ORD_11234,CUST_1214,2025-01-12 14:26:00,109.03,34.89,8.08,Email Retention,Completed
ORD_11235,CUST_2498,2025-01-06 02:10:00,35.92,11.49,8.91,Meta Ads,Completed
ORD_11236,CUST_2138,2025-04-13 22:26:00,103.28,33.05,7.69,TikTok Ads,Completed
ORD_11237,CUST_1524,2025-05-02 16:27:00,91.59,29.31,6.44,Meta Ads,Completed
ORD_11238,CUST_1070,2025-04-22 09:58:00,60.8,19.46,6.63,Meta Ads,Refunded
ORD_11239,CUST_2147,2025-03-06 12:25:00,101.67,32.53,4.88,Google Ads,Completed
ORD_11240,CUST_1529,2025-02-09 11:34:00,84.75,27.12,4.66,Google Ads,Completed
ORD_11241,CUST_1584,2025-02-04 17:15:00,175.51,56.16,7.98,Google Ads,Completed
ORD_11242,CUST_2102,2025-05-06 10:48:00,76.79,24.57,6.69,Meta Ads,Completed
ORD_11243,CUST_1107,2025-04-15 21:30:00,52.03,16.65,7.26,Meta Ads,Completed
ORD_11244,CUST_2229,2025-04-14 06:39:00,103.74,33.2,7.29,TikTok Ads,Completed
ORD_11245,CUST_2474,2025-01-18 00:48:00,72.41,23.17,5.89,TikTok Ads,Completed
ORD_11246,CUST_2406,2025-06-10 08:33:00,83.97,26.87,6.88,Google Ads,Completed
ORD_11247,CUST_1029,2025-03-20 12:20:00,44.16,14.13,6.85,TikTok Ads,Completed
ORD_11248,CUST_1216,2025-06-20 23:05:00,109.77,35.13,6.44,Email Retention,Completed
ORD_11249,CUST_2400,2025-02-23 07:28:00,67.02,21.45,8.6,Google Ads,Completed
ORD_11250,CUST_2027,2025-03-23 08:44:00,94.77,30.33,6.76,TikTok Ads,Completed
ORD_11251,CUST_1627,2025-06-01 10:15:00,194.96,62.39,7.52,Meta Ads,Completed
ORD_11252,CUST_1080,2025-03-22 14:51:00,74.76,23.92,8.98,Google Ads,Completed
ORD_11253,CUST_1206,2025-04-23 02:43:00,116.39,37.24,8.83,Meta Ads,Completed
ORD_11254,CUST_1106,2025-06-06 17:06:00,77.15,24.69,8.95,Meta Ads,Completed
ORD_11255,CUST_1002,2025-01-12 10:09:00,61.2,19.58,5.85,Email Retention,Completed
ORD_11256,CUST_1283,2025-01-16 02:18:00,146.57,46.9,4.67,Meta Ads,Completed
ORD_11257,CUST_1950,2025-03-10 15:34:00,30.32,9.7,5.81,TikTok Ads,Completed
ORD_11258,CUST_1725,2025-04-16 10:20:00,129.58,41.47,5.89,Organic Search,Refunded
ORD_11259,CUST_1667,2025-03-23 20:06:00,28.32,9.06,9.05,Google Ads,Completed
ORD_11260,CUST_1598,2025-02-25 01:51:00,123.71,39.59,7.75,TikTok Ads,Completed
ORD_11261,CUST_2461,2025-05-17 11:40:00,84.56,27.06,4.91,Google Ads,Completed
ORD_11262,CUST_2495,2025-05-04 10:12:00,52.1,16.67,5.18,Google Ads,Completed
ORD_11263,CUST_1868,2025-05-03 19:32:00,69.15,22.13,5.28,Meta Ads,Completed
ORD_11264,CUST_2264,2025-03-14 22:26:00,113.61,36.36,7.65,Google Ads,Completed
ORD_11265,CUST_1476,2025-05-16 11:38:00,186.67,59.73,8.18,TikTok Ads,Completed
ORD_11266,CUST_1580,2025-03-19 15:59:00,36.68,11.74,8.8,Meta Ads,Completed
ORD_11267,CUST_1867,2025-05-20 11:29:00,53.67,17.17,9.2,TikTok Ads,Completed
ORD_11268,CUST_1023,2025-04-05 04:47:00,42.16,13.49,5.51,Meta Ads,Completed
ORD_11269,CUST_1182,2025-06-24 02:30:00,76.86,24.6,6.05,Meta Ads,Completed
ORD_11270,CUST_1551,2025-01-15 22:54:00,125.18,40.06,5.7,Meta Ads,Completed
ORD_11271,CUST_1912,2025-02-23 18:29:00,39.26,12.56,6.29,TikTok Ads,Refunded
ORD_11272,CUST_1117,2025-06-15 16:17:00,83.53,26.73,9.07,Google Ads,Completed
ORD_11273,CUST_2497,2025-06-27 17:25:00,123.42,39.49,7.38,Organic Search,Completed
ORD_11274,CUST_1132,2025-05-31 04:40:00,68.68,21.98,8.19,Google Ads,Completed
ORD_11275,CUST_2390,2025-02-14 10:26:00,17.98,5.75,6.95,Meta Ads,Completed
ORD_11276,CUST_1187,2025-05-08 19:42:00,91.98,29.43,4.64,Meta Ads,Completed
ORD_11277,CUST_1826,2025-02-26 09:04:00,141.8,45.38,4.82,Google Ads,Completed
ORD_11278,CUST_1173,2025-01-08 14:36:00,48.86,15.64,7.19,Meta Ads,Completed
ORD_11279,CUST_1055,2025-06-08 02:03:00,32.08,10.27,8.09,Meta Ads,Completed
ORD_11280,CUST_2474,2025-01-04 03:17:00,97.05,31.06,5.58,TikTok Ads,Completed
ORD_11281,CUST_1317,2025-06-28 21:20:00,98.26,31.44,8.11,TikTok Ads,Completed
ORD_11282,CUST_2062,2025-05-06 16:39:00,66.44,21.26,8.55,Meta Ads,Completed
ORD_11283,CUST_1301,2025-06-06 11:14:00,60.37,19.32,6.56,TikTok Ads,Completed
ORD_11284,CUST_1031,2025-02-26 23:33:00,85.34,27.31,8.23,Google Ads,Completed
ORD_11285,CUST_2296,2025-04-27 01:05:00,48.42,15.49,6.52,Google Ads,Completed
ORD_11286,CUST_1514,2025-02-27 11:02:00,48.46,15.51,7.89,Google Ads,Completed
ORD_11287,CUST_1653,2025-01-20 06:21:00,113.28,36.25,8.32,Email Retention,Completed
ORD_11288,CUST_1173,2025-01-16 14:16:00,46.78,14.97,9.46,Meta Ads,Completed
ORD_11289,CUST_1971,2025-04-13 01:28:00,33.18,10.62,6.23,Meta Ads,Completed
ORD_11290,CUST_2387,2025-01-08 00:53:00,60.31,19.3,6.56,Google Ads,Completed
ORD_11291,CUST_1394,2025-05-28 03:19:00,67.21,21.51,5.33,Meta Ads,Completed
ORD_11292,CUST_1531,2025-04-25 14:27:00,103.28,33.05,5.52,Email Retention,Completed
ORD_11293,CUST_1130,2025-05-02 02:14:00,62.84,20.11,7.97,Meta Ads,Refunded
ORD_11294,CUST_2204,2025-03-02 01:11:00,152.33,48.75,9.09,Meta Ads,Completed
ORD_11295,CUST_1002,2025-01-11 17:58:00,87.36,27.96,6.47,TikTok Ads,Completed
ORD_11296,CUST_2228,2025-03-18 18:36:00,56.33,18.03,5.4,Google Ads,Completed
ORD_11297,CUST_2095,2025-03-12 19:24:00,101.34,32.43,5.93,Meta Ads,Completed
ORD_11298,CUST_2158,2025-04-26 04:44:00,151.14,48.36,6.78,Google Ads,Completed
ORD_11299,CUST_1400,2025-05-06 07:04:00,111.92,35.81,5.95,Google Ads,Completed
ORD_11300,CUST_1452,2025-04-08 10:32:00,38.06,12.18,5.67,Meta Ads,Completed
ORD_11301,CUST_2276,2025-02-17 16:44:00,69.94,22.38,8.18,Meta Ads,Completed
ORD_11302,CUST_1872,2025-01-11 09:09:00,94.11,30.12,4.54,Google Ads,Completed
ORD_11303,CUST_2169,2025-03-16 02:05:00,109.87,35.16,7.2,Google Ads,Refunded
ORD_11304,CUST_2355,2025-03-09 04:34:00,77.08,24.67,8.47,Organic Search,Completed
ORD_11305,CUST_1483,2025-02-14 11:59:00,72.14,23.08,5.83,TikTok Ads,Completed
ORD_11306,CUST_1269,2025-05-12 05:25:00,174.93,55.98,7.52,Google Ads,Completed
ORD_11307,CUST_1498,2025-04-05 22:53:00,112.65,36.05,7.84,Organic Search,Completed
ORD_11308,CUST_2080,2025-02-12 10:14:00,101.48,32.47,7.78,TikTok Ads,Completed
ORD_11309,CUST_1576,2025-04-15 11:13:00,64.11,20.52,6.73,Meta Ads,Completed
ORD_11310,CUST_1755,2025-05-22 16:45:00,48.07,15.38,6.23,Google Ads,Completed
ORD_11311,CUST_1491,2025-05-01 04:17:00,102.27,32.73,8.68,TikTok Ads,Completed
ORD_11312,CUST_1241,2025-06-25 08:56:00,118.07,37.78,8.29,Meta Ads,Completed
ORD_11313,CUST_1457,2025-04-10 13:39:00,83.78,26.81,6.11,Meta Ads,Completed
ORD_11314,CUST_2301,2025-06-26 11:57:00,112.78,36.09,5.02,Meta Ads,Completed
ORD_11315,CUST_1104,2025-03-18 11:15:00,114.05,36.5,4.86,Google Ads,Completed
ORD_11316,CUST_1291,2025-06-05 09:08:00,121.53,38.89,4.97,Google Ads,Completed
ORD_11317,CUST_2442,2025-01-09 09:18:00,37.72,12.07,7.41,Organic Search,Refunded
ORD_11318,CUST_1404,2025-05-01 09:53:00,70.87,22.68,4.76,TikTok Ads,Completed
ORD_11319,CUST_1397,2025-06-08 09:45:00,105.01,33.6,6.18,Google Ads,Refunded
ORD_11320,CUST_2103,2025-06-25 18:11:00,85.95,27.5,8.27,TikTok Ads,Completed
ORD_11321,CUST_2380,2025-05-07 22:25:00,114.21,36.55,5.97,Google Ads,Completed
ORD_11322,CUST_1515,2025-06-29 19:51:00,101.46,32.47,8.32,Google Ads,Completed
ORD_11323,CUST_1088,2025-02-28 22:24:00,25.01,8.0,8.23,TikTok Ads,Completed
ORD_11324,CUST_1048,2025-01-19 01:09:00,134.29,42.97,5.73,Meta Ads,Completed
ORD_11325,CUST_1915,2025-03-19 20:54:00,66.72,21.35,8.14,Meta Ads,Completed
ORD_11326,CUST_2274,2025-03-08 01:26:00,54.72,17.51,8.24,Google Ads,Completed
ORD_11327,CUST_1918,2025-01-29 22:26:00,132.32,42.34,6.49,Meta Ads,Completed
ORD_11328,CUST_2379,2025-02-07 20:19:00,110.35,35.31,5.55,TikTok Ads,Completed
ORD_11329,CUST_1049,2025-04-20 06:29:00,140.49,44.96,7.11,Meta Ads,Completed
ORD_11330,CUST_2197,2025-03-03 21:28:00,94.57,30.26,9.11,Meta Ads,Completed
ORD_11331,CUST_1787,2025-01-30 23:02:00,70.44,22.54,7.7,Meta Ads,Completed
ORD_11332,CUST_1165,2025-03-14 06:38:00,89.7,28.7,5.36,Meta Ads,Completed
ORD_11333,CUST_2114,2025-06-29 09:40:00,49.99,16.0,7.91,TikTok Ads,Refunded
ORD_11334,CUST_1839,2025-01-30 04:07:00,41.62,13.32,6.64,Email Retention,Completed
ORD_11335,CUST_1159,2025-03-22 17:40:00,61.83,19.79,7.46,Meta Ads,Completed
ORD_11336,CUST_1866,2025-06-14 20:10:00,158.87,50.84,8.17,Meta Ads,Completed
ORD_11337,CUST_1578,2025-05-24 04:59:00,64.84,20.75,7.07,Meta Ads,Completed
ORD_11338,CUST_1745,2025-03-09 19:48:00,33.56,10.74,8.57,Google Ads,Completed
ORD_11339,CUST_1884,2025-04-27 01:58:00,78.08,24.99,8.11,Meta Ads,Completed
ORD_11340,CUST_1361,2025-03-26 01:24:00,64.43,20.62,7.58,Organic Search,Completed
ORD_11341,CUST_1949,2025-06-13 07:11:00,135.37,43.32,5.25,Google Ads,Completed
ORD_11342,CUST_1499,2025-05-16 13:50:00,153.85,49.23,8.68,Meta Ads,Completed
ORD_11343,CUST_2064,2025-02-12 08:32:00,68.93,22.06,9.18,Meta Ads,Completed
ORD_11344,CUST_1633,2025-04-25 13:39:00,94.53,30.25,5.18,Google Ads,Completed
ORD_11345,CUST_1460,2025-01-21 11:41:00,98.09,31.39,6.94,TikTok Ads,Completed
ORD_11346,CUST_1993,2025-02-28 02:40:00,82.12,26.28,5.79,Email Retention,Completed
ORD_11347,CUST_2147,2025-03-23 05:07:00,75.36,24.12,8.27,Google Ads,Completed
ORD_11348,CUST_1348,2025-03-14 09:29:00,52.94,16.94,8.11,Meta Ads,Completed
ORD_11349,CUST_1698,2025-06-02 06:49:00,30.72,9.83,5.2,Email Retention,Completed
ORD_11350,CUST_1031,2025-02-27 03:39:00,52.79,16.89,8.89,Meta Ads,Completed
ORD_11351,CUST_1869,2025-05-17 06:11:00,80.8,25.86,5.4,Google Ads,Completed
ORD_11352,CUST_2079,2025-01-12 00:09:00,39.3,12.58,8.49,TikTok Ads,Completed
ORD_11353,CUST_2108,2025-05-22 13:51:00,92.32,29.54,6.78,Google Ads,Completed
ORD_11354,CUST_2096,2025-01-30 05:12:00,86.73,27.75,6.14,Google Ads,Completed
ORD_11355,CUST_2429,2025-01-31 00:52:00,64.49,20.64,5.29,Meta Ads,Completed
ORD_11356,CUST_1204,2025-03-27 11:35:00,73.87,23.64,5.34,Meta Ads,Completed
ORD_11357,CUST_2090,2025-04-29 02:30:00,42.92,13.73,7.81,Meta Ads,Completed
ORD_11358,CUST_1209,2025-06-15 13:22:00,120.57,38.58,7.25,Meta Ads,Completed
ORD_11359,CUST_1487,2025-06-28 02:32:00,119.67,38.29,5.11,TikTok Ads,Completed
ORD_11360,CUST_1899,2025-02-10 02:06:00,46.79,14.97,5.06,TikTok Ads,Completed
ORD_11361,CUST_1470,2025-05-23 13:39:00,47.47,15.19,4.86,Email Retention,Completed
ORD_11362,CUST_1077,2025-03-03 13:25:00,53.14,17.0,8.22,Meta Ads,Completed
ORD_11363,CUST_1843,2025-06-14 01:38:00,107.32,34.34,8.06,Google Ads,Completed
ORD_11364,CUST_1844,2025-01-27 00:28:00,97.95,31.34,4.79,Meta Ads,Refunded
ORD_11365,CUST_2019,2025-03-29 04:13:00,131.66,42.13,7.3,Google Ads,Completed
ORD_11366,CUST_2341,2025-05-22 05:34:00,138.18,44.22,4.92,Meta Ads,Completed
ORD_11367,CUST_1802,2025-04-19 14:15:00,37.42,11.97,9.02,Email Retention,Completed
ORD_11368,CUST_2485,2025-03-01 17:57:00,105.63,33.8,9.04,Meta Ads,Completed
ORD_11369,CUST_1299,2025-06-14 15:04:00,135.74,43.44,7.99,Meta Ads,Completed
ORD_11370,CUST_1896,2025-03-12 11:17:00,71.67,22.93,9.13,Organic Search,Completed
ORD_11371,CUST_2460,2025-05-26 04:25:00,83.09,26.59,8.56,TikTok Ads,Completed
ORD_11372,CUST_1355,2025-01-16 21:48:00,77.4,24.77,8.64,Meta Ads,Completed
ORD_11373,CUST_1025,2025-04-20 21:17:00,78.99,25.28,7.35,Google Ads,Completed
ORD_11374,CUST_2215,2025-04-09 20:24:00,120.39,38.52,6.03,Meta Ads,Completed
ORD_11375,CUST_1483,2025-02-24 02:04:00,172.05,55.06,5.59,Meta Ads,Completed
ORD_11376,CUST_2020,2025-05-30 05:10:00,149.98,47.99,6.14,Meta Ads,Completed
ORD_11377,CUST_2457,2025-03-01 08:52:00,65.92,21.09,7.64,Email Retention,Refunded
ORD_11378,CUST_2313,2025-02-12 19:20:00,94.67,30.29,5.36,TikTok Ads,Completed
ORD_11379,CUST_2206,2025-06-03 15:00:00,57.06,18.26,5.79,Meta Ads,Completed
ORD_11380,CUST_1731,2025-01-13 01:09:00,59.91,19.17,6.84,TikTok Ads,Completed
ORD_11381,CUST_1427,2025-06-10 00:50:00,81.41,26.05,5.67,TikTok Ads,Completed
ORD_11382,CUST_1952,2025-05-19 01:25:00,59.13,18.92,7.44,Google Ads,Completed
ORD_11383,CUST_1478,2025-05-10 21:35:00,63.4,20.29,9.12,Meta Ads,Completed
ORD_11384,CUST_2053,2025-02-04 19:16:00,93.66,29.97,8.24,Meta Ads,Completed
ORD_11385,CUST_1702,2025-02-19 18:32:00,104.97,33.59,7.83,Google Ads,Completed
ORD_11386,CUST_1272,2025-06-01 13:03:00,103.72,33.19,7.41,Meta Ads,Refunded
ORD_11387,CUST_1977,2025-05-16 23:34:00,104.18,33.34,6.94,Email Retention,Completed
ORD_11388,CUST_1821,2025-04-28 14:45:00,44.48,14.23,5.43,Meta Ads,Completed
ORD_11389,CUST_2128,2025-01-10 03:14:00,57.68,18.46,8.97,Meta Ads,Completed
ORD_11390,CUST_2003,2025-03-09 22:10:00,85.48,27.35,5.74,Meta Ads,Completed
ORD_11391,CUST_1422,2025-04-05 19:45:00,133.01,42.56,4.96,Meta Ads,Completed
ORD_11392,CUST_1891,2025-05-09 21:00:00,213.52,68.33,8.25,Meta Ads,Completed
ORD_11393,CUST_1184,2025-04-09 09:59:00,96.38,30.84,5.38,TikTok Ads,Completed
ORD_11394,CUST_1103,2025-02-17 16:24:00,115.3,36.9,6.36,Google Ads,Completed
ORD_11395,CUST_2488,2025-02-01 12:42:00,41.96,13.43,4.64,Meta Ads,Completed
ORD_11396,CUST_1714,2025-03-22 09:42:00,113.93,36.46,5.19,Organic Search,Completed
ORD_11397,CUST_1536,2025-04-03 08:27:00,187.74,60.08,5.37,TikTok Ads,Completed
ORD_11398,CUST_2413,2025-04-19 11:08:00,57.58,18.43,4.77,Meta Ads,Completed
ORD_11399,CUST_1557,2025-05-29 16:44:00,64.39,20.6,7.78,Meta Ads,Completed
ORD_11400,CUST_2406,2025-03-17 16:57:00,122.05,39.06,8.69,Meta Ads,Completed
ORD_11401,CUST_1535,2025-02-16 01:38:00,84.99,27.2,6.37,Meta Ads,Completed
ORD_11402,CUST_1059,2025-05-24 14:17:00,29.28,9.37,8.87,Meta Ads,Completed
ORD_11403,CUST_2066,2025-02-18 18:09:00,66.25,21.2,5.57,Organic Search,Completed
ORD_11404,CUST_1327,2025-04-05 23:45:00,153.57,49.14,6.13,TikTok Ads,Completed
ORD_11405,CUST_2366,2025-06-09 20:41:00,73.61,23.56,5.25,Meta Ads,Completed
ORD_11406,CUST_1016,2025-03-16 00:00:00,73.58,23.55,7.6,Email Retention,Completed
ORD_11407,CUST_1489,2025-01-29 04:42:00,118.63,37.96,6.6,Meta Ads,Completed
ORD_11408,CUST_1953,2025-02-28 20:06:00,97.93,31.34,7.57,Google Ads,Completed
ORD_11409,CUST_1854,2025-02-10 16:34:00,71.76,22.96,8.31,Google Ads,Completed
ORD_11410,CUST_1491,2025-05-24 13:53:00,62.37,19.96,7.23,TikTok Ads,Completed
ORD_11411,CUST_1464,2025-06-25 01:32:00,258.77,82.81,7.64,Google Ads,Completed
ORD_11412,CUST_1953,2025-04-01 17:48:00,142.29,45.53,9.18,Google Ads,Completed
ORD_11413,CUST_1270,2025-06-02 07:17:00,104.16,33.33,6.0,Meta Ads,Completed
ORD_11414,CUST_1852,2025-04-18 05:13:00,107.13,34.28,6.3,Meta Ads,Completed
ORD_11415,CUST_1340,2025-01-20 20:24:00,79.22,25.35,8.09,Organic Search,Completed
ORD_11416,CUST_1733,2025-04-11 12:48:00,97.41,31.17,7.56,Meta Ads,Completed
ORD_11417,CUST_2459,2025-01-15 09:31:00,75.38,24.12,5.39,Email Retention,Refunded
ORD_11418,CUST_2071,2025-06-02 20:53:00,55.05,17.62,6.38,Email Retention,Completed
ORD_11419,CUST_2264,2025-03-11 00:56:00,99.11,31.72,6.84,Google Ads,Completed
ORD_11420,CUST_2410,2025-03-12 23:55:00,72.39,23.16,6.6,Meta Ads,Completed
ORD_11421,CUST_2139,2025-02-26 06:36:00,101.42,32.45,5.39,TikTok Ads,Completed
ORD_11422,CUST_1159,2025-05-15 13:29:00,109.88,35.16,9.12,Google Ads,Completed
ORD_11423,CUST_2316,2025-06-17 19:33:00,103.8,33.22,8.31,Email Retention,Refunded
ORD_11424,CUST_1798,2025-04-04 11:35:00,52.88,16.92,6.91,Organic Search,Completed
ORD_11425,CUST_1491,2025-04-10 16:22:00,68.79,22.01,7.9,Google Ads,Refunded
ORD_11426,CUST_1306,2025-04-23 15:01:00,73.04,23.37,8.99,Meta Ads,Completed
ORD_11427,CUST_2065,2025-03-21 12:39:00,127.94,40.94,5.18,Google Ads,Completed
ORD_11428,CUST_1539,2025-02-26 12:31:00,125.01,40.0,5.75,TikTok Ads,Completed
ORD_11429,CUST_1212,2025-06-30 06:27:00,59.32,18.98,7.21,Google Ads,Completed
ORD_11430,CUST_1516,2025-03-08 00:11:00,43.95,14.06,8.5,TikTok Ads,Completed
ORD_11431,CUST_1679,2025-04-11 17:39:00,218.11,69.8,4.68,Google Ads,Completed
ORD_11432,CUST_2325,2025-06-08 22:20:00,101.99,32.64,9.42,TikTok Ads,Completed
ORD_11433,CUST_1386,2025-03-30 14:47:00,41.01,13.12,6.77,Google Ads,Completed
ORD_11434,CUST_1519,2025-04-10 11:35:00,63.9,20.45,6.3,Meta Ads,Completed
ORD_11435,CUST_1634,2025-03-16 20:58:00,130.3,41.7,5.96,Google Ads,Completed
ORD_11436,CUST_2228,2025-06-09 16:46:00,194.19,62.14,5.37,Meta Ads,Completed
ORD_11437,CUST_2266,2025-03-19 02:53:00,179.78,57.53,8.46,TikTok Ads,Completed
ORD_11438,CUST_1427,2025-01-27 09:47:00,100.08,32.03,9.28,Meta Ads,Completed
ORD_11439,CUST_2498,2025-02-24 18:15:00,84.13,26.92,6.57,Meta Ads,Completed
ORD_11440,CUST_1803,2025-01-30 09:03:00,50.42,16.13,9.26,Meta Ads,Completed
ORD_11441,CUST_1937,2025-05-06 14:46:00,87.38,27.96,8.62,Google Ads,Refunded
ORD_11442,CUST_2225,2025-03-12 21:46:00,53.77,17.21,6.91,Meta Ads,Completed
ORD_11443,CUST_2461,2025-01-03 12:32:00,69.11,22.12,7.87,TikTok Ads,Completed
ORD_11444,CUST_1682,2025-06-07 11:43:00,122.0,39.04,6.67,Meta Ads,Completed
ORD_11445,CUST_1857,2025-06-01 04:28:00,75.2,24.06,7.29,Meta Ads,Completed
ORD_11446,CUST_2152,2025-03-08 20:33:00,72.88,23.32,4.79,Google Ads,Completed
ORD_11447,CUST_2127,2025-01-08 05:12:00,82.06,26.26,7.98,Email Retention,Completed
ORD_11448,CUST_2038,2025-03-16 13:50:00,232.67,74.45,4.76,Meta Ads,Refunded
ORD_11449,CUST_1798,2025-03-02 23:36:00,47.76,15.28,8.59,TikTok Ads,Completed
ORD_11450,CUST_2126,2025-04-16 19:59:00,95.39,30.52,8.62,TikTok Ads,Completed
ORD_11451,CUST_2444,2025-02-12 12:09:00,172.62,55.24,5.69,Email Retention,Completed
ORD_11452,CUST_2380,2025-05-22 10:18:00,81.95,26.22,6.12,Google Ads,Completed
ORD_11453,CUST_1906,2025-05-04 18:10:00,141.13,45.16,6.91,Meta Ads,Completed
ORD_11454,CUST_1641,2025-04-02 19:02:00,42.44,13.58,7.48,Meta Ads,Completed
ORD_11455,CUST_1769,2025-02-25 03:44:00,76.35,24.43,5.94,Meta Ads,Refunded
ORD_11456,CUST_1911,2025-03-24 21:15:00,56.57,18.1,7.46,Meta Ads,Completed
ORD_11457,CUST_1561,2025-04-23 19:03:00,81.55,26.1,5.99,Google Ads,Completed
ORD_11458,CUST_1527,2025-06-21 12:13:00,82.35,26.35,4.78,Organic Search,Completed
ORD_11459,CUST_1159,2025-02-05 09:47:00,86.28,27.61,4.51,Email Retention,Completed
ORD_11460,CUST_1547,2025-03-21 18:04:00,121.5,38.88,5.01,Google Ads,Completed
ORD_11461,CUST_2375,2025-02-04 21:12:00,23.42,7.49,8.46,Google Ads,Completed
ORD_11462,CUST_2451,2025-03-21 02:44:00,62.55,20.02,9.31,Google Ads,Completed
ORD_11463,CUST_1592,2025-06-22 15:27:00,92.49,29.6,6.63,Google Ads,Completed
ORD_11464,CUST_1927,2025-01-27 14:06:00,30.12,9.64,7.06,Meta Ads,Completed
ORD_11465,CUST_1049,2025-01-06 02:12:00,110.47,35.35,5.23,Organic Search,Completed
ORD_11466,CUST_2066,2025-06-21 22:02:00,61.99,19.84,7.26,Google Ads,Completed
ORD_11467,CUST_2227,2025-06-03 07:50:00,77.03,24.65,5.22,Meta Ads,Completed
ORD_11468,CUST_1566,2025-02-21 22:23:00,123.93,39.66,7.56,Meta Ads,Completed
ORD_11469,CUST_1484,2025-05-03 18:42:00,143.96,46.07,9.17,Google Ads,Completed
ORD_11470,CUST_1381,2025-05-18 07:19:00,111.97,35.83,5.48,Meta Ads,Completed
ORD_11471,CUST_1946,2025-04-12 04:49:00,47.07,15.06,8.32,Meta Ads,Refunded
ORD_11472,CUST_1394,2025-01-25 01:18:00,109.5,35.04,4.62,TikTok Ads,Refunded
ORD_11473,CUST_1449,2025-05-07 14:07:00,112.76,36.08,6.38,Organic Search,Completed
ORD_11474,CUST_1447,2025-02-22 02:36:00,103.07,32.98,5.05,Meta Ads,Completed
ORD_11475,CUST_2404,2025-05-23 04:09:00,154.28,49.37,6.26,Meta Ads,Completed
ORD_11476,CUST_1417,2025-02-12 15:03:00,87.3,27.94,5.37,Meta Ads,Completed
ORD_11477,CUST_2110,2025-05-14 08:09:00,151.65,48.53,6.37,Google Ads,Completed
ORD_11478,CUST_2176,2025-05-15 13:45:00,151.24,48.4,6.59,Meta Ads,Completed
ORD_11479,CUST_2156,2025-01-19 19:17:00,114.16,36.53,6.0,Meta Ads,Completed
ORD_11480,CUST_2400,2025-04-09 12:46:00,96.07,30.74,7.78,Meta Ads,Completed
ORD_11481,CUST_2443,2025-04-13 14:52:00,103.33,33.07,9.09,TikTok Ads,Completed
ORD_11482,CUST_1007,2025-04-29 19:57:00,168.96,54.07,6.5,Google Ads,Completed
ORD_11483,CUST_1908,2025-04-05 08:50:00,132.94,42.54,5.46,Meta Ads,Completed
ORD_11484,CUST_1565,2025-02-22 08:30:00,49.91,15.97,5.85,Organic Search,Completed
ORD_11485,CUST_2047,2025-04-02 14:02:00,100.44,32.14,8.77,Organic Search,Completed
ORD_11486,CUST_1209,2025-05-01 16:23:00,55.16,17.65,7.36,TikTok Ads,Completed
ORD_11487,CUST_1053,2025-04-02 00:25:00,61.11,19.56,6.78,Meta Ads,Completed
ORD_11488,CUST_1919,2025-06-15 15:48:00,70.4,22.53,5.25,Meta Ads,Refunded
ORD_11489,CUST_1349,2025-06-06 09:55:00,40.34,12.91,6.75,Google Ads,Completed
ORD_11490,CUST_2432,2025-06-16 21:04:00,53.42,17.09,5.89,Organic Search,Refunded
ORD_11491,CUST_1220,2025-01-26 09:41:00,158.01,50.56,9.22,Meta Ads,Completed
ORD_11492,CUST_1016,2025-06-01 09:53:00,60.93,19.5,8.92,Meta Ads,Completed
ORD_11493,CUST_2236,2025-05-25 03:11:00,121.8,38.98,4.92,Google Ads,Completed
ORD_11494,CUST_1678,2025-05-29 04:02:00,90.86,29.08,7.08,Organic Search,Completed
ORD_11495,CUST_1104,2025-02-24 16:44:00,107.4,34.37,5.63,Meta Ads,Completed
ORD_11496,CUST_2363,2025-05-28 02:34:00,109.43,35.02,6.55,Google Ads,Completed
ORD_11497,CUST_1761,2025-03-19 12:16:00,52.26,16.72,8.88,Meta Ads,Completed
ORD_11498,CUST_1869,2025-01-16 10:50:00,121.49,38.88,7.14,Meta Ads,Completed
ORD_11499,CUST_1926,2025-05-23 01:37:00,44.61,14.28,6.17,Google Ads,Completed
ORD_11500,CUST_1566,2025-06-11 16:32:00,59.71,19.11,5.54,TikTok Ads,Completed
ORD_11501,CUST_2406,2025-05-01 07:28:00,108.73,34.79,8.5,Meta Ads,Completed
ORD_11502,CUST_2062,2025-05-07 18:06:00,50.57,16.18,7.62,Meta Ads,Completed
ORD_11503,CUST_1192,2025-06-09 21:40:00,28.46,9.11,6.84,Google Ads,Completed
ORD_11504,CUST_2356,2025-06-04 12:25:00,98.34,31.47,5.59,Email Retention,Completed
ORD_11505,CUST_2188,2025-01-27 04:04:00,36.66,11.73,6.17,TikTok Ads,Completed
ORD_11506,CUST_1766,2025-01-08 19:45:00,113.27,36.25,9.3,Organic Search,Completed
ORD_11507,CUST_1518,2025-04-28 07:14:00,72.79,23.29,7.1,Organic Search,Completed
ORD_11508,CUST_2230,2025-06-30 15:54:00,97.71,31.27,6.5,Google Ads,Completed
ORD_11509,CUST_1031,2025-02-14 16:06:00,96.9,31.01,7.11,Email Retention,Completed
ORD_11510,CUST_1445,2025-06-21 22:04:00,117.0,37.44,8.39,Google Ads,Completed
ORD_11511,CUST_1360,2025-05-27 01:07:00,110.14,35.24,6.2,Google Ads,Refunded
ORD_11512,CUST_1027,2025-05-17 00:42:00,50.34,16.11,5.39,Organic Search,Completed
ORD_11513,CUST_2080,2025-01-29 13:10:00,74.86,23.96,7.42,TikTok Ads,Completed
ORD_11514,CUST_1345,2025-01-15 12:32:00,97.66,31.25,7.83,Google Ads,Completed
ORD_11515,CUST_2272,2025-05-17 00:22:00,152.86,48.92,8.06,TikTok Ads,Completed
ORD_11516,CUST_2133,2025-03-21 14:11:00,110.58,35.39,8.91,Email Retention,Completed
ORD_11517,CUST_1759,2025-01-27 22:40:00,147.0,47.04,6.36,TikTok Ads,Completed
ORD_11518,CUST_2053,2025-01-15 00:50:00,99.96,31.99,4.88,TikTok Ads,Completed
ORD_11519,CUST_1038,2025-06-12 12:49:00,133.96,42.87,9.29,Meta Ads,Completed
ORD_11520,CUST_2371,2025-05-10 22:38:00,94.07,30.1,6.68,TikTok Ads,Completed
ORD_11521,CUST_1792,2025-02-15 02:18:00,131.54,42.09,7.62,Organic Search,Completed
ORD_11522,CUST_1432,2025-03-01 00:18:00,71.06,22.74,7.83,Meta Ads,Refunded
ORD_11523,CUST_1807,2025-04-24 07:06:00,160.64,51.4,7.23,Meta Ads,Completed
ORD_11524,CUST_1274,2025-05-11 03:27:00,104.97,33.59,5.53,Google Ads,Refunded
ORD_11525,CUST_1099,2025-04-12 14:35:00,40.49,12.96,8.28,Meta Ads,Completed
ORD_11526,CUST_1642,2025-05-15 11:46:00,99.12,31.72,8.52,Organic Search,Completed
ORD_11527,CUST_1354,2025-03-22 03:22:00,110.75,35.44,7.26,Google Ads,Completed
ORD_11528,CUST_1481,2025-01-28 15:36:00,123.34,39.47,6.94,TikTok Ads,Refunded
ORD_11529,CUST_1089,2025-03-12 00:36:00,185.2,59.26,5.07,Meta Ads,Completed
ORD_11530,CUST_2106,2025-05-20 06:38:00,65.83,21.07,4.92,TikTok Ads,Refunded
ORD_11531,CUST_2071,2025-03-08 22:16:00,185.76,59.44,6.2,Email Retention,Completed
ORD_11532,CUST_1200,2025-05-10 01:27:00,84.14,26.92,6.05,Meta Ads,Completed
ORD_11533,CUST_2013,2025-01-23 12:57:00,58.31,18.66,9.27,TikTok Ads,Completed
ORD_11534,CUST_1148,2025-01-21 21:29:00,66.51,21.28,8.42,Google Ads,Completed
ORD_11535,CUST_2081,2025-01-03 17:16:00,107.84,34.51,7.8,Meta Ads,Completed
ORD_11536,CUST_1294,2025-03-30 15:20:00,54.22,17.35,7.09,Google Ads,Completed
ORD_11537,CUST_1021,2025-03-25 07:08:00,71.63,22.92,5.34,Meta Ads,Completed
ORD_11538,CUST_1716,2025-03-10 07:29:00,98.03,31.37,9.39,Google Ads,Completed
ORD_11539,CUST_2315,2025-01-21 08:10:00,160.08,51.23,6.38,Meta Ads,Completed
ORD_11540,CUST_1690,2025-02-17 18:06:00,121.77,38.97,5.03,Google Ads,Completed
ORD_11541,CUST_1275,2025-03-12 13:14:00,85.7,27.42,6.97,Google Ads,Completed
ORD_11542,CUST_2035,2025-06-28 20:09:00,107.63,34.44,8.87,Meta Ads,Completed
ORD_11543,CUST_1189,2025-04-08 07:02:00,93.74,30.0,8.94,Google Ads,Completed
ORD_11544,CUST_1091,2025-04-21 05:33:00,46.72,14.95,4.55,Meta Ads,Refunded
ORD_11545,CUST_1039,2025-03-26 18:10:00,172.42,55.17,8.93,Meta Ads,Completed
ORD_11546,CUST_1174,2025-01-24 23:20:00,161.21,51.59,5.86,TikTok Ads,Completed
ORD_11547,CUST_1180,2025-06-19 00:08:00,81.16,25.97,4.69,Meta Ads,Completed
ORD_11548,CUST_1366,2025-04-17 19:15:00,67.63,21.64,8.74,Meta Ads,Completed
ORD_11549,CUST_2178,2025-03-13 17:16:00,47.26,15.12,8.82,Meta Ads,Completed
ORD_11550,CUST_2262,2025-01-04 20:38:00,110.61,35.4,7.48,Meta Ads,Completed
ORD_11551,CUST_1348,2025-05-17 07:28:00,110.93,35.5,7.37,Organic Search,Completed
ORD_11552,CUST_1116,2025-01-02 03:36:00,56.45,18.06,8.57,Email Retention,Completed
ORD_11553,CUST_2231,2025-01-04 21:29:00,94.23,30.15,8.43,TikTok Ads,Completed
ORD_11554,CUST_1275,2025-03-01 12:57:00,120.11,38.44,8.95,TikTok Ads,Completed
ORD_11555,CUST_1736,2025-04-04 23:21:00,65.48,20.95,7.26,Google Ads,Completed
ORD_11556,CUST_1051,2025-05-24 09:19:00,76.59,24.51,9.34,Google Ads,Completed
ORD_11557,CUST_1826,2025-03-31 23:39:00,76.25,24.4,9.48,Email Retention,Completed
ORD_11558,CUST_2038,2025-06-24 18:40:00,58.19,18.62,5.08,Google Ads,Completed
ORD_11559,CUST_1107,2025-01-26 16:20:00,77.31,24.74,8.75,Meta Ads,Completed
ORD_11560,CUST_1324,2025-04-08 16:41:00,37.03,11.85,7.0,Meta Ads,Completed
ORD_11561,CUST_1380,2025-02-21 22:53:00,74.43,23.82,6.44,Meta Ads,Refunded
ORD_11562,CUST_1825,2025-04-30 08:08:00,74.96,23.99,7.57,Organic Search,Completed
ORD_11563,CUST_1641,2025-03-09 07:22:00,81.62,26.12,4.78,Meta Ads,Refunded
ORD_11564,CUST_1177,2025-06-25 18:11:00,104.06,33.3,7.03,Email Retention,Completed
ORD_11565,CUST_1528,2025-03-28 18:26:00,45.36,14.52,8.85,Google Ads,Completed
ORD_11566,CUST_1582,2025-06-27 12:44:00,49.65,15.89,5.57,Google Ads,Completed
ORD_11567,CUST_1361,2025-04-26 05:18:00,57.48,18.39,6.63,Google Ads,Refunded
ORD_11568,CUST_2066,2025-05-23 05:45:00,43.01,13.76,9.2,TikTok Ads,Completed
ORD_11569,CUST_1661,2025-04-05 21:47:00,109.33,34.99,6.64,Meta Ads,Completed
ORD_11570,CUST_1725,2025-03-30 22:51:00,64.14,20.52,6.29,Email Retention,Completed
ORD_11571,CUST_1312,2025-04-12 15:25:00,82.78,26.49,6.7,Email Retention,Completed
ORD_11572,CUST_1874,2025-01-23 21:56:00,55.14,17.64,7.1,TikTok Ads,Completed
ORD_11573,CUST_2485,2025-05-18 11:08:00,70.78,22.65,7.66,Meta Ads,Completed
ORD_11574,CUST_2223,2025-06-26 22:58:00,96.26,30.8,8.5,TikTok Ads,Completed
ORD_11575,CUST_2442,2025-05-29 02:15:00,98.35,31.47,6.76,Meta Ads,Completed
ORD_11576,CUST_1360,2025-02-03 20:22:00,50.69,16.22,8.59,Email Retention,Completed
ORD_11577,CUST_1422,2025-06-30 07:32:00,80.9,25.89,7.17,Google Ads,Completed
ORD_11578,CUST_1831,2025-05-31 20:45:00,55.59,17.79,6.19,Google Ads,Refunded
ORD_11579,CUST_1168,2025-06-02 15:45:00,79.54,25.45,7.79,Google Ads,Completed
ORD_11580,CUST_1980,2025-03-07 08:47:00,61.63,19.72,8.09,Google Ads,Completed
ORD_11581,CUST_2458,2025-01-21 14:08:00,177.31,56.74,7.29,Google Ads,Completed
ORD_11582,CUST_1005,2025-05-06 17:15:00,119.8,38.34,4.78,Meta Ads,Completed
ORD_11583,CUST_1619,2025-03-13 08:33:00,100.26,32.08,5.35,Google Ads,Completed
ORD_11584,CUST_1884,2025-03-31 11:38:00,73.62,23.56,5.93,Google Ads,Completed
ORD_11585,CUST_2264,2025-02-01 20:31:00,121.34,38.83,5.91,TikTok Ads,Completed
ORD_11586,CUST_1205,2025-04-30 11:51:00,81.98,26.23,7.87,Google Ads,Completed
ORD_11587,CUST_2219,2025-05-29 13:30:00,169.21,54.15,4.59,Email Retention,Completed
ORD_11588,CUST_2442,2025-05-05 22:46:00,126.69,40.54,8.28,Email Retention,Completed
ORD_11589,CUST_1455,2025-05-23 13:30:00,70.54,22.57,5.83,Google Ads,Completed
ORD_11590,CUST_1754,2025-05-06 17:29:00,160.61,51.4,6.05,Organic Search,Completed
ORD_11591,CUST_1537,2025-06-14 02:43:00,73.79,23.61,7.14,Email Retention,Completed
ORD_11592,CUST_1183,2025-04-21 09:35:00,181.93,58.22,5.58,Google Ads,Completed
ORD_11593,CUST_1821,2025-05-26 10:20:00,164.41,52.61,8.92,Meta Ads,Completed
ORD_11594,CUST_2230,2025-05-06 14:51:00,96.03,30.73,4.93,TikTok Ads,Completed
ORD_11595,CUST_2379,2025-04-27 11:32:00,37.75,12.08,6.72,Meta Ads,Completed
ORD_11596,CUST_2277,2025-03-01 15:41:00,92.71,29.67,8.75,Organic Search,Completed
ORD_11597,CUST_1483,2025-01-30 06:07:00,48.15,15.41,7.58,Meta Ads,Completed
ORD_11598,CUST_2197,2025-05-20 13:12:00,62.51,20.0,5.96,TikTok Ads,Completed
ORD_11599,CUST_1891,2025-01-20 06:14:00,64.73,20.71,6.6,Meta Ads,Completed
ORD_11600,CUST_1865,2025-05-15 21:18:00,47.95,15.34,8.03,Google Ads,Refunded
ORD_11601,CUST_1493,2025-04-14 05:21:00,92.87,29.72,9.37,Meta Ads,Completed
ORD_11602,CUST_1325,2025-01-10 05:18:00,59.06,18.9,8.97,Meta Ads,Completed
ORD_11603,CUST_2092,2025-01-23 21:16:00,75.35,24.11,6.21,Meta Ads,Refunded
ORD_11604,CUST_2016,2025-02-03 03:13:00,64.99,20.8,9.49,Google Ads,Completed
ORD_11605,CUST_1813,2025-03-22 02:26:00,104.26,33.36,4.52,TikTok Ads,Completed
ORD_11606,CUST_2394,2025-03-16 17:00:00,100.91,32.29,4.64,Meta Ads,Completed
ORD_11607,CUST_1408,2025-05-01 00:42:00,72.59,23.23,8.62,Google Ads,Completed
ORD_11608,CUST_2017,2025-06-14 22:02:00,106.56,34.1,5.5,Google Ads,Completed
ORD_11609,CUST_2346,2025-02-23 04:24:00,141.42,45.25,4.8,Meta Ads,Completed
ORD_11610,CUST_2331,2025-03-04 17:09:00,26.18,8.38,5.69,TikTok Ads,Completed
ORD_11611,CUST_1747,2025-01-05 22:41:00,63.26,20.24,6.63,Google Ads,Completed
ORD_11612,CUST_1294,2025-01-13 04:25:00,52.59,16.83,8.15,Google Ads,Completed
ORD_11613,CUST_1120,2025-04-03 01:52:00,60.62,19.4,7.62,Google Ads,Completed
ORD_11614,CUST_1208,2025-01-31 12:17:00,23.57,7.54,5.69,Meta Ads,Completed
ORD_11615,CUST_1839,2025-02-03 17:56:00,25.58,8.19,7.02,Meta Ads,Completed
ORD_11616,CUST_2459,2025-03-16 22:14:00,16.06,5.14,9.13,Meta Ads,Completed
ORD_11617,CUST_1164,2025-06-08 07:22:00,66.03,21.13,8.58,Meta Ads,Completed
ORD_11618,CUST_1080,2025-04-02 12:17:00,65.15,20.85,6.12,Google Ads,Completed
ORD_11619,CUST_1727,2025-04-11 16:18:00,150.38,48.12,9.41,TikTok Ads,Completed
ORD_11620,CUST_2173,2025-05-03 00:14:00,89.61,28.68,8.04,TikTok Ads,Completed
ORD_11621,CUST_1339,2025-03-11 03:59:00,25.41,8.13,4.81,Meta Ads,Completed
ORD_11622,CUST_1160,2025-06-08 14:24:00,105.35,33.71,4.68,Meta Ads,Completed
ORD_11623,CUST_1205,2025-01-13 15:53:00,347.84,111.31,5.34,Meta Ads,Completed
ORD_11624,CUST_1781,2025-06-12 01:31:00,26.23,8.39,8.14,Google Ads,Refunded
ORD_11625,CUST_2177,2025-06-10 22:54:00,170.49,54.56,5.42,Organic Search,Completed
ORD_11626,CUST_2056,2025-04-15 12:26:00,82.24,26.32,7.06,Meta Ads,Completed
ORD_11627,CUST_1494,2025-05-08 16:47:00,68.56,21.94,4.97,Google Ads,Completed
ORD_11628,CUST_1992,2025-01-27 22:45:00,63.73,20.39,9.1,Google Ads,Completed
ORD_11629,CUST_1720,2025-04-12 01:04:00,97.48,31.19,6.22,Meta Ads,Completed
ORD_11630,CUST_1256,2025-03-09 10:20:00,68.83,22.03,9.04,Meta Ads,Completed
ORD_11631,CUST_1497,2025-06-13 18:20:00,47.27,15.13,9.22,Meta Ads,Completed
ORD_11632,CUST_1106,2025-03-15 19:25:00,64.86,20.76,4.53,Meta Ads,Completed
ORD_11633,CUST_1497,2025-06-06 08:02:00,98.72,31.59,6.82,Meta Ads,Completed
ORD_11634,CUST_2240,2025-05-22 14:56:00,113.57,36.34,4.62,TikTok Ads,Completed
ORD_11635,CUST_1999,2025-01-26 03:46:00,178.34,57.07,9.04,Organic Search,Completed
ORD_11636,CUST_1459,2025-06-29 23:42:00,87.87,28.12,7.09,Google Ads,Completed
ORD_11637,CUST_1674,2025-03-21 01:55:00,145.14,46.44,4.87,TikTok Ads,Refunded
ORD_11638,CUST_1456,2025-04-09 20:15:00,76.65,24.53,5.05,Meta Ads,Completed
ORD_11639,CUST_1157,2025-04-18 00:54:00,81.53,26.09,6.42,Meta Ads,Completed
ORD_11640,CUST_2039,2025-05-24 05:25:00,79.56,25.46,9.2,TikTok Ads,Completed
ORD_11641,CUST_2169,2025-03-09 18:38:00,92.63,29.64,7.96,Meta Ads,Refunded
ORD_11642,CUST_2117,2025-03-07 10:33:00,122.53,39.21,8.84,Google Ads,Completed
ORD_11643,CUST_2045,2025-06-06 03:21:00,67.5,21.6,6.33,Meta Ads,Completed
ORD_11644,CUST_1784,2025-05-24 00:05:00,53.95,17.26,4.72,TikTok Ads,Completed
ORD_11645,CUST_1082,2025-01-24 05:38:00,126.89,40.6,9.37,Google Ads,Refunded
ORD_11646,CUST_1653,2025-02-27 03:06:00,122.88,39.32,4.59,Organic Search,Completed
ORD_11647,CUST_2020,2025-04-25 11:23:00,155.26,49.68,9.24,Email Retention,Refunded
ORD_11648,CUST_1650,2025-06-13 04:58:00,62.64,20.04,6.34,TikTok Ads,Completed
ORD_11649,CUST_1564,2025-02-11 22:12:00,75.39,24.12,4.55,Google Ads,Completed
ORD_11650,CUST_1226,2025-01-19 11:17:00,129.02,41.29,7.95,TikTok Ads,Completed
ORD_11651,CUST_1602,2025-03-26 07:16:00,67.13,21.48,9.4,Google Ads,Completed
ORD_11652,CUST_2416,2025-01-24 11:24:00,111.45,35.66,9.33,Google Ads,Completed
ORD_11653,CUST_2355,2025-01-20 02:13:00,76.81,24.58,5.3,Meta Ads,Completed
ORD_11654,CUST_1529,2025-06-09 02:42:00,97.24,31.12,5.41,Email Retention,Completed
ORD_11655,CUST_2425,2025-02-23 19:21:00,46.81,14.98,7.33,Meta Ads,Completed
ORD_11656,CUST_1568,2025-01-26 17:08:00,87.36,27.96,7.69,Meta Ads,Completed
ORD_11657,CUST_1410,2025-05-28 22:51:00,13.11,4.2,8.2,TikTok Ads,Refunded
ORD_11658,CUST_2493,2025-01-05 16:09:00,140.16,44.85,5.41,Google Ads,Completed
ORD_11659,CUST_2305,2025-04-03 01:55:00,118.0,37.76,9.3,Google Ads,Completed
ORD_11660,CUST_2293,2025-04-25 18:26:00,52.24,16.72,7.69,Email Retention,Completed
ORD_11661,CUST_1266,2025-01-29 08:20:00,171.91,55.01,8.74,TikTok Ads,Completed
ORD_11662,CUST_1715,2025-04-08 22:49:00,136.35,43.63,7.2,Email Retention,Completed
ORD_11663,CUST_1959,2025-01-18 19:29:00,47.91,15.33,6.57,TikTok Ads,Completed
ORD_11664,CUST_1192,2025-04-17 19:13:00,65.06,20.82,9.39,Meta Ads,Completed
ORD_11665,CUST_1630,2025-02-10 16:04:00,49.25,15.76,7.41,Organic Search,Completed
ORD_11666,CUST_2233,2025-04-17 10:54:00,98.47,31.51,8.83,TikTok Ads,Completed
ORD_11667,CUST_1378,2025-01-08 17:27:00,63.72,20.39,9.27,Meta Ads,Completed
ORD_11668,CUST_1198,2025-02-08 14:30:00,29.43,9.42,7.88,Google Ads,Completed
ORD_11669,CUST_1817,2025-02-07 06:18:00,81.36,26.04,7.24,Google Ads,Refunded
ORD_11670,CUST_1992,2025-05-24 10:32:00,124.65,39.89,4.52,Email Retention,Completed
ORD_11671,CUST_1777,2025-02-28 01:59:00,88.18,28.22,4.7,Google Ads,Completed
ORD_11672,CUST_1551,2025-06-14 02:27:00,106.95,34.22,5.5,Meta Ads,Completed
ORD_11673,CUST_2220,2025-06-28 01:28:00,92.01,29.44,5.43,TikTok Ads,Completed
ORD_11674,CUST_2349,2025-05-30 21:26:00,115.82,37.06,5.77,Google Ads,Completed
ORD_11675,CUST_1324,2025-03-03 21:32:00,95.73,30.63,6.02,Organic Search,Completed
ORD_11676,CUST_1013,2025-02-16 01:30:00,79.32,25.38,6.3,Google Ads,Refunded
ORD_11677,CUST_1135,2025-01-30 11:03:00,87.68,28.06,6.6,Meta Ads,Completed
ORD_11678,CUST_1598,2025-06-16 20:24:00,157.84,50.51,4.99,Meta Ads,Completed
ORD_11679,CUST_1243,2025-06-24 12:09:00,109.66,35.09,4.71,TikTok Ads,Completed
ORD_11680,CUST_1049,2025-02-28 20:48:00,52.16,16.69,7.87,Organic Search,Completed
ORD_11681,CUST_1273,2025-05-16 23:53:00,87.05,27.86,7.19,Meta Ads,Completed
ORD_11682,CUST_1211,2025-06-12 20:38:00,97.68,31.26,6.72,Google Ads,Completed
ORD_11683,CUST_2278,2025-02-03 17:40:00,78.11,25.0,7.67,Google Ads,Completed
ORD_11684,CUST_1756,2025-02-13 09:42:00,29.51,9.44,8.64,Meta Ads,Completed
ORD_11685,CUST_2358,2025-05-27 02:44:00,54.79,17.53,6.64,Meta Ads,Completed
ORD_11686,CUST_2470,2025-01-07 04:50:00,68.92,22.05,7.71,Meta Ads,Completed
ORD_11687,CUST_1586,2025-06-25 16:15:00,180.86,57.88,9.27,Meta Ads,Completed
ORD_11688,CUST_1192,2025-02-07 08:07:00,104.35,33.39,8.7,Organic Search,Completed
ORD_11689,CUST_1203,2025-05-28 07:02:00,37.06,11.86,6.63,TikTok Ads,Completed
ORD_11690,CUST_2124,2025-03-10 12:52:00,80.41,25.73,7.72,Google Ads,Completed
ORD_11691,CUST_2232,2025-06-01 03:56:00,146.82,46.98,5.39,Organic Search,Completed
ORD_11692,CUST_1153,2025-03-23 07:13:00,63.29,20.25,7.3,Google Ads,Completed
ORD_11693,CUST_1616,2025-02-08 20:39:00,131.19,41.98,9.41,Meta Ads,Completed
ORD_11694,CUST_1516,2025-03-30 09:29:00,37.69,12.06,7.09,Meta Ads,Completed
ORD_11695,CUST_2387,2025-01-09 16:01:00,14.99,4.8,9.14,Google Ads,Completed
ORD_11696,CUST_1099,2025-02-25 04:16:00,139.85,44.75,6.54,Meta Ads,Completed
ORD_11697,CUST_1572,2025-06-01 16:04:00,67.25,21.52,9.49,Meta Ads,Completed
ORD_11698,CUST_2335,2025-01-14 04:31:00,30.25,9.68,7.4,Organic Search,Completed
ORD_11699,CUST_1797,2025-02-14 10:30:00,69.78,22.33,4.71,Meta Ads,Completed
ORD_11700,CUST_1199,2025-03-20 14:20:00,91.62,29.32,7.43,Meta Ads,Completed
ORD_11701,CUST_2090,2025-03-11 14:02:00,102.71,32.87,5.87,Email Retention,Completed
ORD_11702,CUST_1847,2025-05-26 09:26:00,19.64,6.28,4.66,Google Ads,Completed
ORD_11703,CUST_2102,2025-02-24 21:49:00,60.92,19.49,8.6,TikTok Ads,Completed
ORD_11704,CUST_2017,2025-06-30 22:49:00,86.31,27.62,5.88,Google Ads,Completed
ORD_11705,CUST_2362,2025-02-22 16:35:00,102.6,32.83,8.48,Meta Ads,Completed
ORD_11706,CUST_1027,2025-05-06 22:41:00,51.85,16.59,5.94,Meta Ads,Completed
ORD_11707,CUST_2241,2025-05-09 21:23:00,76.22,24.39,5.47,Email Retention,Completed
ORD_11708,CUST_1038,2025-04-09 13:02:00,63.19,20.22,9.37,Organic Search,Completed
ORD_11709,CUST_1997,2025-04-13 18:15:00,93.02,29.77,6.31,Email Retention,Completed
ORD_11710,CUST_1886,2025-04-06 05:54:00,137.61,44.04,7.51,Meta Ads,Completed
ORD_11711,CUST_2021,2025-01-06 10:31:00,71.59,22.91,7.55,Organic Search,Completed
ORD_11712,CUST_2274,2025-02-10 20:29:00,41.16,13.17,7.3,Google Ads,Completed
ORD_11713,CUST_1141,2025-02-17 13:02:00,59.32,18.98,9.07,Meta Ads,Completed
ORD_11714,CUST_1485,2025-03-04 00:05:00,171.13,54.76,7.87,Meta Ads,Completed
ORD_11715,CUST_2170,2025-03-13 04:49:00,54.9,17.57,6.52,Google Ads,Completed
ORD_11716,CUST_1859,2025-04-08 04:37:00,45.39,14.52,8.81,Meta Ads,Completed
ORD_11717,CUST_1604,2025-05-27 00:50:00,69.53,22.25,5.41,Meta Ads,Completed
ORD_11718,CUST_1173,2025-06-23 13:34:00,80.42,25.73,7.22,TikTok Ads,Completed
ORD_11719,CUST_2109,2025-02-13 05:08:00,65.05,20.82,9.25,Meta Ads,Completed
ORD_11720,CUST_1182,2025-04-11 11:00:00,37.8,12.1,7.63,Google Ads,Refunded
ORD_11721,CUST_2070,2025-02-23 05:27:00,97.14,31.08,8.58,Meta Ads,Completed
ORD_11722,CUST_1840,2025-06-28 07:21:00,93.07,29.78,7.77,Meta Ads,Completed
ORD_11723,CUST_1777,2025-05-24 05:53:00,113.92,36.45,8.7,Meta Ads,Completed
ORD_11724,CUST_1781,2025-05-25 11:39:00,92.12,29.48,9.22,Organic Search,Completed
ORD_11725,CUST_2175,2025-02-14 02:19:00,164.77,52.73,5.86,Google Ads,Completed
ORD_11726,CUST_2226,2025-06-21 03:32:00,117.89,37.72,5.35,TikTok Ads,Completed
ORD_11727,CUST_2102,2025-03-03 03:58:00,107.39,34.36,6.92,Google Ads,Completed
ORD_11728,CUST_2291,2025-04-14 17:26:00,139.86,44.76,8.01,Meta Ads,Completed
ORD_11729,CUST_2233,2025-01-07 06:44:00,89.58,28.67,5.64,Google Ads,Completed
ORD_11730,CUST_2476,2025-04-11 22:57:00,76.98,24.63,4.52,Google Ads,Completed
ORD_11731,CUST_1199,2025-01-06 11:52:00,96.64,30.92,6.21,Meta Ads,Completed
ORD_11732,CUST_1939,2025-01-03 08:23:00,28.68,9.18,9.34,Google Ads,Completed
ORD_11733,CUST_1657,2025-03-16 13:36:00,89.71,28.71,7.97,Meta Ads,Completed
ORD_11734,CUST_2076,2025-03-01 06:47:00,80.38,25.72,6.51,Google Ads,Completed
ORD_11735,CUST_1547,2025-06-13 21:57:00,101.4,32.45,5.46,Meta Ads,Completed
ORD_11736,CUST_1099,2025-03-22 03:30:00,131.37,42.04,6.28,TikTok Ads,Completed
ORD_11737,CUST_1393,2025-04-03 04:11:00,108.8,34.82,5.35,Email Retention,Completed
ORD_11738,CUST_1466,2025-05-19 03:50:00,59.4,19.01,5.03,Meta Ads,Completed
ORD_11739,CUST_1578,2025-03-31 01:22:00,121.85,38.99,9.03,Meta Ads,Completed
ORD_11740,CUST_2220,2025-03-23 10:28:00,165.85,53.07,9.49,Meta Ads,Completed
ORD_11741,CUST_1535,2025-03-23 22:40:00,132.89,42.52,5.32,Google Ads,Completed
ORD_11742,CUST_2346,2025-04-09 14:55:00,43.08,13.79,4.77,Google Ads,Completed
ORD_11743,CUST_1616,2025-06-30 02:18:00,108.28,34.65,6.15,Meta Ads,Completed
ORD_11744,CUST_2129,2025-06-10 08:05:00,46.44,14.86,6.81,Google Ads,Completed
ORD_11745,CUST_1141,2025-04-30 22:54:00,73.46,23.51,5.52,TikTok Ads,Completed
ORD_11746,CUST_1906,2025-04-06 09:21:00,100.05,32.02,6.01,Google Ads,Completed
ORD_11747,CUST_1333,2025-02-19 15:08:00,94.16,30.13,5.5,Google Ads,Refunded
ORD_11748,CUST_1509,2025-04-15 00:21:00,131.73,42.15,8.37,Meta Ads,Completed
ORD_11749,CUST_1197,2025-04-23 21:34:00,166.21,53.19,8.06,Meta Ads,Completed
ORD_11750,CUST_1941,2025-02-07 05:31:00,104.58,33.47,7.67,TikTok Ads,Completed
ORD_11751,CUST_1218,2025-06-30 17:49:00,70.83,22.67,6.44,Meta Ads,Completed
ORD_11752,CUST_1532,2025-05-01 22:36:00,29.48,9.43,9.05,Google Ads,Completed
ORD_11753,CUST_1966,2025-05-04 16:04:00,146.4,46.85,9.35,Google Ads,Completed
ORD_11754,CUST_2177,2025-06-05 08:27:00,80.58,25.79,5.37,Meta Ads,Completed
ORD_11755,CUST_2219,2025-03-29 10:14:00,82.55,26.42,5.62,Organic Search,Refunded
ORD_11756,CUST_1945,2025-06-08 01:05:00,85.62,27.4,7.13,TikTok Ads,Completed
ORD_11757,CUST_1461,2025-02-08 21:16:00,102.43,32.78,4.96,Google Ads,Completed
ORD_11758,CUST_1659,2025-02-20 19:59:00,103.79,33.21,6.68,Meta Ads,Completed
ORD_11759,CUST_2484,2025-05-02 15:24:00,74.02,23.69,7.41,Email Retention,Completed
ORD_11760,CUST_2308,2025-05-10 11:26:00,80.21,25.67,7.11,Organic Search,Completed
ORD_11761,CUST_1182,2025-04-25 17:01:00,62.67,20.05,6.15,Meta Ads,Completed
ORD_11762,CUST_2159,2025-03-17 14:25:00,59.38,19.0,7.21,Google Ads,Completed
ORD_11763,CUST_1257,2025-04-28 17:39:00,59.24,18.96,9.29,Meta Ads,Completed
ORD_11764,CUST_1846,2025-05-30 05:38:00,79.77,25.53,5.53,Email Retention,Completed
ORD_11765,CUST_2348,2025-05-14 07:07:00,53.74,17.2,7.77,Meta Ads,Completed
ORD_11766,CUST_1731,2025-04-19 11:06:00,14.09,4.51,4.72,Meta Ads,Completed
ORD_11767,CUST_1628,2025-03-03 08:09:00,70.25,22.48,4.83,TikTok Ads,Refunded
ORD_11768,CUST_1800,2025-05-15 03:38:00,44.49,14.24,7.26,Meta Ads,Completed
ORD_11769,CUST_2379,2025-03-02 04:29:00,88.33,28.27,5.02,TikTok Ads,Completed
ORD_11770,CUST_1629,2025-06-28 11:46:00,62.55,20.02,4.61,Email Retention,Completed
ORD_11771,CUST_2395,2025-06-23 23:58:00,103.0,32.96,5.36,Organic Search,Completed
ORD_11772,CUST_2472,2025-05-01 14:37:00,46.63,14.92,7.32,Google Ads,Completed
ORD_11773,CUST_1956,2025-03-25 18:51:00,32.64,10.44,8.02,Google Ads,Completed
ORD_11774,CUST_1535,2025-01-07 08:27:00,80.3,25.7,5.51,Email Retention,Refunded
ORD_11775,CUST_1928,2025-05-06 18:19:00,68.84,22.03,7.84,Organic Search,Completed
ORD_11776,CUST_1533,2025-01-25 00:21:00,42.49,13.6,5.41,Organic Search,Completed
ORD_11777,CUST_1821,2025-04-22 17:39:00,117.93,37.74,7.57,Meta Ads,Refunded
ORD_11778,CUST_1723,2025-05-29 08:25:00,50.75,16.24,6.56,Meta Ads,Completed
ORD_11779,CUST_1197,2025-06-26 05:41:00,58.01,18.56,7.77,Meta Ads,Completed
ORD_11780,CUST_1595,2025-06-25 09:34:00,127.92,40.93,9.48,Google Ads,Completed
ORD_11781,CUST_2340,2025-02-12 21:52:00,105.69,33.82,9.19,Google Ads,Completed
ORD_11782,CUST_2240,2025-05-22 18:37:00,47.98,15.35,4.52,Meta Ads,Completed
ORD_11783,CUST_1723,2025-05-08 08:39:00,71.78,22.97,8.93,Meta Ads,Completed
ORD_11784,CUST_1468,2025-06-19 16:27:00,45.53,14.57,4.83,Meta Ads,Completed
ORD_11785,CUST_2261,2025-05-29 09:16:00,123.76,39.6,9.27,Organic Search,Completed
ORD_11786,CUST_1547,2025-06-24 06:39:00,123.73,39.59,5.91,Google Ads,Completed
ORD_11787,CUST_1609,2025-03-30 02:43:00,177.12,56.68,6.41,Meta Ads,Completed
ORD_11788,CUST_1725,2025-06-11 09:53:00,207.62,66.44,4.96,Meta Ads,Completed
ORD_11789,CUST_2341,2025-05-30 08:57:00,62.2,19.9,5.06,Google Ads,Completed
ORD_11790,CUST_2263,2025-06-03 14:20:00,114.87,36.76,8.13,Organic Search,Completed
ORD_11791,CUST_1567,2025-03-21 00:22:00,29.99,9.6,9.22,Meta Ads,Completed
ORD_11792,CUST_1622,2025-01-21 01:46:00,91.41,29.25,7.55,TikTok Ads,Refunded
ORD_11793,CUST_1436,2025-05-27 03:43:00,101.65,32.53,8.08,Google Ads,Completed
ORD_11794,CUST_2383,2025-06-22 23:15:00,52.14,16.68,8.31,Google Ads,Completed
ORD_11795,CUST_1019,2025-04-12 13:15:00,60.33,19.31,5.81,Email Retention,Completed
ORD_11796,CUST_1772,2025-03-03 13:28:00,124.1,39.71,4.73,TikTok Ads,Completed
ORD_11797,CUST_2217,2025-06-29 15:43:00,102.8,32.9,4.51,Google Ads,Completed
ORD_11798,CUST_2129,2025-05-02 06:31:00,166.94,53.42,6.25,Meta Ads,Completed
ORD_11799,CUST_2014,2025-03-06 07:38:00,158.24,50.64,5.71,Meta Ads,Completed
ORD_11800,CUST_1049,2025-03-21 12:22:00,34.65,11.09,4.81,Email Retention,Completed
ORD_11801,CUST_2466,2025-06-01 11:52:00,65.21,20.87,5.4,TikTok Ads,Completed
ORD_11802,CUST_1868,2025-01-24 14:47:00,49.43,15.82,5.12,Organic Search,Completed
ORD_11803,CUST_1534,2025-05-02 07:52:00,117.03,37.45,9.07,Meta Ads,Completed
ORD_11804,CUST_1453,2025-03-14 19:26:00,95.52,30.57,5.2,Meta Ads,Completed
ORD_11805,CUST_1957,2025-04-06 18:06:00,51.14,16.36,7.19,TikTok Ads,Completed
ORD_11806,CUST_1626,2025-04-29 20:46:00,55.19,17.66,7.47,TikTok Ads,Completed
ORD_11807,CUST_2223,2025-01-05 16:23:00,142.56,45.62,7.22,Meta Ads,Completed
ORD_11808,CUST_1823,2025-01-19 23:12:00,68.78,22.01,5.0,Meta Ads,Completed
ORD_11809,CUST_1571,2025-05-30 07:28:00,27.29,8.73,6.09,Meta Ads,Completed
ORD_11810,CUST_1089,2025-05-05 18:07:00,48.86,15.64,4.76,TikTok Ads,Completed
ORD_11811,CUST_1119,2025-01-16 18:11:00,182.4,58.37,6.48,Meta Ads,Completed
ORD_11812,CUST_1164,2025-01-20 01:46:00,129.58,41.47,5.44,Meta Ads,Refunded
ORD_11813,CUST_2299,2025-02-03 06:51:00,44.04,14.09,7.31,Organic Search,Completed
ORD_11814,CUST_2423,2025-02-02 00:17:00,91.39,29.24,7.96,TikTok Ads,Completed
ORD_11815,CUST_1332,2025-01-15 22:39:00,126.0,40.32,7.16,TikTok Ads,Completed
ORD_11816,CUST_1434,2025-04-26 23:05:00,34.39,11.0,6.67,Meta Ads,Completed
ORD_11817,CUST_2117,2025-01-27 16:05:00,132.26,42.32,6.44,Google Ads,Completed
ORD_11818,CUST_2243,2025-06-15 21:08:00,102.36,32.76,8.71,Google Ads,Completed
ORD_11819,CUST_1285,2025-05-26 19:37:00,58.6,18.75,5.6,Meta Ads,Refunded
ORD_11820,CUST_1393,2025-06-24 14:31:00,109.71,35.11,8.17,TikTok Ads,Completed
ORD_11821,CUST_1621,2025-06-06 05:02:00,96.14,30.76,8.29,Meta Ads,Completed
ORD_11822,CUST_1623,2025-02-06 19:49:00,99.12,31.72,6.6,Meta Ads,Completed
ORD_11823,CUST_2265,2025-06-13 16:43:00,89.89,28.76,5.99,Meta Ads,Refunded
ORD_11824,CUST_2356,2025-06-25 17:41:00,54.19,17.34,6.85,Google Ads,Completed
ORD_11825,CUST_1860,2025-05-27 03:28:00,59.24,18.96,4.97,Meta Ads,Refunded
ORD_11826,CUST_1754,2025-03-24 22:37:00,75.08,24.03,4.73,Google Ads,Completed
ORD_11827,CUST_1237,2025-05-06 05:32:00,85.8,27.46,5.06,Google Ads,Completed
ORD_11828,CUST_1941,2025-06-13 09:11:00,112.62,36.04,5.44,Google Ads,Completed
ORD_11829,CUST_1021,2025-05-06 04:34:00,184.35,58.99,7.02,Google Ads,Completed
ORD_11830,CUST_1351,2025-05-18 14:02:00,93.32,29.86,8.75,Organic Search,Completed
ORD_11831,CUST_2485,2025-06-05 17:25:00,111.73,35.75,5.68,Organic Search,Completed
ORD_11832,CUST_1711,2025-06-28 14:36:00,123.15,39.41,9.18,TikTok Ads,Completed
ORD_11833,CUST_1913,2025-04-29 10:37:00,115.28,36.89,9.27,Google Ads,Completed
ORD_11834,CUST_1929,2025-06-23 04:42:00,53.17,17.01,9.29,Meta Ads,Completed
ORD_11835,CUST_1363,2025-02-27 14:07:00,148.5,47.52,8.69,Email Retention,Completed
ORD_11836,CUST_1029,2025-01-30 07:35:00,138.21,44.23,6.32,Meta Ads,Refunded
ORD_11837,CUST_1299,2025-04-09 21:46:00,89.33,28.59,4.86,Meta Ads,Completed
ORD_11838,CUST_1762,2025-04-11 10:02:00,54.75,17.52,7.34,Email Retention,Completed
ORD_11839,CUST_1516,2025-06-10 02:32:00,85.17,27.25,7.29,Google Ads,Completed
ORD_11840,CUST_2185,2025-03-04 10:40:00,36.74,11.76,8.75,Meta Ads,Completed
ORD_11841,CUST_2338,2025-03-05 12:42:00,157.07,50.26,9.48,Organic Search,Completed
ORD_11842,CUST_1732,2025-06-10 22:00:00,61.88,19.8,7.04,Organic Search,Completed
ORD_11843,CUST_2044,2025-06-26 14:39:00,73.29,23.45,6.23,TikTok Ads,Completed
ORD_11844,CUST_1595,2025-02-26 09:12:00,152.11,48.68,5.43,Email Retention,Completed
ORD_11845,CUST_1797,2025-03-15 19:39:00,144.08,46.11,4.52,TikTok Ads,Completed
ORD_11846,CUST_2315,2025-04-27 15:28:00,97.84,31.31,7.05,Meta Ads,Completed
ORD_11847,CUST_1322,2025-03-31 10:19:00,167.5,53.6,7.28,Meta Ads,Completed
ORD_11848,CUST_1723,2025-01-19 16:40:00,52.34,16.75,8.62,Meta Ads,Completed
ORD_11849,CUST_1514,2025-03-05 19:30:00,97.86,31.32,7.02,Google Ads,Completed
ORD_11850,CUST_1172,2025-05-31 04:29:00,52.55,16.82,9.08,Meta Ads,Completed
ORD_11851,CUST_2443,2025-02-10 18:36:00,134.49,43.04,7.64,Email Retention,Completed
ORD_11852,CUST_2437,2025-06-05 11:49:00,132.4,42.37,8.7,Organic Search,Completed
ORD_11853,CUST_1753,2025-04-03 21:58:00,172.78,55.29,5.24,Meta Ads,Completed
ORD_11854,CUST_1261,2025-05-16 07:32:00,83.99,26.88,8.78,Organic Search,Completed
ORD_11855,CUST_1924,2025-03-20 05:56:00,194.03,62.09,7.88,Google Ads,Completed
ORD_11856,CUST_1861,2025-06-06 10:37:00,50.4,16.13,5.35,Google Ads,Refunded
ORD_11857,CUST_1125,2025-06-19 10:57:00,81.92,26.21,5.45,Google Ads,Completed
ORD_11858,CUST_1219,2025-06-24 08:06:00,51.3,16.42,9.13,Meta Ads,Completed
ORD_11859,CUST_1769,2025-04-24 15:20:00,91.86,29.4,4.66,Meta Ads,Completed
ORD_11860,CUST_1723,2025-05-18 00:49:00,53.52,17.13,6.81,Meta Ads,Completed
ORD_11861,CUST_1677,2025-04-15 04:29:00,134.65,43.09,6.07,Google Ads,Completed
ORD_11862,CUST_1572,2025-02-01 03:22:00,103.86,33.24,7.83,Google Ads,Completed
ORD_11863,CUST_1104,2025-06-05 12:04:00,48.29,15.45,8.7,Email Retention,Completed
ORD_11864,CUST_1690,2025-06-19 22:44:00,120.82,38.66,6.3,TikTok Ads,Completed
ORD_11865,CUST_1989,2025-02-18 09:59:00,162.23,51.91,6.63,Meta Ads,Completed
ORD_11866,CUST_1471,2025-02-04 19:50:00,108.36,34.68,9.41,Meta Ads,Completed
ORD_11867,CUST_1950,2025-06-05 23:40:00,41.3,13.22,8.42,Email Retention,Completed
ORD_11868,CUST_1990,2025-05-02 23:09:00,78.34,25.07,8.99,Meta Ads,Completed
ORD_11869,CUST_1659,2025-03-17 16:10:00,114.56,36.66,6.69,TikTok Ads,Completed
ORD_11870,CUST_2334,2025-04-20 00:39:00,74.91,23.97,5.67,Organic Search,Completed
ORD_11871,CUST_2179,2025-01-06 06:51:00,50.08,16.03,6.56,Meta Ads,Completed
ORD_11872,CUST_2192,2025-01-31 00:18:00,141.48,45.27,8.08,Google Ads,Completed
ORD_11873,CUST_2444,2025-02-14 13:29:00,73.42,23.49,5.05,Meta Ads,Completed
ORD_11874,CUST_1856,2025-04-02 10:41:00,162.27,51.93,5.85,Organic Search,Completed
ORD_11875,CUST_1442,2025-02-20 02:03:00,65.38,20.92,4.73,Meta Ads,Completed
ORD_11876,CUST_2081,2025-06-10 20:53:00,71.43,22.86,6.66,Meta Ads,Completed
ORD_11877,CUST_2231,2025-06-18 10:21:00,62.96,20.15,8.64,Meta Ads,Completed
ORD_11878,CUST_1618,2025-06-04 09:17:00,77.72,24.87,4.62,Meta Ads,Completed
ORD_11879,CUST_2313,2025-03-17 07:22:00,103.1,32.99,7.88,Meta Ads,Completed
ORD_11880,CUST_2121,2025-04-30 03:00:00,51.37,16.44,9.16,Organic Search,Completed
ORD_11881,CUST_2328,2025-04-17 19:07:00,46.66,14.93,5.68,Google Ads,Completed
ORD_11882,CUST_1544,2025-02-11 03:40:00,33.99,10.88,7.97,Google Ads,Completed
ORD_11883,CUST_1260,2025-02-22 06:13:00,31.77,10.17,9.38,Organic Search,Completed
ORD_11884,CUST_1199,2025-06-04 19:50:00,41.55,13.3,9.31,Meta Ads,Refunded
ORD_11885,CUST_1649,2025-05-14 09:16:00,65.17,20.85,5.67,Email Retention,Completed
ORD_11886,CUST_1094,2025-06-20 02:16:00,91.1,29.15,5.0,Meta Ads,Completed
ORD_11887,CUST_1711,2025-01-12 23:58:00,100.55,32.18,5.24,Organic Search,Completed
ORD_11888,CUST_1131,2025-03-30 07:56:00,89.2,28.54,8.01,Organic Search,Completed
ORD_11889,CUST_1025,2025-04-21 23:03:00,153.99,49.28,8.13,Google Ads,Completed
ORD_11890,CUST_1722,2025-04-16 23:36:00,175.69,56.22,7.87,Organic Search,Completed
ORD_11891,CUST_1219,2025-02-10 04:00:00,73.58,23.55,6.18,Organic Search,Completed
ORD_11892,CUST_1049,2025-04-13 13:37:00,51.8,16.58,5.35,Google Ads,Completed
ORD_11893,CUST_1920,2025-06-21 19:05:00,199.44,63.82,7.4,Meta Ads,Completed
ORD_11894,CUST_1696,2025-04-06 18:35:00,139.32,44.58,6.92,Email Retention,Completed
ORD_11895,CUST_1527,2025-04-05 05:11:00,134.76,43.12,8.14,TikTok Ads,Completed
ORD_11896,CUST_2459,2025-06-07 04:54:00,63.92,20.45,6.71,Organic Search,Completed
ORD_11897,CUST_2031,2025-06-08 14:54:00,122.16,39.09,6.19,Email Retention,Completed
ORD_11898,CUST_1949,2025-01-09 06:41:00,89.52,28.65,5.97,Google Ads,Completed
ORD_11899,CUST_1113,2025-01-16 01:30:00,81.16,25.97,5.56,Meta Ads,Completed
ORD_11900,CUST_1556,2025-03-27 03:35:00,81.09,25.95,5.83,Organic Search,Completed
ORD_11901,CUST_2099,2025-05-05 13:47:00,105.23,33.67,4.97,Email Retention,Completed
ORD_11902,CUST_1691,2025-02-08 21:08:00,156.23,49.99,6.23,Google Ads,Completed
ORD_11903,CUST_2378,2025-04-10 08:01:00,206.9,66.21,4.68,Google Ads,Completed
ORD_11904,CUST_2281,2025-03-16 19:56:00,69.24,22.16,5.43,Google Ads,Completed
ORD_11905,CUST_1770,2025-03-16 19:01:00,91.83,29.39,8.23,Meta Ads,Refunded
ORD_11906,CUST_2414,2025-06-29 13:10:00,80.21,25.67,6.13,Meta Ads,Completed
ORD_11907,CUST_1612,2025-03-16 09:11:00,102.12,32.68,7.84,Meta Ads,Completed
ORD_11908,CUST_2447,2025-02-20 12:39:00,75.64,24.2,8.08,Google Ads,Completed
ORD_11909,CUST_1903,2025-01-06 16:27:00,191.38,61.24,7.41,TikTok Ads,Completed
ORD_11910,CUST_2116,2025-04-04 21:05:00,60.39,19.32,9.29,Organic Search,Completed
ORD_11911,CUST_1949,2025-02-05 20:33:00,69.28,22.17,4.61,Google Ads,Completed
ORD_11912,CUST_1960,2025-02-20 02:22:00,64.37,20.6,8.19,Meta Ads,Completed
ORD_11913,CUST_1586,2025-02-28 22:30:00,78.41,25.09,9.29,Meta Ads,Completed
ORD_11914,CUST_1120,2025-01-07 18:35:00,43.1,13.79,8.81,TikTok Ads,Completed
ORD_11915,CUST_1803,2025-04-17 00:18:00,64.96,20.79,5.34,Google Ads,Completed
ORD_11916,CUST_2215,2025-03-21 03:21:00,101.67,32.53,6.13,TikTok Ads,Refunded
ORD_11917,CUST_1154,2025-06-11 00:17:00,101.33,32.43,5.36,Meta Ads,Completed
ORD_11918,CUST_1593,2025-05-23 18:03:00,94.21,30.15,7.51,TikTok Ads,Completed
ORD_11919,CUST_1228,2025-01-11 23:00:00,150.16,48.05,8.06,Meta Ads,Refunded
ORD_11920,CUST_1900,2025-03-09 00:38:00,103.48,33.11,6.09,Organic Search,Refunded
ORD_11921,CUST_1799,2025-01-18 12:51:00,147.97,47.35,7.2,Google Ads,Completed
ORD_11922,CUST_1193,2025-05-04 00:11:00,206.97,66.23,7.95,Organic Search,Completed
ORD_11923,CUST_2209,2025-05-06 05:35:00,123.53,39.53,6.61,Meta Ads,Completed
ORD_11924,CUST_2367,2025-01-28 06:11:00,43.2,13.82,8.77,Organic Search,Refunded
ORD_11925,CUST_2347,2025-05-13 12:03:00,95.9,30.69,8.36,Email Retention,Refunded
ORD_11926,CUST_2200,2025-06-24 01:33:00,89.6,28.67,4.82,Organic Search,Completed
ORD_11927,CUST_1532,2025-05-11 19:12:00,162.15,51.89,7.61,Meta Ads,Completed
ORD_11928,CUST_1836,2025-06-16 12:15:00,79.74,25.52,5.68,Meta Ads,Completed
ORD_11929,CUST_1348,2025-01-14 17:30:00,56.43,18.06,7.29,Email Retention,Completed
ORD_11930,CUST_1510,2025-03-27 11:43:00,66.76,21.36,9.28,Organic Search,Completed
ORD_11931,CUST_1686,2025-03-25 10:44:00,44.04,14.09,8.9,Google Ads,Refunded
ORD_11932,CUST_1312,2025-02-09 05:04:00,13.82,4.42,6.52,Google Ads,Completed
ORD_11933,CUST_2281,2025-01-26 13:33:00,191.79,61.37,5.96,Email Retention,Completed
ORD_11934,CUST_1307,2025-01-02 20:56:00,84.73,27.11,5.67,Meta Ads,Completed
ORD_11935,CUST_1894,2025-03-25 12:07:00,46.18,14.78,7.16,Meta Ads,Completed
ORD_11936,CUST_2103,2025-03-11 12:25:00,168.69,53.98,5.07,Google Ads,Completed
ORD_11937,CUST_1984,2025-01-19 20:12:00,181.48,58.07,7.25,Organic Search,Completed
ORD_11938,CUST_1729,2025-01-31 07:34:00,91.0,29.12,4.51,Meta Ads,Completed
ORD_11939,CUST_1141,2025-01-23 03:34:00,42.01,13.44,6.12,Meta Ads,Completed
ORD_11940,CUST_2247,2025-06-18 23:37:00,67.54,21.61,5.6,Email Retention,Completed
ORD_11941,CUST_2136,2025-01-31 11:50:00,75.78,24.25,9.36,Email Retention,Completed
ORD_11942,CUST_2189,2025-04-06 19:04:00,86.05,27.54,8.14,Meta Ads,Completed
ORD_11943,CUST_1399,2025-06-06 12:15:00,49.14,15.72,6.25,Google Ads,Refunded
ORD_11944,CUST_2438,2025-01-13 15:09:00,128.05,40.98,4.96,Meta Ads,Completed
ORD_11945,CUST_1156,2025-05-03 23:51:00,25.84,8.27,7.08,Email Retention,Completed
ORD_11946,CUST_2303,2025-04-25 11:24:00,137.32,43.94,5.57,Meta Ads,Completed
ORD_11947,CUST_1860,2025-05-26 03:22:00,150.26,48.08,7.18,Email Retention,Completed
ORD_11948,CUST_1438,2025-01-29 22:20:00,70.72,22.63,8.68,Email Retention,Completed
ORD_11949,CUST_2449,2025-01-31 03:58:00,81.53,26.09,7.58,Organic Search,Completed
ORD_11950,CUST_2141,2025-03-26 17:41:00,158.66,50.77,7.67,TikTok Ads,Completed
ORD_11951,CUST_1527,2025-06-07 00:42:00,112.6,36.03,7.21,TikTok Ads,Refunded
ORD_11952,CUST_2311,2025-02-13 13:22:00,71.91,23.01,9.14,Google Ads,Completed
ORD_11953,CUST_1031,2025-03-18 05:29:00,75.97,24.31,9.16,Meta Ads,Completed
ORD_11954,CUST_2497,2025-05-07 08:03:00,105.5,33.76,7.06,Organic Search,Completed
ORD_11955,CUST_1227,2025-02-03 06:59:00,183.95,58.86,6.03,Meta Ads,Completed
ORD_11956,CUST_1826,2025-04-22 22:47:00,77.08,24.67,6.8,Google Ads,Completed
ORD_11957,CUST_1615,2025-03-23 22:45:00,70.88,22.68,5.43,Meta Ads,Completed
ORD_11958,CUST_2264,2025-06-27 16:48:00,85.77,27.45,7.68,Meta Ads,Completed
ORD_11959,CUST_2356,2025-01-05 13:13:00,86.01,27.52,7.0,Meta Ads,Completed
ORD_11960,CUST_1638,2025-01-02 04:07:00,97.19,31.1,5.02,Email Retention,Completed
ORD_11961,CUST_2468,2025-05-15 05:06:00,81.65,26.13,5.49,Meta Ads,Refunded
ORD_11962,CUST_1347,2025-01-15 06:48:00,140.97,45.11,6.9,Google Ads,Completed
ORD_11963,CUST_2316,2025-04-30 07:55:00,54.31,17.38,8.94,TikTok Ads,Completed
ORD_11964,CUST_2429,2025-01-31 23:56:00,102.07,32.66,7.33,Meta Ads,Completed
ORD_11965,CUST_2085,2025-04-13 04:29:00,103.88,33.24,7.91,Meta Ads,Completed
ORD_11966,CUST_1091,2025-04-08 02:14:00,56.71,18.15,6.2,Meta Ads,Refunded
ORD_11967,CUST_1547,2025-01-04 22:37:00,101.61,32.52,7.36,Google Ads,Completed
ORD_11968,CUST_1809,2025-04-27 15:24:00,105.1,33.63,6.74,Meta Ads,Completed
ORD_11969,CUST_2016,2025-06-30 06:43:00,19.57,6.26,7.8,TikTok Ads,Completed
ORD_11970,CUST_2431,2025-06-12 09:37:00,51.77,16.57,4.75,Meta Ads,Completed
ORD_11971,CUST_1317,2025-03-18 01:54:00,164.61,52.68,6.97,TikTok Ads,Completed
ORD_11972,CUST_1897,2025-01-06 18:44:00,63.35,20.27,5.98,Google Ads,Completed
ORD_11973,CUST_2475,2025-05-20 05:43:00,46.12,14.76,6.13,Google Ads,Completed
ORD_11974,CUST_1193,2025-04-01 15:51:00,31.01,9.92,9.3,Meta Ads,Completed
ORD_11975,CUST_1703,2025-05-18 12:52:00,49.39,15.8,5.41,TikTok Ads,Completed
ORD_11976,CUST_1970,2025-06-15 10:06:00,80.04,25.61,6.06,Organic Search,Completed
ORD_11977,CUST_1974,2025-06-10 14:40:00,44.44,14.22,7.05,TikTok Ads,Completed
ORD_11978,CUST_1571,2025-02-13 14:24:00,113.26,36.24,8.82,Organic Search,Completed
ORD_11979,CUST_1632,2025-04-20 16:33:00,56.2,17.98,6.58,Meta Ads,Completed
ORD_11980,CUST_2084,2025-03-14 10:03:00,97.53,31.21,8.22,TikTok Ads,Completed
ORD_11981,CUST_1123,2025-04-06 11:07:00,154.0,49.28,8.78,Organic Search,Completed
ORD_11982,CUST_1243,2025-05-12 20:37:00,149.7,47.9,6.05,Meta Ads,Completed
ORD_11983,CUST_1146,2025-03-18 11:11:00,96.77,30.97,6.46,Google Ads,Completed
ORD_11984,CUST_1147,2025-01-13 05:41:00,47.77,15.29,6.28,Meta Ads,Completed
ORD_11985,CUST_1013,2025-05-18 01:10:00,82.61,26.44,8.66,Meta Ads,Completed
ORD_11986,CUST_2276,2025-05-01 13:28:00,98.22,31.43,4.72,Meta Ads,Completed
ORD_11987,CUST_1570,2025-04-08 14:38:00,224.4,71.81,6.04,Meta Ads,Completed
ORD_11988,CUST_1534,2025-02-15 04:43:00,30.84,9.87,7.9,Google Ads,Completed
ORD_11989,CUST_1313,2025-03-23 14:28:00,82.75,26.48,7.33,Email Retention,Completed
ORD_11990,CUST_1684,2025-01-24 04:04:00,111.45,35.66,6.68,Google Ads,Completed
ORD_11991,CUST_1624,2025-03-10 11:32:00,88.88,28.44,7.2,TikTok Ads,Completed
ORD_11992,CUST_1537,2025-06-17 07:41:00,93.38,29.88,5.49,Google Ads,Completed
ORD_11993,CUST_1485,2025-06-07 05:16:00,57.88,18.52,6.65,TikTok Ads,Completed
ORD_11994,CUST_1195,2025-02-15 09:12:00,127.05,40.66,7.01,TikTok Ads,Completed
ORD_11995,CUST_1343,2025-05-31 14:50:00,86.02,27.53,9.01,Email Retention,Completed
ORD_11996,CUST_2174,2025-01-06 12:26:00,93.23,29.83,5.8,Meta Ads,Refunded
ORD_11997,CUST_1133,2025-05-16 15:17:00,133.08,42.59,8.84,Google Ads,Completed
ORD_11998,CUST_1916,2025-04-19 04:36:00,72.96,23.35,7.72,Meta Ads,Completed
ORD_11999,CUST_1924,2025-03-27 20:55:00,146.04,46.73,4.6,TikTok Ads,Refunded
ORD_12000,CUST_1569,2025-02-01 12:02:00,43.66,13.97,8.12,Meta Ads,Completed
ORD_12001,CUST_2281,2025-04-23 04:49:00,95.66,30.61,4.68,Email Retention,Completed
ORD_12002,CUST_1398,2025-05-23 10:17:00,56.12,17.96,9.49,Google Ads,Completed
ORD_12003,CUST_1147,2025-03-27 19:10:00,48.99,15.68,8.86,Meta Ads,Completed
ORD_12004,CUST_1557,2025-05-15 20:33:00,182.98,58.55,5.99,Meta Ads,Completed
ORD_12005,CUST_1219,2025-04-01 01:32:00,44.86,14.36,5.79,Meta Ads,Completed
ORD_12006,CUST_1881,2025-05-19 22:49:00,86.8,27.78,6.41,TikTok Ads,Completed
ORD_12007,CUST_1067,2025-01-30 00:33:00,43.07,13.78,6.28,Meta Ads,Completed
ORD_12008,CUST_2053,2025-05-02 23:00:00,142.01,45.44,6.36,Google Ads,Completed
ORD_12009,CUST_1423,2025-01-16 20:23:00,69.52,22.25,6.09,Meta Ads,Refunded
ORD_12010,CUST_2042,2025-03-10 09:05:00,132.77,42.49,7.61,Organic Search,Completed
ORD_12011,CUST_2342,2025-01-09 00:27:00,109.75,35.12,5.32,Meta Ads,Refunded
ORD_12012,CUST_1950,2025-03-21 13:55:00,209.19,66.94,8.73,Meta Ads,Completed
ORD_12013,CUST_1277,2025-03-17 12:24:00,38.61,12.36,8.56,TikTok Ads,Completed
ORD_12014,CUST_2169,2025-05-17 19:11:00,51.55,16.5,6.88,Google Ads,Completed
ORD_12015,CUST_1080,2025-06-01 14:24:00,129.56,41.46,8.76,Meta Ads,Completed
ORD_12016,CUST_1400,2025-05-05 06:16:00,97.76,31.28,5.74,Meta Ads,Refunded
ORD_12017,CUST_2328,2025-04-09 10:05:00,75.46,24.15,4.59,Meta Ads,Completed
ORD_12018,CUST_2137,2025-05-26 14:38:00,191.57,61.3,7.6,Meta Ads,Completed
ORD_12019,CUST_2349,2025-01-24 02:49:00,84.03,26.89,6.79,Email Retention,Refunded
ORD_12020,CUST_2332,2025-01-01 14:52:00,57.18,18.3,7.34,Email Retention,Completed
ORD_12021,CUST_2254,2025-06-05 18:56:00,133.49,42.72,9.0,TikTok Ads,Completed
ORD_12022,CUST_2312,2025-04-18 19:38:00,85.33,27.31,9.35,Google Ads,Completed
ORD_12023,CUST_2348,2025-06-15 20:23:00,88.41,28.29,7.67,Email Retention,Completed
ORD_12024,CUST_1371,2025-01-20 01:35:00,113.92,36.45,8.32,TikTok Ads,Refunded
ORD_12025,CUST_2193,2025-04-09 12:39:00,115.93,37.1,4.92,Organic Search,Completed
ORD_12026,CUST_1426,2025-04-10 17:10:00,51.2,16.38,5.3,TikTok Ads,Completed
ORD_12027,CUST_2117,2025-02-03 23:58:00,73.43,23.5,8.17,Organic Search,Completed
ORD_12028,CUST_2174,2025-02-21 22:25:00,41.13,13.16,6.66,Meta Ads,Completed
ORD_12029,CUST_1957,2025-03-15 18:15:00,98.42,31.49,6.73,TikTok Ads,Completed
ORD_12030,CUST_1932,2025-01-31 10:28:00,181.51,58.08,6.04,TikTok Ads,Completed
ORD_12031,CUST_1992,2025-03-17 16:00:00,52.27,16.73,7.54,TikTok Ads,Completed
ORD_12032,CUST_1139,2025-03-28 03:19:00,37.16,11.89,5.43,Meta Ads,Completed
ORD_12033,CUST_1206,2025-03-10 19:14:00,61.72,19.75,7.63,Email Retention,Completed
ORD_12034,CUST_2387,2025-04-29 01:04:00,75.15,24.05,5.37,Organic Search,Completed
ORD_12035,CUST_2356,2025-02-14 18:03:00,116.39,37.24,4.82,TikTok Ads,Refunded
ORD_12036,CUST_1116,2025-06-05 23:00:00,71.49,22.88,6.15,Meta Ads,Completed
ORD_12037,CUST_2200,2025-05-18 08:58:00,99.23,31.75,5.66,Organic Search,Completed
ORD_12038,CUST_1225,2025-04-07 22:52:00,66.12,21.16,8.94,Organic Search,Refunded
ORD_12039,CUST_2047,2025-02-20 13:17:00,77.1,24.67,4.77,Google Ads,Completed
ORD_12040,CUST_1239,2025-01-21 10:40:00,56.25,18.0,5.38,Email Retention,Completed
ORD_12041,CUST_2424,2025-02-13 15:22:00,47.7,15.26,7.24,Meta Ads,Completed
ORD_12042,CUST_1066,2025-01-27 06:51:00,118.27,37.85,6.91,Google Ads,Refunded
ORD_12043,CUST_1294,2025-01-03 04:35:00,68.33,21.87,4.73,TikTok Ads,Completed
ORD_12044,CUST_1310,2025-01-17 00:35:00,102.51,32.8,4.54,Google Ads,Completed
ORD_12045,CUST_1742,2025-04-23 13:01:00,55.81,17.86,9.44,Meta Ads,Completed
ORD_12046,CUST_2232,2025-06-19 01:46:00,84.28,26.97,7.79,Meta Ads,Completed
ORD_12047,CUST_1693,2025-05-15 17:46:00,26.19,8.38,6.33,Google Ads,Completed
ORD_12048,CUST_1226,2025-06-29 20:15:00,70.76,22.64,6.85,Meta Ads,Completed
ORD_12049,CUST_2127,2025-06-15 01:53:00,58.75,18.8,5.83,Meta Ads,Completed
ORD_12050,CUST_1813,2025-01-26 23:13:00,139.44,44.62,6.22,Email Retention,Completed
ORD_12051,CUST_2043,2025-02-21 12:02:00,43.97,14.07,7.75,TikTok Ads,Completed
ORD_12052,CUST_1268,2025-01-15 00:00:00,78.59,25.15,8.91,TikTok Ads,Completed
ORD_12053,CUST_1359,2025-05-04 10:21:00,97.87,31.32,5.42,Google Ads,Completed
ORD_12054,CUST_1618,2025-01-05 16:30:00,130.73,41.83,8.7,TikTok Ads,Completed
ORD_12055,CUST_1820,2025-03-25 21:27:00,122.69,39.26,5.11,Meta Ads,Completed
ORD_12056,CUST_1297,2025-04-16 15:03:00,81.51,26.08,5.57,Meta Ads,Completed
ORD_12057,CUST_1594,2025-05-25 21:45:00,86.87,27.8,4.69,Organic Search,Completed
ORD_12058,CUST_1454,2025-02-09 05:08:00,139.38,44.6,5.2,TikTok Ads,Completed
ORD_12059,CUST_1885,2025-06-23 05:50:00,80.79,25.85,9.09,Meta Ads,Completed
ORD_12060,CUST_1559,2025-03-29 21:28:00,91.14,29.16,6.8,Email Retention,Completed
ORD_12061,CUST_1854,2025-03-23 15:55:00,141.44,45.26,4.89,TikTok Ads,Completed
ORD_12062,CUST_2021,2025-05-21 17:41:00,222.43,71.18,9.3,TikTok Ads,Completed
ORD_12063,CUST_1695,2025-01-31 01:45:00,94.72,30.31,8.89,Meta Ads,Completed
ORD_12064,CUST_1313,2025-03-27 16:20:00,106.49,34.08,8.27,Email Retention,Completed
ORD_12065,CUST_2241,2025-05-05 04:02:00,121.05,38.74,9.17,Google Ads,Completed
ORD_12066,CUST_1125,2025-05-02 17:59:00,140.83,45.07,5.6,TikTok Ads,Completed
ORD_12067,CUST_2456,2025-05-24 00:38:00,132.19,42.3,8.68,Google Ads,Completed
ORD_12068,CUST_1464,2025-03-22 04:09:00,63.67,20.37,7.95,TikTok Ads,Completed
ORD_12069,CUST_1950,2025-06-14 20:48:00,97.61,31.24,8.85,Google Ads,Completed
ORD_12070,CUST_2364,2025-06-21 03:55:00,132.6,42.43,8.48,Meta Ads,Completed
ORD_12071,CUST_2486,2025-06-26 02:44:00,154.09,49.31,6.23,Meta Ads,Completed
ORD_12072,CUST_1850,2025-01-18 06:02:00,78.66,25.17,8.37,Google Ads,Completed
ORD_12073,CUST_2267,2025-01-18 14:11:00,96.54,30.89,5.81,TikTok Ads,Completed
ORD_12074,CUST_1944,2025-04-06 23:55:00,101.59,32.51,6.14,Meta Ads,Completed
ORD_12075,CUST_2393,2025-04-01 09:45:00,85.54,27.37,5.04,Organic Search,Completed
ORD_12076,CUST_2314,2025-04-08 06:16:00,95.41,30.53,9.18,Meta Ads,Completed
ORD_12077,CUST_1955,2025-03-21 10:24:00,25.37,8.12,5.96,Meta Ads,Completed
ORD_12078,CUST_2316,2025-02-25 06:10:00,283.74,90.8,7.1,Google Ads,Completed
ORD_12079,CUST_1532,2025-05-20 17:51:00,77.14,24.68,6.46,Meta Ads,Completed
ORD_12080,CUST_2191,2025-04-21 16:15:00,79.93,25.58,9.3,Google Ads,Completed
ORD_12081,CUST_2222,2025-02-21 14:18:00,35.05,11.22,6.18,Google Ads,Completed
ORD_12082,CUST_2286,2025-04-20 16:21:00,31.93,10.22,8.39,TikTok Ads,Completed
ORD_12083,CUST_2075,2025-05-20 08:16:00,104.84,33.55,8.78,Meta Ads,Completed
ORD_12084,CUST_1061,2025-05-14 18:46:00,132.84,42.51,6.68,Google Ads,Completed
ORD_12085,CUST_1484,2025-02-11 21:58:00,121.98,39.03,6.39,Meta Ads,Completed
ORD_12086,CUST_2122,2025-04-11 08:06:00,55.74,17.84,8.24,Meta Ads,Completed
ORD_12087,CUST_2238,2025-06-01 12:26:00,118.77,38.01,9.06,Google Ads,Completed
ORD_12088,CUST_1762,2025-05-24 16:17:00,79.34,25.39,8.27,TikTok Ads,Completed
ORD_12089,CUST_2142,2025-04-07 15:47:00,70.4,22.53,5.64,Meta Ads,Completed
ORD_12090,CUST_1196,2025-01-04 11:23:00,41.73,13.35,8.94,Google Ads,Completed
ORD_12091,CUST_2395,2025-01-04 04:33:00,59.16,18.93,6.44,Organic Search,Completed
ORD_12092,CUST_1251,2025-03-06 05:31:00,105.94,33.9,7.38,Meta Ads,Completed
ORD_12093,CUST_2461,2025-05-23 07:57:00,97.14,31.08,8.66,Google Ads,Completed
ORD_12094,CUST_1113,2025-02-16 02:43:00,90.71,29.03,5.44,Organic Search,Completed
ORD_12095,CUST_1823,2025-03-14 08:34:00,24.6,7.87,8.42,Meta Ads,Completed
ORD_12096,CUST_1241,2025-02-04 08:35:00,91.13,29.16,7.48,Google Ads,Completed
ORD_12097,CUST_1981,2025-03-06 19:10:00,63.21,20.23,8.97,Email Retention,Completed
ORD_12098,CUST_1216,2025-05-24 15:04:00,97.46,31.19,5.36,TikTok Ads,Refunded
ORD_12099,CUST_1305,2025-05-16 16:23:00,142.74,45.68,6.6,TikTok Ads,Completed
ORD_12100,CUST_2388,2025-01-25 02:36:00,67.75,21.68,8.66,Meta Ads,Completed
ORD_12101,CUST_1300,2025-05-15 00:16:00,88.09,28.19,4.6,Email Retention,Completed
ORD_12102,CUST_1420,2025-06-05 16:05:00,191.05,61.14,5.06,Google Ads,Completed
ORD_12103,CUST_1967,2025-02-25 08:06:00,95.25,30.48,9.45,Meta Ads,Completed
ORD_12104,CUST_1174,2025-05-15 00:06:00,83.14,26.6,5.9,Meta Ads,Completed
ORD_12105,CUST_1422,2025-04-23 06:56:00,56.19,17.98,9.38,Google Ads,Completed
ORD_12106,CUST_1641,2025-04-14 05:00:00,120.25,38.48,5.41,Organic Search,Completed
ORD_12107,CUST_1174,2025-04-01 22:18:00,51.5,16.48,6.31,Google Ads,Completed
ORD_12108,CUST_2150,2025-01-03 08:17:00,145.56,46.58,8.26,Google Ads,Refunded
ORD_12109,CUST_2055,2025-02-06 23:36:00,112.59,36.03,7.79,Google Ads,Completed
ORD_12110,CUST_1127,2025-05-11 02:46:00,64.28,20.57,7.41,Organic Search,Completed
ORD_12111,CUST_1196,2025-06-15 07:39:00,57.11,18.28,7.15,Google Ads,Completed
ORD_12112,CUST_1126,2025-03-05 05:47:00,57.79,18.49,8.72,Meta Ads,Completed
ORD_12113,CUST_2001,2025-04-23 19:45:00,32.24,10.32,5.67,TikTok Ads,Completed
ORD_12114,CUST_2075,2025-06-01 07:06:00,103.7,33.18,6.71,Google Ads,Completed
ORD_12115,CUST_1590,2025-01-23 23:56:00,26.38,8.44,5.28,Organic Search,Completed
ORD_12116,CUST_1845,2025-04-25 22:10:00,80.7,25.82,7.48,TikTok Ads,Completed
ORD_12117,CUST_2149,2025-05-17 15:26:00,78.29,25.05,5.75,Meta Ads,Completed
ORD_12118,CUST_1116,2025-05-07 05:48:00,71.93,23.02,6.17,Email Retention,Completed
ORD_12119,CUST_1017,2025-02-15 16:11:00,103.38,33.08,6.86,Meta Ads,Completed
ORD_12120,CUST_1376,2025-01-21 21:14:00,64.36,20.6,4.63,Meta Ads,Completed
ORD_12121,CUST_2028,2025-05-06 01:01:00,91.24,29.2,4.96,TikTok Ads,Completed
ORD_12122,CUST_1726,2025-04-23 01:57:00,145.55,46.58,7.93,Google Ads,Completed
ORD_12123,CUST_1613,2025-05-09 12:21:00,108.92,34.85,6.64,Meta Ads,Completed
ORD_12124,CUST_1986,2025-05-11 01:48:00,68.96,22.07,8.82,TikTok Ads,Completed
ORD_12125,CUST_1373,2025-05-28 20:13:00,84.31,26.98,7.97,Email Retention,Completed
ORD_12126,CUST_2347,2025-06-16 06:55:00,71.96,23.03,4.54,Meta Ads,Completed
ORD_12127,CUST_1541,2025-06-15 11:52:00,77.77,24.89,7.58,Meta Ads,Completed
ORD_12128,CUST_2206,2025-06-08 23:29:00,92.52,29.61,4.97,Organic Search,Completed
ORD_12129,CUST_1781,2025-05-06 19:14:00,40.75,13.04,8.4,Organic Search,Completed
ORD_12130,CUST_1299,2025-04-10 10:23:00,35.87,11.48,9.46,Organic Search,Refunded
ORD_12131,CUST_2458,2025-03-22 09:24:00,53.85,17.23,7.16,TikTok Ads,Completed
ORD_12132,CUST_1747,2025-06-10 07:21:00,105.6,33.79,7.91,Google Ads,Completed
ORD_12133,CUST_1559,2025-03-15 23:45:00,112.13,35.88,5.69,Meta Ads,Completed
ORD_12134,CUST_1383,2025-01-29 06:14:00,119.64,38.28,6.69,Meta Ads,Completed
ORD_12135,CUST_2142,2025-02-16 04:41:00,54.9,17.57,8.78,Google Ads,Completed
ORD_12136,CUST_1607,2025-04-21 19:05:00,87.86,28.12,5.34,Meta Ads,Completed
ORD_12137,CUST_2088,2025-06-19 09:52:00,69.98,22.39,5.83,Meta Ads,Completed
ORD_12138,CUST_2073,2025-05-29 11:14:00,79.28,25.37,6.73,Meta Ads,Completed
ORD_12139,CUST_2498,2025-01-15 01:39:00,69.39,22.2,8.06,Google Ads,Completed
ORD_12140,CUST_2022,2025-04-23 08:47:00,94.91,30.37,6.38,Google Ads,Completed
ORD_12141,CUST_2441,2025-03-31 01:02:00,60.54,19.37,9.14,Meta Ads,Completed
ORD_12142,CUST_1468,2025-04-13 23:49:00,138.3,44.26,4.97,Google Ads,Completed
ORD_12143,CUST_2179,2025-01-20 00:35:00,138.85,44.43,6.35,Google Ads,Completed
ORD_12144,CUST_1088,2025-04-08 05:54:00,104.12,33.32,8.04,Google Ads,Completed
ORD_12145,CUST_1083,2025-06-29 13:55:00,131.07,41.94,5.63,Meta Ads,Completed
ORD_12146,CUST_1158,2025-04-05 14:41:00,39.93,12.78,7.78,Google Ads,Completed
ORD_12147,CUST_1086,2025-02-19 08:27:00,141.9,45.41,5.32,Email Retention,Completed
ORD_12148,CUST_2042,2025-04-12 16:06:00,99.65,31.89,4.78,Organic Search,Completed
ORD_12149,CUST_1406,2025-01-17 03:03:00,62.31,19.94,5.11,Google Ads,Completed
ORD_12150,CUST_2188,2025-01-28 09:24:00,59.31,18.98,9.15,Meta Ads,Completed
ORD_12151,CUST_1583,2025-05-11 07:45:00,163.37,52.28,7.26,Meta Ads,Completed
ORD_12152,CUST_1986,2025-01-20 01:57:00,120.5,38.56,8.48,Meta Ads,Completed
ORD_12153,CUST_1590,2025-01-21 19:26:00,78.3,25.06,6.16,Meta Ads,Completed
ORD_12154,CUST_1574,2025-02-03 04:04:00,39.69,12.7,7.46,Google Ads,Completed
ORD_12155,CUST_1261,2025-06-25 21:40:00,145.15,46.45,6.97,Meta Ads,Completed
ORD_12156,CUST_1532,2025-03-16 08:17:00,47.88,15.32,9.23,TikTok Ads,Completed
ORD_12157,CUST_1347,2025-06-01 00:30:00,70.57,22.58,8.24,Meta Ads,Completed
ORD_12158,CUST_1249,2025-01-03 06:29:00,78.25,25.04,8.15,TikTok Ads,Completed
ORD_12159,CUST_2003,2025-02-24 19:00:00,58.88,18.84,4.73,Organic Search,Completed
ORD_12160,CUST_1481,2025-06-13 14:04:00,76.63,24.52,7.25,Google Ads,Completed
ORD_12161,CUST_1185,2025-02-17 18:18:00,83.73,26.79,6.83,Organic Search,Completed
ORD_12162,CUST_1370,2025-01-10 07:32:00,75.89,24.28,9.14,TikTok Ads,Completed
ORD_12163,CUST_2488,2025-01-14 01:43:00,97.05,31.06,5.79,Google Ads,Completed
ORD_12164,CUST_1575,2025-02-25 16:43:00,166.1,53.15,5.85,Meta Ads,Completed
ORD_12165,CUST_1684,2025-06-29 08:04:00,40.71,13.03,6.56,Meta Ads,Completed
ORD_12166,CUST_1934,2025-01-11 17:51:00,90.29,28.89,5.72,TikTok Ads,Completed
ORD_12167,CUST_1227,2025-01-09 04:52:00,48.15,15.41,5.15,Meta Ads,Completed
ORD_12168,CUST_1957,2025-04-12 14:37:00,38.66,12.37,8.79,Email Retention,Completed
ORD_12169,CUST_2231,2025-03-10 12:10:00,126.62,40.52,7.29,TikTok Ads,Refunded
ORD_12170,CUST_2426,2025-01-20 10:02:00,93.81,30.02,8.81,Google Ads,Completed
ORD_12171,CUST_1188,2025-06-27 07:49:00,37.39,11.96,8.66,Meta Ads,Completed
ORD_12172,CUST_2459,2025-05-06 14:39:00,76.6,24.51,5.91,Meta Ads,Completed
ORD_12173,CUST_2069,2025-03-08 23:51:00,30.77,9.85,7.24,Google Ads,Completed
ORD_12174,CUST_1430,2025-02-15 16:55:00,53.92,17.25,4.92,TikTok Ads,Refunded
ORD_12175,CUST_2167,2025-03-21 05:10:00,24.27,7.77,9.08,Organic Search,Completed
ORD_12176,CUST_1737,2025-03-14 03:17:00,77.85,24.91,6.52,Google Ads,Completed
ORD_12177,CUST_1316,2025-04-16 06:01:00,113.92,36.45,6.47,Email Retention,Completed
ORD_12178,CUST_1493,2025-06-19 02:10:00,108.75,34.8,6.01,Google Ads,Completed
ORD_12179,CUST_1705,2025-03-18 16:44:00,69.62,22.28,6.8,Meta Ads,Completed
ORD_12180,CUST_2334,2025-01-15 01:49:00,129.28,41.37,5.76,Organic Search,Completed
ORD_12181,CUST_1852,2025-04-22 08:46:00,150.67,48.21,6.37,Email Retention,Completed
ORD_12182,CUST_2433,2025-06-17 04:55:00,114.77,36.73,8.5,Google Ads,Completed
ORD_12183,CUST_1051,2025-02-24 10:17:00,64.18,20.54,8.67,TikTok Ads,Completed
ORD_12184,CUST_1425,2025-01-03 02:31:00,79.04,25.29,6.02,Google Ads,Completed
ORD_12185,CUST_2203,2025-05-09 04:42:00,163.73,52.39,6.85,Meta Ads,Completed
ORD_12186,CUST_2166,2025-01-31 01:36:00,72.09,23.07,8.87,Meta Ads,Completed
ORD_12187,CUST_1388,2025-05-13 00:27:00,108.9,34.85,4.76,Email Retention,Completed
ORD_12188,CUST_1229,2025-02-28 02:13:00,58.48,18.71,8.95,Email Retention,Completed
ORD_12189,CUST_2324,2025-02-21 20:37:00,129.68,41.5,5.6,Meta Ads,Completed
ORD_12190,CUST_1827,2025-04-12 14:12:00,55.24,17.68,7.89,Google Ads,Completed
ORD_12191,CUST_2047,2025-02-20 03:38:00,80.65,25.81,7.41,Organic Search,Completed
ORD_12192,CUST_1126,2025-06-11 18:20:00,107.18,34.3,7.26,Meta Ads,Completed
ORD_12193,CUST_1839,2025-06-20 10:51:00,178.78,57.21,8.8,TikTok Ads,Completed
ORD_12194,CUST_1093,2025-04-16 04:06:00,93.02,29.77,5.01,Google Ads,Completed
ORD_12195,CUST_2170,2025-02-14 12:54:00,74.19,23.74,6.24,Meta Ads,Completed
ORD_12196,CUST_1559,2025-06-30 04:16:00,71.59,22.91,7.19,Google Ads,Completed
ORD_12197,CUST_2295,2025-01-18 11:33:00,127.15,40.69,8.56,TikTok Ads,Completed
ORD_12198,CUST_1855,2025-05-22 18:16:00,103.3,33.06,5.58,Organic Search,Completed
ORD_12199,CUST_1155,2025-06-16 09:47:00,112.91,36.13,8.51,Organic Search,Completed
ORD_12200,CUST_1506,2025-05-22 20:36:00,158.53,50.73,6.5,Meta Ads,Completed
ORD_12201,CUST_2490,2025-01-21 17:11:00,86.36,27.64,5.44,Meta Ads,Completed
ORD_12202,CUST_1170,2025-05-04 02:24:00,100.02,32.01,8.29,Google Ads,Completed
ORD_12203,CUST_1261,2025-06-19 00:10:00,71.13,22.76,4.95,Google Ads,Completed
ORD_12204,CUST_2360,2025-04-13 05:38:00,57.4,18.37,7.07,Meta Ads,Completed
ORD_12205,CUST_1575,2025-02-13 13:03:00,62.86,20.12,4.82,Meta Ads,Completed
ORD_12206,CUST_1056,2025-02-18 03:56:00,21.12,6.76,6.28,Meta Ads,Completed
ORD_12207,CUST_1648,2025-03-28 03:12:00,106.69,34.14,7.51,Meta Ads,Completed
ORD_12208,CUST_1151,2025-06-28 01:54:00,101.77,32.57,7.28,Meta Ads,Completed
ORD_12209,CUST_1339,2025-04-26 09:39:00,105.67,33.81,6.52,Meta Ads,Completed
ORD_12210,CUST_1987,2025-02-22 21:23:00,55.56,17.78,6.65,TikTok Ads,Completed
ORD_12211,CUST_1409,2025-03-12 19:44:00,63.38,20.28,5.63,Meta Ads,Completed
ORD_12212,CUST_2398,2025-04-23 22:57:00,62.4,19.97,6.78,Meta Ads,Completed
ORD_12213,CUST_1582,2025-06-19 14:42:00,135.34,43.31,9.27,Meta Ads,Completed
ORD_12214,CUST_1571,2025-02-04 19:26:00,91.46,29.27,8.75,TikTok Ads,Completed
ORD_12215,CUST_1239,2025-05-21 01:21:00,85.93,27.5,5.23,Email Retention,Completed
ORD_12216,CUST_2351,2025-02-28 20:00:00,117.58,37.63,4.65,TikTok Ads,Completed
ORD_12217,CUST_1461,2025-06-09 12:51:00,62.5,20.0,9.17,Google Ads,Completed
ORD_12218,CUST_1257,2025-01-15 13:35:00,98.93,31.66,7.13,Meta Ads,Completed
ORD_12219,CUST_1219,2025-05-09 13:25:00,189.26,60.56,7.19,Google Ads,Completed
ORD_12220,CUST_1302,2025-03-08 02:10:00,144.84,46.35,8.4,Meta Ads,Completed
ORD_12221,CUST_2403,2025-06-03 04:31:00,98.25,31.44,6.07,TikTok Ads,Completed
ORD_12222,CUST_1350,2025-02-13 12:36:00,87.42,27.97,6.91,Meta Ads,Completed
ORD_12223,CUST_1452,2025-03-20 02:58:00,105.26,33.68,9.34,Meta Ads,Completed
ORD_12224,CUST_1330,2025-04-04 13:25:00,153.78,49.21,7.86,Meta Ads,Refunded
ORD_12225,CUST_1125,2025-01-15 06:01:00,148.9,47.65,5.27,TikTok Ads,Completed
ORD_12226,CUST_1922,2025-02-13 06:21:00,165.31,52.9,5.17,Google Ads,Completed
ORD_12227,CUST_2307,2025-01-21 07:53:00,93.8,30.02,5.52,Google Ads,Completed
ORD_12228,CUST_1881,2025-01-15 09:02:00,26.26,8.4,8.33,Meta Ads,Refunded
ORD_12229,CUST_1839,2025-02-03 17:07:00,183.19,58.62,5.98,Google Ads,Completed
ORD_12230,CUST_1911,2025-05-12 06:58:00,57.34,18.35,4.61,Email Retention,Completed
ORD_12231,CUST_1158,2025-01-12 05:45:00,28.22,9.03,9.22,Organic Search,Completed
ORD_12232,CUST_1352,2025-04-17 02:24:00,116.72,37.35,5.35,Meta Ads,Completed
ORD_12233,CUST_1537,2025-06-28 06:13:00,26.57,8.5,4.55,Meta Ads,Completed
ORD_12234,CUST_2460,2025-05-19 04:38:00,85.11,27.24,5.69,Meta Ads,Completed
ORD_12235,CUST_1340,2025-04-28 01:24:00,26.34,8.43,5.68,Meta Ads,Completed
ORD_12236,CUST_1108,2025-06-29 09:17:00,72.15,23.09,6.61,Meta Ads,Completed
ORD_12237,CUST_2422,2025-06-12 06:16:00,165.48,52.95,9.1,Meta Ads,Completed
ORD_12238,CUST_1385,2025-06-12 15:14:00,98.82,31.62,8.9,Email Retention,Refunded
ORD_12239,CUST_1257,2025-03-16 22:13:00,84.7,27.1,6.78,Meta Ads,Completed
ORD_12240,CUST_1564,2025-04-30 19:01:00,103.75,33.2,6.55,Meta Ads,Completed
ORD_12241,CUST_1421,2025-04-20 19:28:00,16.62,5.32,7.28,Email Retention,Completed
ORD_12242,CUST_1379,2025-05-20 02:38:00,61.81,19.78,5.72,Email Retention,Refunded
ORD_12243,CUST_1476,2025-03-04 00:36:00,66.41,21.25,4.76,Google Ads,Completed
ORD_12244,CUST_1728,2025-03-15 04:56:00,111.11,35.56,9.2,Meta Ads,Completed
ORD_12245,CUST_2166,2025-01-30 13:48:00,51.23,16.39,5.43,Email Retention,Completed
ORD_12246,CUST_2254,2025-05-13 08:06:00,91.96,29.43,5.49,Google Ads,Completed
ORD_12247,CUST_2244,2025-05-12 12:37:00,80.96,25.91,6.86,TikTok Ads,Refunded
ORD_12248,CUST_2395,2025-04-12 08:00:00,63.43,20.3,6.96,Google Ads,Completed
ORD_12249,CUST_1206,2025-04-11 11:32:00,65.44,20.94,4.59,Email Retention,Completed
ORD_12250,CUST_1397,2025-05-21 11:19:00,80.62,25.8,5.24,Google Ads,Completed
ORD_12251,CUST_1805,2025-06-21 19:25:00,30.61,9.8,6.39,TikTok Ads,Completed
ORD_12252,CUST_2295,2025-03-18 08:40:00,118.3,37.86,7.92,Meta Ads,Completed
ORD_12253,CUST_2080,2025-05-28 07:42:00,57.14,18.28,5.64,Meta Ads,Completed
ORD_12254,CUST_1308,2025-05-08 10:01:00,74.3,23.78,6.62,Meta Ads,Refunded
ORD_12255,CUST_2464,2025-03-30 15:31:00,162.75,52.08,7.29,Google Ads,Completed
ORD_12256,CUST_1458,2025-01-12 22:56:00,119.21,38.15,8.94,Meta Ads,Completed
ORD_12257,CUST_2041,2025-05-06 02:02:00,46.72,14.95,6.13,Meta Ads,Completed
ORD_12258,CUST_1308,2025-05-30 05:05:00,14.9,4.77,5.17,Google Ads,Completed
ORD_12259,CUST_2266,2025-02-03 06:08:00,105.75,33.84,6.95,Google Ads,Completed
ORD_12260,CUST_2392,2025-01-06 17:15:00,75.68,24.22,8.23,Organic Search,Completed
ORD_12261,CUST_1603,2025-05-06 11:09:00,92.22,29.51,5.05,Google Ads,Completed
ORD_12262,CUST_2382,2025-03-02 20:44:00,117.44,37.58,6.62,Email Retention,Completed
ORD_12263,CUST_2129,2025-04-27 16:47:00,125.72,40.23,4.59,Google Ads,Completed
ORD_12264,CUST_1718,2025-01-31 15:38:00,68.87,22.04,4.67,Organic Search,Completed
ORD_12265,CUST_1822,2025-06-28 19:44:00,80.01,25.6,6.91,Meta Ads,Completed
ORD_12266,CUST_1788,2025-02-11 14:53:00,100.24,32.08,5.99,Meta Ads,Completed
ORD_12267,CUST_2320,2025-04-27 09:39:00,103.2,33.02,8.73,TikTok Ads,Completed
ORD_12268,CUST_2320,2025-04-06 20:37:00,91.81,29.38,7.51,TikTok Ads,Completed
ORD_12269,CUST_2408,2025-04-04 00:42:00,154.65,49.49,6.77,TikTok Ads,Completed
ORD_12270,CUST_1018,2025-06-21 00:29:00,102.68,32.86,6.54,TikTok Ads,Completed
ORD_12271,CUST_1744,2025-04-13 11:55:00,116.66,37.33,6.99,Meta Ads,Completed
ORD_12272,CUST_1453,2025-01-23 20:01:00,95.33,30.51,4.7,Meta Ads,Completed
ORD_12273,CUST_2446,2025-06-28 03:51:00,51.04,16.33,8.96,Google Ads,Completed
ORD_12274,CUST_1353,2025-06-09 17:40:00,61.72,19.75,9.49,Meta Ads,Completed
ORD_12275,CUST_1458,2025-03-07 19:21:00,45.72,14.63,5.41,Meta Ads,Completed
ORD_12276,CUST_1787,2025-02-22 00:04:00,132.01,42.24,5.1,Meta Ads,Completed
ORD_12277,CUST_2076,2025-06-24 22:11:00,37.28,11.93,5.22,TikTok Ads,Completed
ORD_12278,CUST_1845,2025-04-09 00:20:00,78.49,25.12,7.81,TikTok Ads,Completed
ORD_12279,CUST_1230,2025-04-25 20:53:00,70.66,22.61,7.81,Organic Search,Completed
ORD_12280,CUST_1197,2025-04-24 01:35:00,69.79,22.33,8.74,Meta Ads,Completed
ORD_12281,CUST_1585,2025-01-30 21:05:00,72.67,23.25,8.26,Google Ads,Completed
ORD_12282,CUST_1263,2025-02-28 17:05:00,167.64,53.64,6.75,Google Ads,Completed
ORD_12283,CUST_2283,2025-06-08 13:47:00,29.44,9.42,7.56,TikTok Ads,Completed
ORD_12284,CUST_2411,2025-06-18 08:48:00,145.99,46.72,7.94,Meta Ads,Completed
ORD_12285,CUST_1128,2025-03-19 17:53:00,75.58,24.19,7.06,Meta Ads,Completed
ORD_12286,CUST_1522,2025-04-21 16:45:00,122.05,39.06,6.88,Google Ads,Completed
ORD_12287,CUST_2405,2025-03-25 22:20:00,87.14,27.88,7.73,Google Ads,Completed
ORD_12288,CUST_1796,2025-04-12 23:40:00,48.11,15.4,7.29,Meta Ads,Completed
ORD_12289,CUST_1636,2025-03-31 14:36:00,152.23,48.71,7.72,Meta Ads,Completed
ORD_12290,CUST_2226,2025-05-25 06:55:00,141.74,45.36,7.56,Email Retention,Completed
ORD_12291,CUST_2088,2025-01-20 10:24:00,49.92,15.97,8.1,Meta Ads,Completed
ORD_12292,CUST_1485,2025-04-24 12:51:00,109.35,34.99,7.71,Meta Ads,Completed
ORD_12293,CUST_1232,2025-04-21 10:30:00,63.09,20.19,7.1,Google Ads,Completed
ORD_12294,CUST_2352,2025-04-29 03:41:00,38.13,12.2,7.91,Meta Ads,Completed
ORD_12295,CUST_1074,2025-01-01 16:58:00,57.21,18.31,6.75,Google Ads,Completed
ORD_12296,CUST_2116,2025-05-13 16:37:00,148.25,47.44,5.71,Email Retention,Completed
ORD_12297,CUST_1996,2025-04-19 18:33:00,123.39,39.48,4.51,Meta Ads,Completed
ORD_12298,CUST_2216,2025-03-20 07:40:00,73.07,23.38,7.3,Meta Ads,Completed
ORD_12299,CUST_2071,2025-01-09 03:08:00,148.56,47.54,7.45,Organic Search,Completed
ORD_12300,CUST_2237,2025-03-17 03:20:00,136.91,43.81,9.36,Meta Ads,Completed
ORD_12301,CUST_2443,2025-03-07 11:53:00,57.25,18.32,6.31,TikTok Ads,Completed
ORD_12302,CUST_2033,2025-06-25 19:14:00,164.64,52.68,6.47,Meta Ads,Completed
ORD_12303,CUST_1880,2025-02-16 19:39:00,70.33,22.51,5.51,TikTok Ads,Completed
ORD_12304,CUST_1816,2025-04-11 09:15:00,74.91,23.97,4.85,Email Retention,Completed
ORD_12305,CUST_2102,2025-05-10 13:38:00,29.86,9.56,8.36,TikTok Ads,Completed
ORD_12306,CUST_2243,2025-05-17 07:03:00,62.52,20.01,5.75,Email Retention,Completed
ORD_12307,CUST_1292,2025-06-08 04:54:00,78.77,25.21,7.54,TikTok Ads,Completed
ORD_12308,CUST_1497,2025-04-19 07:40:00,96.54,30.89,7.94,Meta Ads,Completed
ORD_12309,CUST_1970,2025-02-10 01:51:00,48.2,15.42,6.86,TikTok Ads,Completed
ORD_12310,CUST_1880,2025-05-31 10:51:00,58.53,18.73,8.88,Meta Ads,Completed
ORD_12311,CUST_1542,2025-02-04 20:10:00,166.26,53.2,6.72,Meta Ads,Completed
ORD_12312,CUST_2315,2025-04-26 15:42:00,132.87,42.52,5.92,TikTok Ads,Completed
ORD_12313,CUST_1280,2025-05-10 08:29:00,143.8,46.02,8.98,Meta Ads,Completed
ORD_12314,CUST_1103,2025-04-22 10:44:00,81.84,26.19,8.81,Google Ads,Completed
ORD_12315,CUST_2248,2025-02-09 22:11:00,97.84,31.31,5.32,TikTok Ads,Completed
ORD_12316,CUST_2009,2025-03-22 10:04:00,110.44,35.34,4.63,TikTok Ads,Completed
ORD_12317,CUST_1869,2025-04-09 00:26:00,165.17,52.85,4.95,Google Ads,Completed
ORD_12318,CUST_2454,2025-06-19 03:39:00,37.7,12.06,5.93,Meta Ads,Completed
ORD_12319,CUST_1170,2025-04-22 19:29:00,65.53,20.97,9.36,Email Retention,Completed
ORD_12320,CUST_2040,2025-03-25 10:52:00,93.83,30.03,7.29,Google Ads,Completed
ORD_12321,CUST_1615,2025-06-12 03:16:00,87.39,27.96,6.37,Meta Ads,Completed
ORD_12322,CUST_1457,2025-03-19 10:59:00,58.18,18.62,8.94,TikTok Ads,Completed
ORD_12323,CUST_1915,2025-06-02 12:17:00,106.18,33.98,6.77,Organic Search,Completed
ORD_12324,CUST_1292,2025-04-10 15:46:00,66.77,21.37,6.08,Google Ads,Completed
ORD_12325,CUST_1114,2025-03-01 01:04:00,84.5,27.04,9.21,Google Ads,Completed
ORD_12326,CUST_1641,2025-03-04 16:16:00,104.07,33.3,8.75,Organic Search,Completed
ORD_12327,CUST_1859,2025-06-22 22:25:00,68.27,21.85,8.72,Meta Ads,Completed
ORD_12328,CUST_2486,2025-01-26 04:10:00,118.8,38.02,7.06,Meta Ads,Completed
ORD_12329,CUST_1639,2025-06-14 09:31:00,128.49,41.12,8.45,Google Ads,Completed
ORD_12330,CUST_1185,2025-03-07 17:16:00,59.25,18.96,5.4,Email Retention,Completed
ORD_12331,CUST_1937,2025-05-31 20:19:00,66.54,21.29,7.37,Google Ads,Completed
ORD_12332,CUST_1008,2025-01-25 11:29:00,51.75,16.56,9.42,Meta Ads,Completed
ORD_12333,CUST_1863,2025-04-15 17:17:00,83.64,26.76,5.95,Meta Ads,Completed
ORD_12334,CUST_1267,2025-05-15 07:17:00,96.51,30.88,8.47,Organic Search,Completed
ORD_12335,CUST_1517,2025-04-09 19:48:00,71.36,22.84,6.95,Meta Ads,Completed
ORD_12336,CUST_1842,2025-02-25 10:12:00,95.29,30.49,4.7,Email Retention,Completed
ORD_12337,CUST_2382,2025-06-02 21:32:00,65.71,21.03,8.32,Organic Search,Completed
ORD_12338,CUST_1523,2025-01-15 01:23:00,66.73,21.35,5.34,TikTok Ads,Completed
ORD_12339,CUST_2209,2025-03-30 08:33:00,98.77,31.61,7.66,Email Retention,Completed
ORD_12340,CUST_2338,2025-06-04 01:12:00,68.82,22.02,4.93,Google Ads,Completed
ORD_12341,CUST_1268,2025-06-08 20:09:00,81.57,26.1,9.23,TikTok Ads,Completed
ORD_12342,CUST_1621,2025-03-24 02:22:00,100.35,32.11,5.96,TikTok Ads,Completed
ORD_12343,CUST_1411,2025-02-11 13:15:00,94.67,30.29,5.63,Email Retention,Completed
ORD_12344,CUST_2218,2025-01-31 09:46:00,21.17,6.77,5.15,Meta Ads,Completed
ORD_12345,CUST_1290,2025-03-16 13:15:00,66.16,21.17,9.23,Meta Ads,Completed
ORD_12346,CUST_2076,2025-04-23 09:08:00,134.3,42.98,8.06,Organic Search,Completed
ORD_12347,CUST_1988,2025-01-01 05:33:00,36.64,11.72,8.21,Meta Ads,Completed
ORD_12348,CUST_1793,2025-06-14 19:39:00,12.93,4.14,7.0,Organic Search,Completed
ORD_12349,CUST_1526,2025-02-17 02:03:00,108.22,34.63,6.87,Meta Ads,Completed
ORD_12350,CUST_2247,2025-05-16 07:30:00,93.84,30.03,5.05,Meta Ads,Completed
ORD_12351,CUST_2495,2025-06-30 15:14:00,48.34,15.47,7.3,Google Ads,Completed
ORD_12352,CUST_1045,2025-03-23 08:16:00,88.37,28.28,5.73,Google Ads,Completed
ORD_12353,CUST_1019,2025-02-26 17:39:00,61.92,19.81,9.39,Google Ads,Completed
ORD_12354,CUST_2244,2025-01-28 18:50:00,104.71,33.51,8.48,Organic Search,Completed
ORD_12355,CUST_1209,2025-05-11 08:04:00,14.71,4.71,6.56,TikTok Ads,Completed
ORD_12356,CUST_2405,2025-01-12 13:51:00,74.42,23.81,5.26,Meta Ads,Completed
ORD_12357,CUST_1504,2025-06-08 17:25:00,64.77,20.73,8.43,Organic Search,Completed
ORD_12358,CUST_1688,2025-05-14 23:04:00,119.0,38.08,5.11,Meta Ads,Completed
ORD_12359,CUST_1052,2025-03-08 18:09:00,30.46,9.75,5.45,TikTok Ads,Completed
ORD_12360,CUST_1440,2025-05-07 03:41:00,85.78,27.45,5.56,TikTok Ads,Completed
ORD_12361,CUST_2469,2025-05-28 01:56:00,107.63,34.44,7.28,Meta Ads,Completed
ORD_12362,CUST_1616,2025-02-17 05:40:00,178.85,57.23,8.44,Meta Ads,Completed
ORD_12363,CUST_1978,2025-03-23 03:47:00,66.62,21.32,6.07,TikTok Ads,Completed
ORD_12364,CUST_1529,2025-05-15 06:48:00,97.26,31.12,4.92,Meta Ads,Completed
ORD_12365,CUST_1756,2025-05-03 21:04:00,31.57,10.1,6.82,Email Retention,Completed
ORD_12366,CUST_2286,2025-05-09 02:05:00,83.78,26.81,8.24,Email Retention,Completed
ORD_12367,CUST_1838,2025-06-28 21:08:00,138.66,44.37,5.61,TikTok Ads,Completed
ORD_12368,CUST_1589,2025-01-05 23:05:00,179.64,57.48,5.6,Organic Search,Completed
ORD_12369,CUST_1461,2025-04-23 16:20:00,101.4,32.45,9.24,Google Ads,Completed
ORD_12370,CUST_2069,2025-04-21 02:52:00,36.53,11.69,9.27,Organic Search,Completed
ORD_12371,CUST_2184,2025-06-24 16:08:00,148.5,47.52,9.45,Meta Ads,Completed
ORD_12372,CUST_1322,2025-03-20 22:05:00,36.7,11.74,8.54,Organic Search,Completed
ORD_12373,CUST_1640,2025-04-26 08:26:00,45.98,14.71,5.44,Meta Ads,Completed
ORD_12374,CUST_2207,2025-06-18 05:28:00,154.13,49.32,5.56,Google Ads,Completed
ORD_12375,CUST_1944,2025-02-26 02:06:00,80.99,25.92,6.2,Meta Ads,Completed
ORD_12376,CUST_1350,2025-04-17 03:03:00,63.09,20.19,6.09,TikTok Ads,Completed
ORD_12377,CUST_1146,2025-02-26 01:53:00,114.2,36.54,9.28,Meta Ads,Completed
ORD_12378,CUST_2071,2025-01-03 13:13:00,90.55,28.98,8.45,Meta Ads,Completed
ORD_12379,CUST_1869,2025-05-12 20:40:00,133.14,42.6,8.12,TikTok Ads,Completed
ORD_12380,CUST_1201,2025-06-15 23:41:00,92.46,29.59,5.43,Meta Ads,Completed
ORD_12381,CUST_1257,2025-03-06 04:49:00,93.43,29.9,9.05,Meta Ads,Completed
ORD_12382,CUST_2318,2025-04-24 06:54:00,131.04,41.93,8.64,Organic Search,Completed
ORD_12383,CUST_2229,2025-02-17 00:48:00,80.48,25.75,5.32,Meta Ads,Completed
ORD_12384,CUST_1593,2025-06-04 09:50:00,53.99,17.28,8.86,Meta Ads,Completed
ORD_12385,CUST_1352,2025-04-11 23:13:00,117.13,37.48,5.86,Google Ads,Completed
ORD_12386,CUST_2481,2025-06-01 06:51:00,73.16,23.41,4.9,Organic Search,Completed
ORD_12387,CUST_2415,2025-06-15 14:30:00,95.83,30.67,7.78,Organic Search,Completed
ORD_12388,CUST_1043,2025-02-22 07:06:00,27.85,8.91,7.77,TikTok Ads,Refunded
ORD_12389,CUST_2272,2025-04-24 11:44:00,78.97,25.27,4.97,Meta Ads,Completed
ORD_12390,CUST_2355,2025-02-05 05:44:00,65.24,20.88,6.09,Meta Ads,Completed
ORD_12391,CUST_1206,2025-01-18 12:09:00,27.36,8.76,9.46,TikTok Ads,Completed
ORD_12392,CUST_1917,2025-01-22 06:02:00,80.12,25.64,7.89,TikTok Ads,Completed
ORD_12393,CUST_1530,2025-05-16 14:17:00,81.38,26.04,8.15,Organic Search,Completed
ORD_12394,CUST_1596,2025-03-04 12:23:00,98.96,31.67,5.56,Meta Ads,Completed
ORD_12395,CUST_1322,2025-06-05 21:25:00,137.63,44.04,4.89,Meta Ads,Completed
ORD_12396,CUST_1444,2025-05-14 15:39:00,127.8,40.9,5.88,Meta Ads,Completed
ORD_12397,CUST_1053,2025-05-23 23:18:00,67.43,21.58,5.74,Meta Ads,Completed
ORD_12398,CUST_2189,2025-04-24 23:42:00,91.43,29.26,5.67,Organic Search,Completed
ORD_12399,CUST_2084,2025-03-28 01:39:00,105.37,33.72,5.46,Meta Ads,Completed
ORD_12400,CUST_1561,2025-04-30 08:03:00,68.35,21.87,7.37,Meta Ads,Completed
ORD_12401,CUST_1289,2025-03-19 20:30:00,38.5,12.32,6.14,TikTok Ads,Completed
ORD_12402,CUST_1316,2025-02-25 16:26:00,76.15,24.37,8.6,Meta Ads,Completed
ORD_12403,CUST_1264,2025-01-01 23:27:00,140.2,44.86,5.42,Meta Ads,Completed
ORD_12404,CUST_1252,2025-06-22 21:13:00,37.51,12.0,6.82,Google Ads,Completed
ORD_12405,CUST_2164,2025-04-14 13:54:00,51.23,16.39,4.57,Organic Search,Completed
ORD_12406,CUST_1317,2025-02-26 08:13:00,56.8,18.18,6.91,Google Ads,Completed
ORD_12407,CUST_1451,2025-03-20 19:14:00,51.53,16.49,4.78,Google Ads,Completed
ORD_12408,CUST_2286,2025-01-14 13:46:00,114.43,36.62,9.39,Google Ads,Completed
ORD_12409,CUST_1702,2025-01-20 09:08:00,61.81,19.78,8.45,Meta Ads,Completed
ORD_12410,CUST_2137,2025-01-10 08:21:00,115.8,37.06,6.95,Google Ads,Completed
ORD_12411,CUST_1882,2025-05-16 22:06:00,85.74,27.44,4.93,TikTok Ads,Completed
ORD_12412,CUST_1128,2025-04-24 07:03:00,32.76,10.48,7.46,Meta Ads,Completed
ORD_12413,CUST_1105,2025-02-22 01:31:00,69.07,22.1,8.29,TikTok Ads,Completed
ORD_12414,CUST_1983,2025-05-08 01:55:00,129.5,41.44,5.45,Meta Ads,Completed
ORD_12415,CUST_1756,2025-05-15 16:47:00,90.15,28.85,7.34,TikTok Ads,Completed
ORD_12416,CUST_2397,2025-02-26 06:52:00,71.58,22.91,8.57,Meta Ads,Completed
ORD_12417,CUST_2268,2025-04-10 22:28:00,140.95,45.1,8.34,Google Ads,Completed
ORD_12418,CUST_1864,2025-03-10 13:44:00,48.7,15.58,8.51,Meta Ads,Completed
ORD_12419,CUST_1543,2025-01-05 18:03:00,62.91,20.13,8.9,Organic Search,Completed
ORD_12420,CUST_1200,2025-01-15 16:58:00,124.11,39.72,9.19,Meta Ads,Completed
ORD_12421,CUST_2487,2025-04-06 02:38:00,113.38,36.28,6.53,Meta Ads,Completed
ORD_12422,CUST_1912,2025-02-03 16:19:00,46.65,14.93,7.34,Email Retention,Completed
ORD_12423,CUST_1086,2025-04-07 02:14:00,103.77,33.21,8.45,Google Ads,Completed
ORD_12424,CUST_1400,2025-02-08 06:16:00,61.31,19.62,7.99,Organic Search,Completed
ORD_12425,CUST_2286,2025-05-25 06:02:00,26.6,8.51,9.48,TikTok Ads,Completed
ORD_12426,CUST_1988,2025-02-15 22:32:00,72.25,23.12,4.57,Meta Ads,Completed
ORD_12427,CUST_1480,2025-04-20 05:14:00,184.82,59.14,6.28,TikTok Ads,Completed
ORD_12428,CUST_1634,2025-04-05 15:00:00,130.5,41.76,5.91,Google Ads,Completed
ORD_12429,CUST_1691,2025-02-02 16:47:00,82.17,26.29,5.81,Meta Ads,Completed
ORD_12430,CUST_2273,2025-04-16 14:36:00,36.28,11.61,5.61,Google Ads,Completed
ORD_12431,CUST_1044,2025-04-14 01:24:00,27.09,8.67,8.05,Email Retention,Completed
ORD_12432,CUST_1075,2025-01-25 06:43:00,85.86,27.48,4.92,Meta Ads,Completed
ORD_12433,CUST_2180,2025-03-01 06:05:00,100.72,32.23,8.21,Google Ads,Completed
ORD_12434,CUST_1540,2025-02-02 04:01:00,115.02,36.81,7.97,Meta Ads,Completed
ORD_12435,CUST_1375,2025-03-22 06:33:00,109.16,34.93,5.75,TikTok Ads,Completed
ORD_12436,CUST_2204,2025-05-24 20:07:00,113.32,36.26,5.76,Email Retention,Completed
ORD_12437,CUST_2404,2025-05-31 02:28:00,95.22,30.47,7.64,Google Ads,Completed
ORD_12438,CUST_2078,2025-01-23 11:26:00,139.59,44.67,8.31,Meta Ads,Completed
ORD_12439,CUST_1768,2025-02-11 02:44:00,65.17,20.85,8.88,Google Ads,Completed
ORD_12440,CUST_1346,2025-05-16 08:25:00,85.27,27.29,8.76,Meta Ads,Completed
ORD_12441,CUST_2183,2025-05-02 09:18:00,32.83,10.51,9.32,Meta Ads,Completed
ORD_12442,CUST_1027,2025-02-05 02:41:00,64.51,20.64,7.41,Google Ads,Completed
ORD_12443,CUST_1951,2025-03-21 11:28:00,128.91,41.25,9.04,Meta Ads,Completed
ORD_12444,CUST_1041,2025-01-19 03:26:00,111.71,35.75,8.54,TikTok Ads,Completed
ORD_12445,CUST_1614,2025-02-04 22:10:00,21.41,6.85,8.97,Organic Search,Completed
ORD_12446,CUST_2021,2025-01-17 12:10:00,191.05,61.14,4.56,Meta Ads,Completed
ORD_12447,CUST_2323,2025-04-09 14:31:00,90.26,28.88,9.33,Google Ads,Completed
ORD_12448,CUST_1890,2025-03-16 06:27:00,91.04,29.13,6.87,Email Retention,Refunded
ORD_12449,CUST_1764,2025-06-10 00:07:00,62.52,20.01,8.49,Meta Ads,Completed
ORD_12450,CUST_1594,2025-03-05 09:55:00,69.24,22.16,5.14,TikTok Ads,Completed
ORD_12451,CUST_1350,2025-01-14 23:03:00,89.8,28.74,6.48,Email Retention,Completed
ORD_12452,CUST_1887,2025-05-10 14:37:00,108.88,34.84,5.86,Google Ads,Completed
ORD_12453,CUST_1845,2025-02-15 13:29:00,97.25,31.12,5.96,Meta Ads,Completed
ORD_12454,CUST_1317,2025-03-06 03:38:00,64.94,20.78,5.12,Meta Ads,Completed
ORD_12455,CUST_1862,2025-04-14 06:39:00,53.62,17.16,8.53,Meta Ads,Completed
ORD_12456,CUST_2287,2025-06-16 17:29:00,51.81,16.58,4.55,Meta Ads,Completed
ORD_12457,CUST_1900,2025-05-09 01:17:00,133.39,42.68,6.06,Google Ads,Completed
ORD_12458,CUST_2430,2025-05-25 15:50:00,126.25,40.4,5.37,TikTok Ads,Completed
ORD_12459,CUST_1492,2025-02-28 16:17:00,104.41,33.41,7.45,TikTok Ads,Completed
ORD_12460,CUST_2462,2025-06-15 18:30:00,132.96,42.55,5.77,TikTok Ads,Completed
ORD_12461,CUST_2190,2025-04-09 21:33:00,79.23,25.35,5.79,Meta Ads,Refunded
ORD_12462,CUST_1766,2025-01-17 16:00:00,121.42,38.85,6.94,Meta Ads,Completed
ORD_12463,CUST_2417,2025-01-07 07:22:00,106.84,34.19,7.76,Meta Ads,Completed
ORD_12464,CUST_1100,2025-06-15 22:02:00,122.88,39.32,5.11,Meta Ads,Completed
ORD_12465,CUST_2153,2025-04-27 18:02:00,49.2,15.74,5.38,Google Ads,Refunded
ORD_12466,CUST_2431,2025-02-26 09:24:00,19.5,6.24,5.74,TikTok Ads,Completed
ORD_12467,CUST_1342,2025-05-27 07:56:00,94.61,30.28,9.37,TikTok Ads,Refunded
ORD_12468,CUST_1737,2025-05-22 00:12:00,71.08,22.75,6.49,Google Ads,Completed
ORD_12469,CUST_1813,2025-04-17 07:52:00,23.9,7.65,7.49,Meta Ads,Completed
ORD_12470,CUST_1524,2025-01-06 08:49:00,142.88,45.72,5.71,Meta Ads,Completed
ORD_12471,CUST_1156,2025-05-07 14:47:00,126.41,40.45,6.95,Meta Ads,Completed
ORD_12472,CUST_1684,2025-06-29 05:23:00,98.37,31.48,4.87,Google Ads,Completed
ORD_12473,CUST_2002,2025-05-12 01:08:00,55.26,17.68,4.67,Organic Search,Completed
ORD_12474,CUST_1690,2025-03-18 09:11:00,32.03,10.25,6.84,Email Retention,Completed
ORD_12475,CUST_1507,2025-05-14 07:20:00,23.69,7.58,6.49,Meta Ads,Completed
ORD_12476,CUST_1358,2025-04-17 08:26:00,64.28,20.57,5.18,Meta Ads,Completed
ORD_12477,CUST_1664,2025-03-25 23:46:00,114.07,36.5,7.94,Google Ads,Completed
ORD_12478,CUST_1249,2025-01-10 01:20:00,71.44,22.86,9.46,Meta Ads,Completed
ORD_12479,CUST_2119,2025-01-24 09:44:00,104.99,33.6,6.48,Meta Ads,Completed
ORD_12480,CUST_2038,2025-03-20 23:25:00,107.34,34.35,7.62,Meta Ads,Completed
ORD_12481,CUST_1452,2025-04-16 03:20:00,113.32,36.26,9.31,Meta Ads,Completed
ORD_12482,CUST_1132,2025-02-21 08:38:00,28.95,9.26,8.66,Organic Search,Completed
ORD_12483,CUST_2394,2025-05-28 10:54:00,57.74,18.48,6.82,Google Ads,Completed
ORD_12484,CUST_1178,2025-01-13 02:20:00,104.11,33.32,8.19,Meta Ads,Completed
ORD_12485,CUST_1625,2025-01-04 15:29:00,156.67,50.13,5.14,Meta Ads,Completed
ORD_12486,CUST_2277,2025-03-28 11:30:00,137.1,43.87,7.06,Organic Search,Completed
ORD_12487,CUST_1518,2025-02-07 02:43:00,96.07,30.74,5.9,Meta Ads,Completed
ORD_12488,CUST_2350,2025-05-22 19:31:00,143.56,45.94,5.31,TikTok Ads,Completed
ORD_12489,CUST_1361,2025-05-20 08:32:00,95.73,30.63,6.63,Google Ads,Completed
ORD_12490,CUST_1584,2025-05-17 20:06:00,36.96,11.83,5.16,TikTok Ads,Completed
ORD_12491,CUST_2041,2025-06-30 19:58:00,112.46,35.99,7.99,Meta Ads,Completed
ORD_12492,CUST_1967,2025-02-27 14:25:00,139.21,44.55,6.78,Google Ads,Completed
ORD_12493,CUST_2370,2025-03-30 19:06:00,178.38,57.08,7.16,Meta Ads,Completed
ORD_12494,CUST_1714,2025-01-03 16:27:00,63.4,20.29,5.23,Organic Search,Completed
ORD_12495,CUST_2332,2025-01-20 23:03:00,46.58,14.91,5.2,Google Ads,Completed
ORD_12496,CUST_1842,2025-06-15 00:24:00,121.58,38.91,7.42,Meta Ads,Completed
ORD_12497,CUST_2337,2025-06-21 11:19:00,101.31,32.42,9.43,Organic Search,Completed
ORD_12498,CUST_2090,2025-05-01 22:30:00,97.2,31.1,4.98,TikTok Ads,Completed
ORD_12499,CUST_1871,2025-03-13 23:31:00,144.46,46.23,5.93,TikTok Ads,Completed
ORD_12500,CUST_1488,2025-01-13 22:37:00,121.37,38.84,8.85,Google Ads,Completed
ORD_12501,CUST_1897,2025-05-09 19:31:00,105.62,33.8,4.86,Google Ads,Completed
ORD_12502,CUST_1839,2025-01-21 17:57:00,67.31,21.54,8.88,TikTok Ads,Completed
ORD_12503,CUST_1788,2025-01-11 13:37:00,116.99,37.44,7.12,Meta Ads,Completed
ORD_12504,CUST_1519,2025-06-10 03:26:00,45.59,14.59,6.54,Google Ads,Completed
ORD_12505,CUST_1634,2025-05-15 22:50:00,95.61,30.6,6.05,Meta Ads,Completed
ORD_12506,CUST_2067,2025-06-29 07:45:00,82.69,26.46,5.99,Email Retention,Completed
ORD_12507,CUST_1711,2025-06-05 02:54:00,36.0,11.52,6.03,Meta Ads,Refunded
ORD_12508,CUST_2465,2025-03-24 06:37:00,101.44,32.46,8.92,Meta Ads,Completed
ORD_12509,CUST_1243,2025-06-09 19:13:00,63.47,20.31,8.12,Meta Ads,Completed
ORD_12510,CUST_1903,2025-04-17 23:28:00,100.33,32.11,7.85,Google Ads,Completed
ORD_12511,CUST_1895,2025-03-28 22:09:00,52.0,16.64,8.49,Meta Ads,Completed
ORD_12512,CUST_1211,2025-04-11 06:37:00,121.91,39.01,5.79,Meta Ads,Completed
ORD_12513,CUST_2001,2025-02-06 07:09:00,167.56,53.62,7.59,Email Retention,Completed
ORD_12514,CUST_2230,2025-05-28 18:54:00,45.6,14.59,6.8,Meta Ads,Completed
ORD_12515,CUST_2344,2025-05-24 13:18:00,51.96,16.63,8.41,Meta Ads,Completed
ORD_12516,CUST_2344,2025-04-25 19:27:00,41.62,13.32,6.05,Email Retention,Completed
ORD_12517,CUST_1825,2025-04-09 13:55:00,75.95,24.3,7.72,Meta Ads,Completed
ORD_12518,CUST_2359,2025-04-27 03:03:00,99.63,31.88,8.91,Organic Search,Completed
ORD_12519,CUST_1173,2025-02-25 00:10:00,113.81,36.42,6.51,Google Ads,Completed
ORD_12520,CUST_1854,2025-03-17 06:48:00,94.76,30.32,4.83,Google Ads,Completed
ORD_12521,CUST_1356,2025-06-06 13:42:00,112.26,35.92,7.08,Meta Ads,Completed
ORD_12522,CUST_1166,2025-05-26 09:51:00,81.33,26.03,6.23,Meta Ads,Completed
ORD_12523,CUST_1534,2025-04-01 10:26:00,63.11,20.2,7.86,Meta Ads,Completed
ORD_12524,CUST_1416,2025-02-01 23:47:00,52.62,16.84,9.26,Meta Ads,Completed
ORD_12525,CUST_1449,2025-06-22 02:52:00,77.27,24.73,6.93,Google Ads,Completed
ORD_12526,CUST_1720,2025-05-04 11:37:00,53.27,17.05,6.83,TikTok Ads,Completed
ORD_12527,CUST_1087,2025-01-05 22:35:00,98.29,31.45,7.77,Organic Search,Completed
ORD_12528,CUST_1208,2025-04-07 20:52:00,53.7,17.18,5.02,Google Ads,Completed
ORD_12529,CUST_1497,2025-04-13 17:30:00,66.43,21.26,5.77,Meta Ads,Completed
ORD_12530,CUST_2364,2025-02-12 09:39:00,133.08,42.59,9.09,Google Ads,Completed
ORD_12531,CUST_2251,2025-01-12 07:09:00,138.75,44.4,7.85,Email Retention,Completed
ORD_12532,CUST_1230,2025-01-13 03:03:00,136.81,43.78,4.57,Google Ads,Completed
ORD_12533,CUST_1261,2025-03-15 23:26:00,81.95,26.22,5.52,TikTok Ads,Completed
ORD_12534,CUST_1383,2025-04-04 07:54:00,64.35,20.59,7.91,Email Retention,Completed
ORD_12535,CUST_2392,2025-06-30 12:10:00,105.02,33.61,8.32,Google Ads,Completed
ORD_12536,CUST_1478,2025-03-25 16:41:00,54.26,17.36,8.7,Email Retention,Completed
ORD_12537,CUST_2447,2025-03-08 11:53:00,116.3,37.22,5.96,Google Ads,Completed
ORD_12538,CUST_1626,2025-05-15 03:32:00,61.57,19.7,9.16,Meta Ads,Completed
ORD_12539,CUST_1778,2025-02-18 09:52:00,75.77,24.25,7.26,Meta Ads,Completed
ORD_12540,CUST_2459,2025-01-27 13:18:00,117.46,37.59,7.98,TikTok Ads,Completed
ORD_12541,CUST_1585,2025-03-27 16:52:00,31.22,9.99,7.48,Meta Ads,Completed
ORD_12542,CUST_1299,2025-04-19 17:51:00,62.84,20.11,5.11,Google Ads,Completed
ORD_12543,CUST_1042,2025-03-01 10:41:00,99.23,31.75,9.32,Email Retention,Completed
ORD_12544,CUST_2091,2025-05-24 20:00:00,108.83,34.83,5.11,TikTok Ads,Refunded
ORD_12545,CUST_1749,2025-06-27 15:29:00,101.0,32.32,5.77,Meta Ads,Refunded
ORD_12546,CUST_1447,2025-03-08 17:51:00,75.33,24.11,8.57,Meta Ads,Completed
ORD_12547,CUST_2076,2025-03-24 04:46:00,122.72,39.27,7.59,Meta Ads,Completed
ORD_12548,CUST_1601,2025-01-27 23:24:00,51.75,16.56,8.69,TikTok Ads,Completed
ORD_12549,CUST_1152,2025-06-27 10:10:00,50.65,16.21,7.08,TikTok Ads,Completed
ORD_12550,CUST_2419,2025-04-07 09:47:00,98.8,31.62,6.38,Meta Ads,Completed
ORD_12551,CUST_1946,2025-03-25 02:37:00,48.88,15.64,9.11,Google Ads,Completed
ORD_12552,CUST_2207,2025-06-17 17:42:00,170.14,54.44,4.68,Meta Ads,Completed
ORD_12553,CUST_1217,2025-02-22 14:37:00,63.71,20.39,8.78,Meta Ads,Completed
ORD_12554,CUST_1862,2025-06-05 19:51:00,121.7,38.94,5.65,Meta Ads,Completed
ORD_12555,CUST_1235,2025-05-21 17:40:00,44.7,14.3,8.74,Google Ads,Completed
ORD_12556,CUST_1879,2025-05-16 11:33:00,154.06,49.3,5.2,Google Ads,Completed
ORD_12557,CUST_1455,2025-04-13 05:09:00,84.55,27.06,7.4,Google Ads,Refunded
ORD_12558,CUST_1206,2025-04-20 04:58:00,62.88,20.12,8.94,Meta Ads,Completed
ORD_12559,CUST_1746,2025-05-03 12:00:00,72.9,23.33,6.87,Meta Ads,Completed
ORD_12560,CUST_2074,2025-05-22 15:14:00,58.1,18.59,8.23,TikTok Ads,Completed
ORD_12561,CUST_1690,2025-06-22 22:45:00,75.68,24.22,8.52,Google Ads,Completed
ORD_12562,CUST_1853,2025-05-19 14:16:00,46.04,14.73,8.18,Meta Ads,Completed
ORD_12563,CUST_2030,2025-01-27 05:13:00,63.84,20.43,9.13,Meta Ads,Completed
ORD_12564,CUST_1516,2025-01-24 20:56:00,120.66,38.61,6.73,TikTok Ads,Completed
ORD_12565,CUST_2228,2025-04-09 02:37:00,92.41,29.57,5.37,Organic Search,Completed
ORD_12566,CUST_1399,2025-04-23 00:04:00,51.24,16.4,4.74,Meta Ads,Completed
ORD_12567,CUST_1748,2025-04-14 16:47:00,76.89,24.6,5.73,Google Ads,Refunded
ORD_12568,CUST_1019,2025-06-07 01:53:00,139.46,44.63,5.22,Meta Ads,Completed
ORD_12569,CUST_1276,2025-06-01 10:15:00,67.36,21.56,7.29,TikTok Ads,Completed
ORD_12570,CUST_2188,2025-06-15 20:14:00,48.62,15.56,5.42,Google Ads,Completed
ORD_12571,CUST_1414,2025-05-25 16:18:00,107.06,34.26,4.69,Organic Search,Completed
ORD_12572,CUST_1620,2025-06-24 11:39:00,24.69,7.9,4.68,Organic Search,Completed
ORD_12573,CUST_1544,2025-04-19 05:31:00,73.66,23.57,8.66,Meta Ads,Completed
ORD_12574,CUST_1115,2025-06-23 04:42:00,144.88,46.36,7.46,Meta Ads,Completed
ORD_12575,CUST_2444,2025-04-20 07:44:00,75.88,24.28,6.29,Google Ads,Completed
ORD_12576,CUST_2057,2025-04-05 20:25:00,125.98,40.31,8.97,TikTok Ads,Completed
ORD_12577,CUST_1527,2025-02-22 05:37:00,48.29,15.45,4.85,Meta Ads,Completed
ORD_12578,CUST_1829,2025-06-14 15:56:00,74.52,23.85,9.4,Email Retention,Completed
ORD_12579,CUST_2096,2025-01-23 02:48:00,71.28,22.81,7.58,TikTok Ads,Completed
ORD_12580,CUST_1226,2025-01-30 20:44:00,104.5,33.44,5.42,TikTok Ads,Completed
ORD_12581,CUST_1586,2025-06-06 22:23:00,86.67,27.73,7.9,Meta Ads,Completed
ORD_12582,CUST_2214,2025-02-07 15:30:00,153.47,49.11,8.32,Meta Ads,Refunded
ORD_12583,CUST_1096,2025-02-09 02:01:00,65.61,21.0,6.65,Google Ads,Completed
ORD_12584,CUST_2328,2025-03-14 17:36:00,86.19,27.58,8.81,Email Retention,Completed
ORD_12585,CUST_1708,2025-01-01 13:07:00,72.53,23.21,5.25,Meta Ads,Completed
ORD_12586,CUST_1884,2025-03-21 05:58:00,83.36,26.68,5.89,Email Retention,Completed
ORD_12587,CUST_2314,2025-01-03 12:19:00,79.95,25.58,4.97,Google Ads,Completed
ORD_12588,CUST_1818,2025-06-02 21:13:00,54.01,17.28,5.55,Email Retention,Completed
ORD_12589,CUST_2134,2025-03-01 01:10:00,117.73,37.67,5.69,Google Ads,Completed
ORD_12590,CUST_2419,2025-04-23 23:07:00,60.64,19.4,9.09,Google Ads,Completed
ORD_12591,CUST_2181,2025-03-27 12:25:00,58.6,18.75,4.89,TikTok Ads,Completed
ORD_12592,CUST_1619,2025-02-19 04:35:00,37.11,11.88,6.64,TikTok Ads,Completed
ORD_12593,CUST_1918,2025-01-27 05:10:00,64.73,20.71,7.16,Google Ads,Completed
ORD_12594,CUST_1956,2025-05-11 20:57:00,60.26,19.28,8.99,Organic Search,Completed
ORD_12595,CUST_2127,2025-05-07 04:43:00,14.0,4.48,9.49,Email Retention,Completed
ORD_12596,CUST_2299,2025-02-22 07:36:00,27.44,8.78,8.27,Meta Ads,Completed
ORD_12597,CUST_1679,2025-04-01 20:18:00,75.53,24.17,9.35,Organic Search,Completed
ORD_12598,CUST_1690,2025-02-28 23:51:00,150.41,48.13,8.44,Organic Search,Completed
ORD_12599,CUST_2486,2025-06-11 15:55:00,40.65,13.01,9.32,Meta Ads,Completed
ORD_12600,CUST_2476,2025-03-02 13:01:00,82.66,26.45,8.04,Meta Ads,Completed
ORD_12601,CUST_1840,2025-02-11 14:14:00,74.7,23.9,4.9,Google Ads,Completed
ORD_12602,CUST_1238,2025-03-31 23:11:00,110.8,35.46,6.51,Meta Ads,Completed
ORD_12603,CUST_2128,2025-04-16 09:21:00,114.43,36.62,7.73,Organic Search,Completed
ORD_12604,CUST_1100,2025-03-02 03:51:00,198.74,63.6,6.25,Meta Ads,Completed
ORD_12605,CUST_1979,2025-05-10 18:45:00,93.94,30.06,5.87,Meta Ads,Completed
ORD_12606,CUST_1708,2025-04-26 21:53:00,56.51,18.08,7.39,Google Ads,Completed
ORD_12607,CUST_2128,2025-05-09 19:18:00,63.87,20.44,9.17,Google Ads,Completed
ORD_12608,CUST_1120,2025-02-03 17:17:00,66.97,21.43,4.67,Google Ads,Completed
ORD_12609,CUST_2027,2025-03-18 02:22:00,61.44,19.66,8.35,Meta Ads,Completed
ORD_12610,CUST_1190,2025-06-20 04:25:00,166.82,53.38,8.11,TikTok Ads,Completed
ORD_12611,CUST_2080,2025-06-06 05:46:00,112.0,35.84,9.32,Organic Search,Completed
ORD_12612,CUST_2112,2025-01-11 10:04:00,35.19,11.26,9.15,Organic Search,Completed
ORD_12613,CUST_1289,2025-05-13 07:54:00,104.09,33.31,8.31,Google Ads,Completed
ORD_12614,CUST_1051,2025-01-23 20:04:00,49.29,15.77,7.1,Meta Ads,Completed
ORD_12615,CUST_1334,2025-02-08 13:33:00,113.92,36.45,5.52,TikTok Ads,Completed
ORD_12616,CUST_1684,2025-03-13 12:44:00,134.75,43.12,7.23,Meta Ads,Completed
ORD_12617,CUST_1650,2025-03-15 20:17:00,75.32,24.1,8.33,Meta Ads,Completed
ORD_12618,CUST_1273,2025-06-09 15:19:00,63.52,20.33,8.98,TikTok Ads,Completed
ORD_12619,CUST_1618,2025-05-14 04:47:00,155.17,49.65,8.45,Google Ads,Completed
ORD_12620,CUST_2473,2025-03-11 03:54:00,59.63,19.08,5.48,Google Ads,Completed
ORD_12621,CUST_2204,2025-06-12 13:59:00,56.69,18.14,7.5,Meta Ads,Completed
ORD_12622,CUST_2429,2025-01-10 09:54:00,52.21,16.71,6.16,Meta Ads,Completed
ORD_12623,CUST_2241,2025-05-02 22:56:00,80.82,25.86,4.55,Google Ads,Completed
ORD_12624,CUST_1249,2025-05-19 06:23:00,93.81,30.02,5.5,Meta Ads,Completed
ORD_12625,CUST_1991,2025-04-03 05:04:00,126.69,40.54,5.07,Meta Ads,Completed
ORD_12626,CUST_1541,2025-01-30 10:19:00,106.2,33.98,8.71,Google Ads,Completed
ORD_12627,CUST_1298,2025-04-13 07:39:00,105.44,33.74,5.79,Meta Ads,Completed
ORD_12628,CUST_1854,2025-03-29 09:47:00,143.84,46.03,5.92,Meta Ads,Completed
ORD_12629,CUST_2365,2025-05-27 21:32:00,51.01,16.32,9.3,Meta Ads,Completed
ORD_12630,CUST_2392,2025-05-25 19:59:00,39.4,12.61,6.4,Google Ads,Completed
ORD_12631,CUST_1418,2025-02-26 14:16:00,108.51,34.72,4.55,Meta Ads,Completed
ORD_12632,CUST_2471,2025-06-18 11:12:00,79.1,25.31,5.92,Meta Ads,Completed
ORD_12633,CUST_2454,2025-06-26 02:48:00,126.89,40.6,5.1,Meta Ads,Completed
ORD_12634,CUST_1244,2025-05-12 03:46:00,82.5,26.4,5.01,Email Retention,Completed
ORD_12635,CUST_1519,2025-02-11 14:09:00,62.5,20.0,4.89,Google Ads,Completed
ORD_12636,CUST_2028,2025-05-21 02:10:00,109.21,34.95,7.47,Meta Ads,Completed
ORD_12637,CUST_2063,2025-03-29 03:26:00,87.2,27.9,5.45,TikTok Ads,Completed
ORD_12638,CUST_2013,2025-05-06 03:20:00,82.54,26.41,6.31,Email Retention,Completed
ORD_12639,CUST_2436,2025-01-24 08:00:00,215.3,68.9,8.81,Meta Ads,Refunded
ORD_12640,CUST_1300,2025-05-19 19:03:00,138.98,44.47,6.62,Meta Ads,Completed
ORD_12641,CUST_2422,2025-02-03 23:14:00,115.36,36.92,9.08,TikTok Ads,Completed
ORD_12642,CUST_1979,2025-05-14 05:35:00,88.42,28.29,6.99,Organic Search,Completed
ORD_12643,CUST_2460,2025-01-18 03:43:00,85.02,27.21,6.49,Meta Ads,Completed
ORD_12644,CUST_2063,2025-05-15 16:42:00,72.74,23.28,8.25,TikTok Ads,Completed
ORD_12645,CUST_1513,2025-06-28 12:30:00,92.46,29.59,4.87,TikTok Ads,Completed
ORD_12646,CUST_1224,2025-03-26 08:41:00,66.4,21.25,4.95,Meta Ads,Completed
ORD_12647,CUST_1285,2025-05-25 21:02:00,45.73,14.63,7.76,Meta Ads,Completed
ORD_12648,CUST_2026,2025-04-04 05:08:00,82.08,26.27,6.93,Email Retention,Completed
ORD_12649,CUST_1026,2025-01-18 19:23:00,95.83,30.67,8.45,Meta Ads,Completed
ORD_12650,CUST_1693,2025-03-16 09:13:00,127.02,40.65,9.08,Google Ads,Completed
ORD_12651,CUST_1758,2025-03-03 02:05:00,56.85,18.19,6.44,Meta Ads,Completed
ORD_12652,CUST_1703,2025-01-22 18:02:00,85.33,27.31,7.48,Google Ads,Completed
ORD_12653,CUST_1658,2025-01-26 21:20:00,105.83,33.87,7.0,Google Ads,Completed
ORD_12654,CUST_1859,2025-04-28 18:38:00,104.79,33.53,9.41,Google Ads,Completed
ORD_12655,CUST_1043,2025-01-23 16:13:00,163.1,52.19,8.66,Organic Search,Completed
ORD_12656,CUST_1378,2025-04-14 07:08:00,73.39,23.48,9.06,Email Retention,Completed
ORD_12657,CUST_2434,2025-03-29 19:26:00,54.56,17.46,5.77,Meta Ads,Completed
ORD_12658,CUST_1592,2025-01-10 15:39:00,87.86,28.12,8.36,Meta Ads,Completed
ORD_12659,CUST_1036,2025-05-31 12:50:00,75.16,24.05,5.83,Email Retention,Completed
ORD_12660,CUST_2432,2025-03-09 23:17:00,69.15,22.13,5.54,Meta Ads,Completed
ORD_12661,CUST_1848,2025-06-12 01:17:00,64.87,20.76,9.22,Organic Search,Completed
ORD_12662,CUST_2390,2025-05-28 12:47:00,96.0,30.72,4.6,Google Ads,Completed
ORD_12663,CUST_1269,2025-06-27 00:53:00,60.69,19.42,9.33,TikTok Ads,Completed
ORD_12664,CUST_1645,2025-06-13 23:56:00,115.31,36.9,5.25,Meta Ads,Completed
ORD_12665,CUST_2121,2025-05-28 02:59:00,112.93,36.14,8.6,Email Retention,Completed
ORD_12666,CUST_2113,2025-06-08 17:11:00,99.84,31.95,5.88,Email Retention,Completed
ORD_12667,CUST_2417,2025-05-04 12:49:00,50.96,16.31,6.25,Google Ads,Completed
ORD_12668,CUST_2048,2025-05-27 21:53:00,94.08,30.11,5.58,Meta Ads,Completed
ORD_12669,CUST_1176,2025-01-14 23:50:00,130.72,41.83,7.43,Meta Ads,Completed
ORD_12670,CUST_2472,2025-01-07 08:59:00,118.94,38.06,6.24,Email Retention,Completed
ORD_12671,CUST_1755,2025-05-30 15:32:00,111.69,35.74,7.79,Meta Ads,Completed
ORD_12672,CUST_1195,2025-02-10 23:38:00,84.76,27.12,4.58,Meta Ads,Completed
ORD_12673,CUST_2457,2025-06-15 14:05:00,83.06,26.58,4.82,Meta Ads,Completed
ORD_12674,CUST_1348,2025-06-16 02:27:00,139.97,44.79,5.0,Organic Search,Completed
ORD_12675,CUST_2303,2025-06-13 15:01:00,95.33,30.51,6.59,Google Ads,Completed
ORD_12676,CUST_1527,2025-03-23 05:49:00,95.85,30.67,8.57,Meta Ads,Completed
ORD_12677,CUST_2029,2025-01-10 17:12:00,243.14,77.8,8.94,Meta Ads,Completed
ORD_12678,CUST_1674,2025-05-09 20:40:00,72.67,23.25,5.72,Meta Ads,Completed
ORD_12679,CUST_1454,2025-05-03 09:01:00,26.12,8.36,7.37,Meta Ads,Completed
ORD_12680,CUST_1590,2025-02-01 01:43:00,77.55,24.82,8.34,Meta Ads,Completed
ORD_12681,CUST_1150,2025-04-25 10:00:00,79.62,25.48,5.94,Meta Ads,Completed
ORD_12682,CUST_1599,2025-05-12 13:42:00,94.7,30.3,6.55,Google Ads,Completed
ORD_12683,CUST_2119,2025-03-19 20:42:00,104.36,33.4,7.12,Organic Search,Completed
ORD_12684,CUST_1710,2025-06-20 12:03:00,28.71,9.19,5.17,Meta Ads,Completed
ORD_12685,CUST_2153,2025-01-03 10:06:00,105.3,33.7,4.63,Google Ads,Completed
ORD_12686,CUST_2182,2025-06-12 15:00:00,81.79,26.17,5.26,Meta Ads,Completed
ORD_12687,CUST_2208,2025-06-29 13:48:00,74.19,23.74,7.63,Meta Ads,Completed
ORD_12688,CUST_2343,2025-03-01 02:19:00,35.97,11.51,4.87,Meta Ads,Completed
ORD_12689,CUST_2480,2025-06-02 04:48:00,152.62,48.84,5.45,Email Retention,Completed
ORD_12690,CUST_1240,2025-04-23 05:02:00,68.72,21.99,6.19,TikTok Ads,Completed
ORD_12691,CUST_1799,2025-04-06 04:59:00,112.34,35.95,4.89,Google Ads,Completed
ORD_12692,CUST_1507,2025-03-19 16:11:00,56.46,18.07,5.46,Meta Ads,Completed
ORD_12693,CUST_2388,2025-03-15 04:11:00,96.53,30.89,9.06,Meta Ads,Completed
ORD_12694,CUST_2304,2025-03-07 23:01:00,74.73,23.91,4.6,Meta Ads,Completed
ORD_12695,CUST_1060,2025-04-04 19:27:00,110.84,35.47,7.77,Email Retention,Completed
ORD_12696,CUST_1718,2025-02-24 05:54:00,73.59,23.55,6.42,Google Ads,Completed
ORD_12697,CUST_2257,2025-01-07 19:31:00,55.22,17.67,7.86,Google Ads,Completed
ORD_12698,CUST_1650,2025-03-14 21:49:00,83.45,26.7,7.44,Meta Ads,Completed
ORD_12699,CUST_2167,2025-04-09 11:16:00,81.59,26.11,5.62,TikTok Ads,Completed
ORD_12700,CUST_2118,2025-06-30 12:24:00,93.73,29.99,8.74,Meta Ads,Completed
ORD_12701,CUST_2399,2025-05-31 16:32:00,125.27,40.09,6.96,Google Ads,Completed
ORD_12702,CUST_1540,2025-03-23 22:55:00,49.41,15.81,8.61,Google Ads,Completed
ORD_12703,CUST_1546,2025-06-13 21:30:00,122.51,39.2,6.53,Google Ads,Completed
ORD_12704,CUST_2079,2025-02-20 13:15:00,45.8,14.66,9.42,Meta Ads,Refunded
ORD_12705,CUST_2181,2025-04-01 21:16:00,108.99,34.88,8.35,Meta Ads,Completed
ORD_12706,CUST_1395,2025-01-27 21:49:00,110.48,35.35,9.33,Meta Ads,Completed
ORD_12707,CUST_1836,2025-05-14 02:18:00,67.07,21.46,7.07,Meta Ads,Completed
ORD_12708,CUST_1532,2025-01-07 13:00:00,57.82,18.5,6.87,Google Ads,Completed
ORD_12709,CUST_1715,2025-05-07 00:51:00,56.38,18.04,8.28,Meta Ads,Completed
ORD_12710,CUST_1529,2025-06-04 13:10:00,86.98,27.83,8.9,TikTok Ads,Completed
ORD_12711,CUST_2078,2025-03-20 02:31:00,113.58,36.35,9.32,TikTok Ads,Refunded
ORD_12712,CUST_2058,2025-01-13 04:12:00,78.61,25.16,6.12,Meta Ads,Completed
ORD_12713,CUST_1694,2025-03-14 12:50:00,24.58,7.87,8.49,Meta Ads,Completed
ORD_12714,CUST_2343,2025-01-26 21:09:00,65.05,20.82,5.55,TikTok Ads,Completed
ORD_12715,CUST_1041,2025-03-07 17:59:00,63.99,20.48,7.23,Email Retention,Completed
ORD_12716,CUST_1353,2025-05-02 01:15:00,104.05,33.3,5.4,Meta Ads,Refunded
ORD_12717,CUST_1852,2025-06-23 01:18:00,106.39,34.04,6.24,Organic Search,Completed
ORD_12718,CUST_2231,2025-01-05 10:15:00,89.92,28.77,9.16,Organic Search,Completed
ORD_12719,CUST_1386,2025-01-08 15:11:00,122.61,39.24,5.23,TikTok Ads,Completed
ORD_12720,CUST_2124,2025-03-15 06:41:00,126.56,40.5,7.66,Meta Ads,Refunded
ORD_12721,CUST_2163,2025-03-26 02:51:00,66.82,21.38,7.46,Google Ads,Completed
ORD_12722,CUST_2035,2025-06-06 14:12:00,55.8,17.86,5.1,TikTok Ads,Completed
ORD_12723,CUST_1571,2025-03-13 00:15:00,81.08,25.95,6.13,Meta Ads,Completed
ORD_12724,CUST_1268,2025-05-01 17:28:00,89.84,28.75,7.31,Google Ads,Completed
ORD_12725,CUST_1341,2025-04-17 03:40:00,65.29,20.89,5.44,Meta Ads,Completed
ORD_12726,CUST_1893,2025-06-02 18:13:00,269.43,86.22,8.5,Meta Ads,Completed
ORD_12727,CUST_1546,2025-05-16 21:54:00,148.76,47.6,9.36,Meta Ads,Completed
ORD_12728,CUST_1687,2025-04-14 19:12:00,62.51,20.0,5.57,Organic Search,Completed
ORD_12729,CUST_1127,2025-06-11 20:33:00,50.41,16.13,5.43,Meta Ads,Completed
ORD_12730,CUST_1217,2025-02-15 15:23:00,60.19,19.26,6.77,Email Retention,Completed
ORD_12731,CUST_2211,2025-03-24 15:37:00,127.53,40.81,8.24,Email Retention,Completed
ORD_12732,CUST_1631,2025-02-07 13:45:00,128.87,41.24,5.91,Meta Ads,Completed
ORD_12733,CUST_1418,2025-03-17 00:04:00,149.55,47.86,4.6,Google Ads,Completed
ORD_12734,CUST_1035,2025-01-23 11:45:00,55.02,17.61,7.21,Google Ads,Completed
ORD_12735,CUST_2201,2025-06-02 09:18:00,103.87,33.24,9.28,Google Ads,Completed
ORD_12736,CUST_2257,2025-03-25 17:17:00,57.42,18.37,6.46,Meta Ads,Refunded
ORD_12737,CUST_2073,2025-01-23 22:06:00,163.42,52.29,6.6,Google Ads,Completed
ORD_12738,CUST_2144,2025-01-13 16:12:00,55.92,17.89,9.34,Organic Search,Completed
ORD_12739,CUST_2065,2025-02-22 20:36:00,44.95,14.38,7.97,TikTok Ads,Completed
ORD_12740,CUST_2187,2025-01-06 14:34:00,49.04,15.69,8.1,Google Ads,Completed
ORD_12741,CUST_2424,2025-03-28 12:01:00,83.62,26.76,7.31,Google Ads,Refunded
ORD_12742,CUST_1531,2025-01-04 18:20:00,112.88,36.12,9.37,TikTok Ads,Completed
ORD_12743,CUST_1771,2025-04-16 08:37:00,109.73,35.11,7.94,TikTok Ads,Completed
ORD_12744,CUST_1523,2025-02-17 22:53:00,50.05,16.02,8.98,Meta Ads,Completed
ORD_12745,CUST_2238,2025-01-30 01:18:00,70.31,22.5,8.0,Meta Ads,Completed
ORD_12746,CUST_1038,2025-02-08 05:25:00,66.13,21.16,8.18,Google Ads,Completed
ORD_12747,CUST_1419,2025-06-16 09:09:00,46.66,14.93,5.95,Google Ads,Completed
ORD_12748,CUST_2297,2025-02-02 23:43:00,65.42,20.93,6.02,Google Ads,Completed
ORD_12749,CUST_1183,2025-03-22 06:18:00,146.79,46.97,8.41,Google Ads,Completed
ORD_12750,CUST_1991,2025-04-03 05:27:00,43.61,13.96,5.98,Email Retention,Completed
ORD_12751,CUST_1338,2025-05-25 04:27:00,92.49,29.6,7.31,Meta Ads,Completed
ORD_12752,CUST_2143,2025-02-22 20:42:00,148.25,47.44,5.75,TikTok Ads,Completed
ORD_12753,CUST_1687,2025-04-08 03:27:00,144.96,46.39,8.58,Google Ads,Completed
ORD_12754,CUST_1500,2025-03-07 02:36:00,166.72,53.35,5.05,Meta Ads,Completed
ORD_12755,CUST_2430,2025-03-31 04:41:00,96.44,30.86,8.65,Meta Ads,Completed
ORD_12756,CUST_2139,2025-02-02 12:03:00,102.63,32.84,7.51,TikTok Ads,Completed
ORD_12757,CUST_1396,2025-03-27 13:17:00,65.98,21.11,5.43,Google Ads,Completed
ORD_12758,CUST_1659,2025-04-02 23:52:00,43.15,13.81,7.21,Organic Search,Completed
ORD_12759,CUST_1196,2025-05-08 22:21:00,78.55,25.14,5.91,Meta Ads,Completed
ORD_12760,CUST_1227,2025-06-28 10:41:00,134.26,42.96,6.12,Email Retention,Completed
ORD_12761,CUST_2329,2025-03-13 04:57:00,24.36,7.8,6.26,Organic Search,Completed
ORD_12762,CUST_2116,2025-04-17 14:34:00,67.36,21.56,4.82,Email Retention,Completed
ORD_12763,CUST_1303,2025-05-16 13:01:00,106.95,34.22,9.43,TikTok Ads,Completed
ORD_12764,CUST_1426,2025-02-07 07:23:00,84.12,26.92,4.66,Email Retention,Refunded
ORD_12765,CUST_1841,2025-06-06 04:27:00,141.48,45.27,7.81,Google Ads,Completed
ORD_12766,CUST_1163,2025-05-09 11:41:00,128.3,41.06,6.36,Google Ads,Completed
ORD_12767,CUST_2041,2025-05-05 08:47:00,40.47,12.95,7.73,Google Ads,Completed
ORD_12768,CUST_1778,2025-03-30 11:31:00,87.26,27.92,6.28,TikTok Ads,Completed
ORD_12769,CUST_1900,2025-06-09 08:23:00,58.75,18.8,7.87,Email Retention,Refunded
ORD_12770,CUST_2087,2025-04-26 16:27:00,58.39,18.68,8.15,TikTok Ads,Completed
ORD_12771,CUST_1858,2025-01-06 23:52:00,42.06,13.46,7.95,Organic Search,Completed
ORD_12772,CUST_1962,2025-03-29 00:03:00,93.69,29.98,5.07,Meta Ads,Refunded
ORD_12773,CUST_1145,2025-02-06 19:28:00,142.76,45.68,7.78,Google Ads,Completed
ORD_12774,CUST_1413,2025-06-14 04:35:00,97.36,31.16,5.9,TikTok Ads,Completed
ORD_12775,CUST_2095,2025-01-12 03:07:00,40.73,13.03,4.64,Meta Ads,Completed
ORD_12776,CUST_1068,2025-06-23 05:17:00,82.01,26.24,6.57,TikTok Ads,Completed
ORD_12777,CUST_1989,2025-06-10 11:59:00,105.12,33.64,6.67,Organic Search,Completed
ORD_12778,CUST_1020,2025-05-15 16:50:00,79.29,25.37,6.84,TikTok Ads,Completed
ORD_12779,CUST_1457,2025-02-27 21:09:00,96.6,30.91,8.02,Meta Ads,Completed
ORD_12780,CUST_1512,2025-01-18 19:39:00,61.0,19.52,6.04,Email Retention,Completed
ORD_12781,CUST_1250,2025-06-01 00:38:00,75.16,24.05,6.08,Google Ads,Completed
ORD_12782,CUST_1801,2025-03-28 05:47:00,73.06,23.38,4.8,Meta Ads,Completed
ORD_12783,CUST_1687,2025-05-09 08:46:00,154.1,49.31,7.93,Email Retention,Completed
ORD_12784,CUST_1552,2025-02-14 22:41:00,50.57,16.18,7.34,Google Ads,Completed
ORD_12785,CUST_2090,2025-03-03 07:55:00,26.2,8.38,6.25,TikTok Ads,Completed
ORD_12786,CUST_1690,2025-01-19 12:09:00,149.81,47.94,8.03,Meta Ads,Completed
ORD_12787,CUST_2210,2025-03-10 07:06:00,88.58,28.35,7.19,Organic Search,Completed
ORD_12788,CUST_1405,2025-04-22 00:47:00,45.5,14.56,6.85,Meta Ads,Completed
ORD_12789,CUST_2249,2025-01-07 06:09:00,123.43,39.5,7.06,Google Ads,Completed
ORD_12790,CUST_1041,2025-03-10 00:59:00,107.93,34.54,7.68,Meta Ads,Completed
ORD_12791,CUST_2050,2025-03-21 20:22:00,165.01,52.8,7.8,Google Ads,Completed
ORD_12792,CUST_1120,2025-01-31 19:51:00,91.71,29.35,5.94,Email Retention,Completed
ORD_12793,CUST_1314,2025-01-23 17:58:00,215.57,68.98,5.2,Email Retention,Completed
ORD_12794,CUST_2236,2025-06-29 14:00:00,79.61,25.48,5.28,Meta Ads,Completed
ORD_12795,CUST_1425,2025-02-05 04:27:00,108.02,34.57,7.7,Meta Ads,Completed
ORD_12796,CUST_1265,2025-06-15 13:43:00,114.81,36.74,8.86,TikTok Ads,Completed
ORD_12797,CUST_1499,2025-03-02 00:48:00,272.49,87.2,6.55,TikTok Ads,Refunded
ORD_12798,CUST_1967,2025-02-25 22:53:00,68.58,21.95,5.35,Meta Ads,Completed
ORD_12799,CUST_1068,2025-02-23 08:44:00,67.57,21.62,8.28,Google Ads,Refunded
ORD_12800,CUST_1719,2025-01-03 15:15:00,115.84,37.07,8.66,Organic Search,Refunded
ORD_12801,CUST_2283,2025-05-02 12:18:00,43.56,13.94,8.9,Email Retention,Completed
ORD_12802,CUST_2200,2025-03-19 16:54:00,58.56,18.74,7.53,TikTok Ads,Completed
ORD_12803,CUST_2379,2025-05-28 21:31:00,78.62,25.16,8.8,TikTok Ads,Completed
ORD_12804,CUST_1095,2025-03-09 07:10:00,162.74,52.08,4.58,Google Ads,Completed
ORD_12805,CUST_1713,2025-01-06 17:30:00,115.87,37.08,5.04,Meta Ads,Refunded
ORD_12806,CUST_1501,2025-05-28 19:42:00,87.01,27.84,4.96,Meta Ads,Completed
ORD_12807,CUST_2306,2025-01-01 01:43:00,65.63,21.0,8.06,Meta Ads,Completed
ORD_12808,CUST_2289,2025-01-28 08:58:00,25.86,8.28,4.85,Meta Ads,Completed
ORD_12809,CUST_1202,2025-03-31 21:42:00,191.06,61.14,6.98,Meta Ads,Completed
ORD_12810,CUST_1576,2025-06-15 19:58:00,81.77,26.17,6.86,Meta Ads,Completed
ORD_12811,CUST_2273,2025-03-04 02:24:00,58.54,18.73,6.05,Organic Search,Completed
ORD_12812,CUST_1620,2025-06-11 11:06:00,207.3,66.34,8.85,Meta Ads,Refunded
ORD_12813,CUST_1580,2025-03-27 14:07:00,44.56,14.26,5.35,Meta Ads,Completed
ORD_12814,CUST_1077,2025-04-30 04:25:00,144.7,46.3,6.26,Meta Ads,Completed
ORD_12815,CUST_1287,2025-03-02 11:17:00,84.57,27.06,8.37,TikTok Ads,Refunded
ORD_12816,CUST_2057,2025-03-31 02:02:00,115.75,37.04,4.65,Organic Search,Completed
ORD_12817,CUST_1409,2025-02-10 09:26:00,106.72,34.15,7.86,Google Ads,Completed
ORD_12818,CUST_1711,2025-02-09 01:58:00,115.02,36.81,8.58,TikTok Ads,Completed
ORD_12819,CUST_1578,2025-06-10 01:02:00,215.74,69.04,9.16,Google Ads,Completed
ORD_12820,CUST_1688,2025-01-31 07:09:00,200.83,64.27,8.88,TikTok Ads,Completed
ORD_12821,CUST_1929,2025-03-15 19:29:00,60.03,19.21,6.1,Meta Ads,Completed
ORD_12822,CUST_1987,2025-01-25 18:19:00,104.94,33.58,7.43,TikTok Ads,Completed
ORD_12823,CUST_2009,2025-06-24 03:25:00,33.88,10.84,4.89,Google Ads,Completed
ORD_12824,CUST_1973,2025-01-25 18:07:00,120.49,38.56,5.79,Meta Ads,Completed
ORD_12825,CUST_2375,2025-01-28 23:14:00,132.91,42.53,4.97,Email Retention,Completed
ORD_12826,CUST_1081,2025-02-09 11:29:00,26.4,8.45,6.08,Meta Ads,Completed
ORD_12827,CUST_1792,2025-04-15 06:11:00,83.15,26.61,8.88,TikTok Ads,Completed
ORD_12828,CUST_1023,2025-06-17 12:28:00,115.66,37.01,6.24,Google Ads,Completed
ORD_12829,CUST_1907,2025-06-04 03:05:00,98.41,31.49,7.31,Organic Search,Completed
ORD_12830,CUST_1595,2025-01-11 20:33:00,45.02,14.41,6.67,Email Retention,Completed
ORD_12831,CUST_2220,2025-05-18 20:40:00,47.5,15.2,6.79,Meta Ads,Completed
ORD_12832,CUST_1420,2025-04-24 15:04:00,78.73,25.19,9.35,TikTok Ads,Completed
ORD_12833,CUST_2229,2025-03-17 05:11:00,68.57,21.94,5.98,Organic Search,Completed
ORD_12834,CUST_1737,2025-06-11 20:58:00,71.63,22.92,7.64,Email Retention,Completed
ORD_12835,CUST_1385,2025-04-23 14:53:00,41.9,13.41,6.6,Email Retention,Completed
ORD_12836,CUST_2245,2025-02-03 18:35:00,85.23,27.27,4.81,Google Ads,Completed
ORD_12837,CUST_2236,2025-05-04 13:46:00,163.3,52.26,6.95,Meta Ads,Completed
ORD_12838,CUST_2302,2025-04-09 05:54:00,45.99,14.72,8.57,Google Ads,Completed
ORD_12839,CUST_2149,2025-03-04 02:02:00,75.74,24.24,4.99,Google Ads,Completed
ORD_12840,CUST_1565,2025-03-09 22:33:00,110.0,35.2,4.85,Meta Ads,Completed
ORD_12841,CUST_1964,2025-05-04 09:13:00,36.87,11.8,5.27,Google Ads,Completed
ORD_12842,CUST_1608,2025-03-10 07:37:00,85.62,27.4,8.32,Google Ads,Completed
ORD_12843,CUST_1787,2025-01-20 05:59:00,131.13,41.96,8.12,Email Retention,Completed
ORD_12844,CUST_1001,2025-01-16 17:03:00,50.99,16.32,7.33,Meta Ads,Completed
ORD_12845,CUST_1272,2025-04-27 03:31:00,89.4,28.61,6.84,Meta Ads,Completed
ORD_12846,CUST_1885,2025-02-28 11:04:00,126.94,40.62,8.94,Meta Ads,Completed
ORD_12847,CUST_2373,2025-01-25 12:57:00,210.7,67.42,8.33,Meta Ads,Completed
ORD_12848,CUST_1457,2025-06-02 05:01:00,87.33,27.95,8.56,Meta Ads,Completed
ORD_12849,CUST_1729,2025-06-13 16:53:00,59.2,18.94,8.57,Meta Ads,Completed
ORD_12850,CUST_1078,2025-03-26 07:36:00,31.23,9.99,7.71,Meta Ads,Completed
ORD_12851,CUST_2343,2025-01-27 04:42:00,59.44,19.02,6.79,Meta Ads,Completed
ORD_12852,CUST_1942,2025-04-30 09:49:00,40.67,13.01,8.82,Meta Ads,Completed
ORD_12853,CUST_1750,2025-03-30 23:35:00,169.21,54.15,9.13,Email Retention,Completed
ORD_12854,CUST_1706,2025-05-27 01:56:00,123.53,39.53,4.62,Meta Ads,Completed
ORD_12855,CUST_1689,2025-04-14 15:18:00,47.5,15.2,4.76,Organic Search,Completed
ORD_12856,CUST_2293,2025-06-20 04:27:00,57.57,18.42,9.29,Organic Search,Completed
ORD_12857,CUST_1583,2025-04-15 04:36:00,86.67,27.73,5.89,Meta Ads,Completed
ORD_12858,CUST_1845,2025-01-02 06:46:00,130.69,41.82,8.87,Email Retention,Completed
ORD_12859,CUST_1240,2025-06-27 00:11:00,105.06,33.62,6.44,Meta Ads,Completed
ORD_12860,CUST_1074,2025-01-13 13:58:00,100.54,32.17,5.1,Meta Ads,Completed
ORD_12861,CUST_1237,2025-03-03 17:36:00,92.09,29.47,4.9,Google Ads,Completed
ORD_12862,CUST_2188,2025-05-09 22:05:00,48.79,15.61,5.28,TikTok Ads,Completed
ORD_12863,CUST_2330,2025-03-17 18:32:00,87.19,27.9,5.75,Google Ads,Completed
ORD_12864,CUST_1633,2025-06-23 20:17:00,82.46,26.39,6.94,Meta Ads,Completed
ORD_12865,CUST_1267,2025-05-11 17:33:00,40.37,12.92,8.01,TikTok Ads,Completed
ORD_12866,CUST_1112,2025-01-23 16:36:00,167.31,53.54,9.43,Email Retention,Completed
ORD_12867,CUST_2009,2025-01-13 01:35:00,63.1,20.19,6.71,TikTok Ads,Completed
ORD_12868,CUST_2073,2025-04-16 04:23:00,40.94,13.1,7.09,TikTok Ads,Completed
ORD_12869,CUST_1416,2025-03-26 00:41:00,68.16,21.81,7.11,Email Retention,Completed
ORD_12870,CUST_1830,2025-04-12 12:34:00,74.38,23.8,7.2,Meta Ads,Refunded
ORD_12871,CUST_1148,2025-04-15 09:09:00,81.32,26.02,7.09,Meta Ads,Completed
ORD_12872,CUST_1913,2025-02-09 18:57:00,73.8,23.62,4.54,Meta Ads,Completed
ORD_12873,CUST_2121,2025-01-15 23:57:00,83.45,26.7,4.51,Meta Ads,Completed
ORD_12874,CUST_2069,2025-05-22 16:17:00,89.95,28.78,4.99,Email Retention,Completed
ORD_12875,CUST_2397,2025-03-24 21:46:00,87.86,28.12,5.01,Google Ads,Completed
ORD_12876,CUST_1870,2025-02-16 07:20:00,100.21,32.07,8.02,Meta Ads,Completed
ORD_12877,CUST_2164,2025-05-04 00:36:00,102.9,32.93,5.52,TikTok Ads,Completed
ORD_12878,CUST_1850,2025-06-15 23:33:00,104.06,33.3,8.97,Meta Ads,Refunded
ORD_12879,CUST_1487,2025-02-05 22:28:00,115.65,37.01,9.14,Google Ads,Completed
ORD_12880,CUST_1525,2025-05-17 19:50:00,59.85,19.15,9.38,TikTok Ads,Completed
ORD_12881,CUST_2349,2025-05-22 03:09:00,60.89,19.48,9.2,Google Ads,Completed
ORD_12882,CUST_2001,2025-06-24 13:30:00,130.96,41.91,5.86,TikTok Ads,Completed
ORD_12883,CUST_2260,2025-05-11 07:33:00,69.13,22.12,7.05,Organic Search,Refunded
ORD_12884,CUST_1816,2025-01-31 00:07:00,79.26,25.36,5.38,Meta Ads,Completed
ORD_12885,CUST_1121,2025-03-10 10:20:00,76.05,24.34,8.53,Meta Ads,Completed
ORD_12886,CUST_1192,2025-04-08 23:45:00,207.21,66.31,8.94,Organic Search,Completed
ORD_12887,CUST_2466,2025-01-10 20:10:00,55.03,17.61,8.76,Google Ads,Completed
ORD_12888,CUST_1989,2025-05-30 16:06:00,54.53,17.45,6.67,Google Ads,Completed
ORD_12889,CUST_2410,2025-01-23 02:06:00,83.58,26.75,8.29,Email Retention,Completed
ORD_12890,CUST_2484,2025-06-23 19:26:00,77.04,24.65,4.99,Email Retention,Completed
ORD_12891,CUST_1347,2025-05-22 14:46:00,47.27,15.13,4.7,TikTok Ads,Completed
ORD_12892,CUST_1301,2025-02-08 11:18:00,80.47,25.75,8.27,Meta Ads,Completed
ORD_12893,CUST_1617,2025-03-07 08:55:00,84.62,27.08,6.63,Organic Search,Completed
ORD_12894,CUST_1635,2025-03-26 12:46:00,65.9,21.09,9.48,Meta Ads,Refunded
ORD_12895,CUST_1849,2025-06-02 17:45:00,78.28,25.05,4.99,Meta Ads,Completed
ORD_12896,CUST_1589,2025-05-11 02:06:00,57.59,18.43,8.78,Meta Ads,Completed
ORD_12897,CUST_1127,2025-04-16 04:48:00,47.33,15.15,6.9,Organic Search,Refunded
ORD_12898,CUST_1240,2025-05-16 02:40:00,68.89,22.04,8.64,Google Ads,Refunded
ORD_12899,CUST_1608,2025-05-08 06:21:00,50.94,16.3,8.59,Organic Search,Completed
ORD_12900,CUST_1893,2025-04-20 03:13:00,42.87,13.72,9.08,TikTok Ads,Completed
ORD_12901,CUST_2186,2025-02-24 02:42:00,30.58,9.79,5.99,Organic Search,Completed
ORD_12902,CUST_2351,2025-01-17 01:10:00,92.79,29.69,9.25,Meta Ads,Completed
ORD_12903,CUST_2371,2025-02-06 13:28:00,67.81,21.7,5.26,Meta Ads,Completed
ORD_12904,CUST_2330,2025-06-19 20:00:00,131.3,42.02,4.91,Google Ads,Refunded
ORD_12905,CUST_2087,2025-05-08 19:17:00,28.61,9.16,6.66,Organic Search,Completed
ORD_12906,CUST_1186,2025-04-23 20:15:00,70.46,22.55,8.64,Google Ads,Completed
ORD_12907,CUST_2021,2025-02-19 12:23:00,92.59,29.63,6.87,Google Ads,Completed
ORD_12908,CUST_1851,2025-03-28 23:50:00,61.64,19.72,8.65,TikTok Ads,Completed
ORD_12909,CUST_1303,2025-01-18 18:33:00,82.4,26.37,8.15,Meta Ads,Completed
ORD_12910,CUST_2405,2025-03-03 02:06:00,30.71,9.83,5.55,Google Ads,Completed
ORD_12911,CUST_1358,2025-01-28 02:05:00,68.41,21.89,9.24,TikTok Ads,Completed
ORD_12912,CUST_1355,2025-04-21 17:58:00,55.2,17.66,4.8,Email Retention,Completed
ORD_12913,CUST_2049,2025-06-25 15:24:00,125.38,40.12,8.99,Organic Search,Completed
ORD_12914,CUST_1812,2025-01-11 08:47:00,89.95,28.78,6.02,Meta Ads,Completed
ORD_12915,CUST_1666,2025-06-07 13:42:00,117.68,37.66,7.0,Meta Ads,Completed
ORD_12916,CUST_1954,2025-04-05 08:59:00,137.65,44.05,6.61,Email Retention,Completed
ORD_12917,CUST_1619,2025-03-25 10:27:00,65.82,21.06,5.36,Meta Ads,Completed
ORD_12918,CUST_2019,2025-06-17 04:59:00,88.24,28.24,6.29,Meta Ads,Completed
ORD_12919,CUST_1069,2025-06-25 16:44:00,48.65,15.57,5.46,Google Ads,Refunded
ORD_12920,CUST_2261,2025-06-08 03:01:00,98.81,31.62,5.52,Meta Ads,Completed
ORD_12921,CUST_1976,2025-03-30 23:41:00,105.17,33.65,5.44,Meta Ads,Completed
ORD_12922,CUST_2145,2025-02-09 06:50:00,95.83,30.67,6.95,Google Ads,Completed
ORD_12923,CUST_1039,2025-01-05 08:50:00,65.79,21.05,8.49,Google Ads,Refunded
ORD_12924,CUST_2471,2025-02-05 17:47:00,174.27,55.77,7.34,TikTok Ads,Completed
ORD_12925,CUST_2476,2025-06-25 18:32:00,84.52,27.05,8.97,TikTok Ads,Completed
ORD_12926,CUST_2260,2025-04-28 05:13:00,257.67,82.45,7.68,Email Retention,Completed
ORD_12927,CUST_2397,2025-01-15 03:14:00,48.79,15.61,7.95,Email Retention,Completed
ORD_12928,CUST_1187,2025-04-05 04:27:00,109.57,35.06,7.84,TikTok Ads,Completed
ORD_12929,CUST_1495,2025-05-05 11:11:00,127.03,40.65,6.75,Google Ads,Completed
ORD_12930,CUST_1776,2025-04-02 16:00:00,49.26,15.76,7.95,Meta Ads,Completed
ORD_12931,CUST_2065,2025-01-29 08:02:00,74.4,23.81,4.85,Google Ads,Completed
ORD_12932,CUST_1115,2025-03-06 23:27:00,40.53,12.97,8.8,Google Ads,Completed
ORD_12933,CUST_2275,2025-05-27 20:19:00,139.98,44.79,8.39,Meta Ads,Completed
ORD_12934,CUST_2218,2025-05-26 21:10:00,80.1,25.63,5.73,Meta Ads,Completed
ORD_12935,CUST_1336,2025-04-23 23:49:00,55.32,17.7,8.34,Email Retention,Completed
ORD_12936,CUST_2012,2025-04-18 14:49:00,127.75,40.88,4.56,Meta Ads,Completed
ORD_12937,CUST_1577,2025-05-09 19:43:00,83.48,26.71,5.59,Google Ads,Refunded
ORD_12938,CUST_1706,2025-04-24 18:27:00,120.06,38.42,4.83,Meta Ads,Completed
ORD_12939,CUST_2151,2025-01-23 23:45:00,101.58,32.51,8.4,Email Retention,Completed
ORD_12940,CUST_1300,2025-05-01 06:52:00,51.76,16.56,8.28,TikTok Ads,Completed
ORD_12941,CUST_2193,2025-05-07 02:46:00,64.75,20.72,8.57,Meta Ads,Completed
ORD_12942,CUST_2153,2025-01-26 08:54:00,56.05,17.94,4.52,TikTok Ads,Completed
ORD_12943,CUST_1515,2025-02-01 16:07:00,47.18,15.1,7.01,Google Ads,Completed
ORD_12944,CUST_1146,2025-04-01 05:29:00,35.29,11.29,8.02,Email Retention,Completed
ORD_12945,CUST_2054,2025-05-15 04:47:00,189.75,60.72,5.28,Google Ads,Completed
ORD_12946,CUST_1341,2025-01-11 12:20:00,95.04,30.41,7.75,TikTok Ads,Completed
ORD_12947,CUST_2070,2025-01-01 04:34:00,101.3,32.42,4.92,TikTok Ads,Completed
ORD_12948,CUST_1076,2025-03-13 17:52:00,134.02,42.89,5.41,Google Ads,Completed
ORD_12949,CUST_1247,2025-02-13 21:48:00,64.45,20.62,6.88,Meta Ads,Completed
ORD_12950,CUST_1599,2025-01-27 05:28:00,42.03,13.45,7.77,Meta Ads,Completed
ORD_12951,CUST_1144,2025-05-24 00:52:00,115.42,36.93,5.23,Google Ads,Completed
ORD_12952,CUST_2409,2025-06-14 22:24:00,45.45,14.54,5.43,Organic Search,Completed
ORD_12953,CUST_1054,2025-01-12 21:16:00,114.21,36.55,5.52,Meta Ads,Completed
ORD_12954,CUST_1512,2025-01-06 03:34:00,38.81,12.42,5.69,Google Ads,Completed
ORD_12955,CUST_1053,2025-01-25 14:42:00,43.84,14.03,5.63,Google Ads,Completed
ORD_12956,CUST_1993,2025-05-13 04:15:00,61.46,19.67,6.48,Email Retention,Completed
ORD_12957,CUST_1988,2025-06-04 04:48:00,112.32,35.94,7.77,TikTok Ads,Completed
ORD_12958,CUST_2232,2025-01-16 14:43:00,163.98,52.47,6.69,Google Ads,Completed
ORD_12959,CUST_2040,2025-02-03 19:36:00,101.23,32.39,8.38,Email Retention,Refunded
ORD_12960,CUST_1171,2025-03-13 15:46:00,62.6,20.03,8.1,Google Ads,Completed
ORD_12961,CUST_1853,2025-01-11 21:19:00,124.61,39.88,5.13,Google Ads,Completed
ORD_12962,CUST_1668,2025-03-24 05:09:00,38.22,12.23,4.74,Meta Ads,Refunded
ORD_12963,CUST_1212,2025-06-23 11:18:00,53.12,17.0,8.89,Meta Ads,Completed
ORD_12964,CUST_1408,2025-01-25 00:50:00,87.13,27.88,4.9,Meta Ads,Completed
ORD_12965,CUST_2454,2025-04-25 10:26:00,117.1,37.47,5.24,TikTok Ads,Completed
ORD_12966,CUST_1630,2025-01-04 23:00:00,76.14,24.36,4.61,Organic Search,Completed
ORD_12967,CUST_2256,2025-04-15 09:14:00,72.42,23.17,7.64,Meta Ads,Refunded
ORD_12968,CUST_1204,2025-06-18 21:40:00,74.39,23.8,7.41,Meta Ads,Completed
ORD_12969,CUST_2196,2025-04-15 04:54:00,133.49,42.72,9.43,Email Retention,Completed
ORD_12970,CUST_1963,2025-01-02 09:44:00,57.81,18.5,8.93,Organic Search,Completed
ORD_12971,CUST_1976,2025-01-18 10:41:00,51.4,16.45,6.55,Meta Ads,Completed
ORD_12972,CUST_1225,2025-06-25 01:03:00,73.85,23.63,6.36,Google Ads,Completed
ORD_12973,CUST_1221,2025-02-07 10:53:00,141.68,45.34,5.98,Google Ads,Completed
ORD_12974,CUST_1090,2025-04-01 03:52:00,60.97,19.51,5.26,Email Retention,Completed
ORD_12975,CUST_1202,2025-02-01 18:19:00,74.28,23.77,5.19,Meta Ads,Completed
ORD_12976,CUST_1144,2025-03-12 01:42:00,37.9,12.13,5.16,Meta Ads,Completed
ORD_12977,CUST_1461,2025-06-04 11:38:00,75.71,24.23,5.07,Google Ads,Completed
ORD_12978,CUST_1207,2025-06-13 22:52:00,92.98,29.75,5.7,Organic Search,Completed
ORD_12979,CUST_1790,2025-02-11 09:40:00,45.49,14.56,6.03,TikTok Ads,Completed
ORD_12980,CUST_1394,2025-05-12 10:08:00,133.6,42.75,9.31,Google Ads,Refunded
ORD_12981,CUST_1614,2025-03-21 18:18:00,92.45,29.58,7.39,Meta Ads,Completed
ORD_12982,CUST_2082,2025-03-19 04:52:00,65.43,20.94,9.44,Organic Search,Completed
ORD_12983,CUST_2371,2025-05-17 23:59:00,92.76,29.68,6.36,Google Ads,Refunded
ORD_12984,CUST_1598,2025-03-10 23:09:00,103.88,33.24,6.79,Meta Ads,Refunded
ORD_12985,CUST_2032,2025-05-01 19:22:00,32.74,10.48,6.12,Email Retention,Completed
ORD_12986,CUST_1835,2025-06-09 08:59:00,94.36,30.2,5.41,Google Ads,Refunded
ORD_12987,CUST_1569,2025-06-03 23:46:00,139.47,44.63,5.22,Meta Ads,Completed
ORD_12988,CUST_1347,2025-01-07 20:22:00,57.42,18.37,9.23,TikTok Ads,Completed
ORD_12989,CUST_1880,2025-04-19 15:41:00,66.09,21.15,9.43,Google Ads,Completed
ORD_12990,CUST_2480,2025-05-24 06:53:00,71.21,22.79,4.72,TikTok Ads,Completed
ORD_12991,CUST_1198,2025-01-13 22:58:00,117.68,37.66,5.25,Meta Ads,Completed
ORD_12992,CUST_1496,2025-05-21 01:53:00,49.32,15.78,6.62,TikTok Ads,Completed
ORD_12993,CUST_1261,2025-02-22 03:19:00,101.76,32.56,5.43,Google Ads,Completed
ORD_12994,CUST_1874,2025-01-14 07:04:00,71.83,22.99,6.32,Organic Search,Completed
ORD_12995,CUST_1310,2025-01-12 09:06:00,167.41,53.57,5.15,Meta Ads,Completed
ORD_12996,CUST_1312,2025-04-11 02:19:00,73.76,23.6,6.78,Email Retention,Completed
ORD_12997,CUST_2333,2025-06-08 16:30:00,24.19,7.74,5.86,Google Ads,Completed
ORD_12998,CUST_1748,2025-02-28 04:42:00,110.2,35.26,6.26,Meta Ads,Completed
ORD_12999,CUST_2469,2025-05-17 03:29:00,99.46,31.83,4.97,TikTok Ads,Completed
ORD_13000,CUST_1254,2025-04-28 14:38:00,90.69,29.02,6.64,Email Retention,Completed
ORD_13001,CUST_2422,2025-03-21 20:05:00,137.78,44.09,9.42,Google Ads,Completed
ORD_13002,CUST_1842,2025-03-11 10:42:00,35.18,11.26,6.14,Meta Ads,Completed
ORD_13003,CUST_1055,2025-05-21 09:21:00,53.5,17.12,8.88,Google Ads,Refunded
ORD_13004,CUST_1499,2025-02-15 10:49:00,82.21,26.31,8.72,Meta Ads,Completed
ORD_13005,CUST_1720,2025-04-13 10:39:00,88.52,28.33,9.26,Meta Ads,Completed
ORD_13006,CUST_1131,2025-06-06 06:24:00,76.82,24.58,8.45,Google Ads,Completed
ORD_13007,CUST_2265,2025-04-15 06:56:00,38.19,12.22,7.8,Google Ads,Completed
ORD_13008,CUST_2263,2025-04-02 09:35:00,66.39,21.24,8.78,Google Ads,Completed
ORD_13009,CUST_1967,2025-05-11 11:47:00,162.17,51.89,4.88,Meta Ads,Completed
ORD_13010,CUST_1989,2025-03-03 20:27:00,48.18,15.42,6.81,Meta Ads,Completed
ORD_13011,CUST_1979,2025-05-05 04:11:00,81.39,26.04,9.45,Meta Ads,Completed
ORD_13012,CUST_2468,2025-04-02 02:37:00,101.93,32.62,8.35,TikTok Ads,Completed
ORD_13013,CUST_1638,2025-06-28 10:52:00,116.17,37.17,9.31,Email Retention,Completed
ORD_13014,CUST_1102,2025-02-27 23:28:00,109.96,35.19,8.4,TikTok Ads,Completed
ORD_13015,CUST_1422,2025-06-07 18:33:00,64.15,20.53,8.87,TikTok Ads,Completed
ORD_13016,CUST_2009,2025-05-22 20:36:00,53.39,17.08,8.03,Organic Search,Completed
ORD_13017,CUST_1405,2025-02-26 18:49:00,168.0,53.76,8.3,Meta Ads,Completed
ORD_13018,CUST_1744,2025-03-07 04:28:00,121.19,38.78,7.12,Meta Ads,Completed
ORD_13019,CUST_2121,2025-05-27 12:20:00,84.91,27.17,9.12,Meta Ads,Completed
ORD_13020,CUST_2082,2025-03-25 01:55:00,148.25,47.44,8.63,Google Ads,Completed
ORD_13021,CUST_2472,2025-02-02 00:57:00,37.84,12.11,8.72,Meta Ads,Completed
ORD_13022,CUST_2311,2025-02-12 05:57:00,42.15,13.49,7.87,Email Retention,Completed
ORD_13023,CUST_2389,2025-06-11 08:35:00,24.58,7.87,6.02,Google Ads,Completed
ORD_13024,CUST_2435,2025-05-31 07:53:00,88.06,28.18,4.68,Google Ads,Completed
ORD_13025,CUST_1460,2025-05-21 01:50:00,89.94,28.78,9.18,Meta Ads,Completed
ORD_13026,CUST_1545,2025-04-16 01:49:00,40.21,12.87,7.43,Google Ads,Completed
ORD_13027,CUST_1743,2025-01-22 17:37:00,119.26,38.16,5.99,Meta Ads,Completed
ORD_13028,CUST_1012,2025-06-20 12:01:00,29.8,9.54,5.25,Organic Search,Completed
ORD_13029,CUST_2311,2025-02-24 19:03:00,96.7,30.94,8.65,Meta Ads,Completed
ORD_13030,CUST_2234,2025-05-30 00:51:00,106.54,34.09,8.68,Google Ads,Completed
ORD_13031,CUST_1069,2025-06-01 17:21:00,87.59,28.03,8.57,TikTok Ads,Completed
ORD_13032,CUST_1634,2025-05-23 23:07:00,37.41,11.97,7.73,Email Retention,Completed
ORD_13033,CUST_2323,2025-05-31 14:48:00,137.14,43.88,6.33,Organic Search,Completed
ORD_13034,CUST_1314,2025-06-28 07:27:00,65.14,20.84,6.02,Organic Search,Completed
ORD_13035,CUST_1741,2025-01-22 19:29:00,65.24,20.88,4.54,Google Ads,Completed
ORD_13036,CUST_1663,2025-04-01 08:46:00,59.32,18.98,8.67,Google Ads,Completed
ORD_13037,CUST_1779,2025-02-06 10:38:00,111.64,35.72,4.94,Meta Ads,Completed
ORD_13038,CUST_1989,2025-02-10 15:42:00,63.72,20.39,7.65,TikTok Ads,Completed
ORD_13039,CUST_1112,2025-04-19 08:46:00,45.99,14.72,7.02,Google Ads,Completed
ORD_13040,CUST_1373,2025-04-10 18:25:00,125.4,40.13,7.13,Organic Search,Completed
ORD_13041,CUST_1270,2025-02-12 15:47:00,80.51,25.76,9.13,Email Retention,Completed
ORD_13042,CUST_2426,2025-03-09 15:28:00,127.33,40.75,4.66,Meta Ads,Completed
ORD_13043,CUST_1662,2025-06-22 21:57:00,83.22,26.63,8.37,Google Ads,Completed
ORD_13044,CUST_1937,2025-06-01 07:47:00,57.44,18.38,4.76,Organic Search,Completed
ORD_13045,CUST_1613,2025-04-12 14:35:00,32.18,10.3,4.69,Meta Ads,Completed
ORD_13046,CUST_2498,2025-06-13 18:46:00,88.23,28.23,6.65,TikTok Ads,Completed
ORD_13047,CUST_1328,2025-03-14 17:59:00,71.28,22.81,4.82,Meta Ads,Completed
ORD_13048,CUST_2061,2025-02-24 02:31:00,113.69,36.38,8.45,Meta Ads,Completed
ORD_13049,CUST_1317,2025-02-09 14:53:00,62.35,19.95,7.15,Google Ads,Completed
ORD_13050,CUST_1339,2025-06-28 16:31:00,98.01,31.36,4.65,Organic Search,Completed
ORD_13051,CUST_1336,2025-06-25 04:55:00,81.69,26.14,4.7,Meta Ads,Refunded
ORD_13052,CUST_1351,2025-06-06 00:26:00,55.08,17.63,7.56,Meta Ads,Completed
ORD_13053,CUST_1212,2025-01-01 22:18:00,64.67,20.69,8.53,Meta Ads,Completed
ORD_13054,CUST_2303,2025-05-27 03:57:00,41.69,13.34,6.69,Google Ads,Completed
ORD_13055,CUST_1358,2025-05-26 09:10:00,173.22,55.43,7.27,Google Ads,Completed
ORD_13056,CUST_1602,2025-02-15 13:35:00,97.07,31.06,8.5,Meta Ads,Refunded
ORD_13057,CUST_2083,2025-03-14 19:52:00,40.31,12.9,7.55,Google Ads,Completed
ORD_13058,CUST_1460,2025-05-05 03:33:00,169.24,54.16,5.62,Meta Ads,Completed
ORD_13059,CUST_1841,2025-02-09 01:27:00,47.86,15.32,7.57,TikTok Ads,Completed
ORD_13060,CUST_2231,2025-04-06 19:52:00,61.85,19.79,7.64,Meta Ads,Refunded
ORD_13061,CUST_1156,2025-02-08 08:32:00,73.66,23.57,8.17,Organic Search,Completed
ORD_13062,CUST_1846,2025-05-27 15:56:00,82.59,26.43,7.6,Meta Ads,Completed
ORD_13063,CUST_1082,2025-03-03 23:26:00,112.35,35.95,9.35,Google Ads,Completed
ORD_13064,CUST_2007,2025-01-31 08:18:00,28.37,9.08,5.49,Meta Ads,Completed
ORD_13065,CUST_1698,2025-06-24 12:14:00,83.18,26.62,9.26,Meta Ads,Completed
ORD_13066,CUST_1228,2025-05-23 06:18:00,71.93,23.02,7.19,Meta Ads,Completed
ORD_13067,CUST_1321,2025-03-21 13:49:00,88.94,28.46,7.86,Google Ads,Completed
ORD_13068,CUST_2115,2025-02-14 22:55:00,70.3,22.5,5.0,Google Ads,Completed
ORD_13069,CUST_1449,2025-03-13 05:57:00,66.01,21.12,6.4,TikTok Ads,Completed
ORD_13070,CUST_1673,2025-03-08 21:50:00,77.57,24.82,8.35,Meta Ads,Refunded
ORD_13071,CUST_2401,2025-04-25 16:05:00,165.07,52.82,8.03,Email Retention,Completed
ORD_13072,CUST_1739,2025-01-23 16:34:00,66.61,21.32,4.7,Meta Ads,Completed
ORD_13073,CUST_1585,2025-01-26 02:08:00,134.39,43.0,7.23,Organic Search,Completed
ORD_13074,CUST_1072,2025-01-14 17:30:00,87.26,27.92,4.94,Meta Ads,Completed
ORD_13075,CUST_2427,2025-04-11 11:47:00,85.44,27.34,9.48,TikTok Ads,Completed
ORD_13076,CUST_2138,2025-05-02 21:31:00,89.33,28.59,8.99,Meta Ads,Completed
ORD_13077,CUST_2122,2025-05-09 23:35:00,101.78,32.57,4.61,Organic Search,Completed
ORD_13078,CUST_1032,2025-03-06 23:58:00,69.01,22.08,8.79,Google Ads,Completed
ORD_13079,CUST_1322,2025-05-28 07:23:00,130.32,41.7,9.1,Meta Ads,Completed
ORD_13080,CUST_1800,2025-05-01 13:16:00,101.89,32.6,6.27,Email Retention,Completed
ORD_13081,CUST_1836,2025-02-13 15:49:00,43.52,13.93,8.1,TikTok Ads,Refunded
ORD_13082,CUST_1974,2025-03-19 11:37:00,24.3,7.78,6.71,Google Ads,Completed
ORD_13083,CUST_1604,2025-01-16 03:05:00,162.81,52.1,7.78,Google Ads,Completed
ORD_13084,CUST_2147,2025-03-20 15:44:00,90.6,28.99,6.2,TikTok Ads,Completed
ORD_13085,CUST_2495,2025-02-19 12:44:00,40.91,13.09,6.11,Meta Ads,Completed
ORD_13086,CUST_2484,2025-06-29 23:09:00,66.56,21.3,6.62,Meta Ads,Completed
ORD_13087,CUST_1141,2025-05-06 05:58:00,121.17,38.77,5.23,Meta Ads,Completed
ORD_13088,CUST_1856,2025-01-15 13:44:00,75.47,24.15,8.66,Meta Ads,Completed
ORD_13089,CUST_1156,2025-04-17 22:54:00,78.61,25.16,6.24,Meta Ads,Completed
ORD_13090,CUST_1309,2025-06-15 09:03:00,111.31,35.62,6.5,Organic Search,Completed
ORD_13091,CUST_1509,2025-03-27 18:19:00,94.47,30.23,8.97,Meta Ads,Completed
ORD_13092,CUST_1125,2025-01-31 04:33:00,105.19,33.66,6.98,Google Ads,Completed
ORD_13093,CUST_2349,2025-06-15 10:42:00,110.79,35.45,7.22,Email Retention,Completed
ORD_13094,CUST_2061,2025-01-11 13:16:00,58.2,18.62,9.28,Email Retention,Refunded
ORD_13095,CUST_1348,2025-03-03 13:15:00,60.81,19.46,8.93,Meta Ads,Completed
ORD_13096,CUST_1156,2025-06-13 22:03:00,54.91,17.57,5.35,Meta Ads,Completed
ORD_13097,CUST_1967,2025-05-20 22:57:00,62.39,19.96,6.87,Meta Ads,Completed
ORD_13098,CUST_1177,2025-01-26 10:02:00,77.22,24.71,9.36,Organic Search,Completed
ORD_13099,CUST_1471,2025-01-04 22:08:00,79.79,25.53,6.36,Meta Ads,Completed
ORD_13100,CUST_2030,2025-04-12 10:22:00,146.24,46.8,6.36,Organic Search,Completed
ORD_13101,CUST_1672,2025-05-15 20:13:00,92.45,29.58,5.48,TikTok Ads,Completed
ORD_13102,CUST_1620,2025-06-14 08:02:00,77.92,24.93,5.07,Meta Ads,Completed
ORD_13103,CUST_1694,2025-02-25 21:25:00,49.28,15.77,8.2,Email Retention,Completed
ORD_13104,CUST_1093,2025-01-05 00:54:00,70.98,22.71,8.35,Organic Search,Completed
ORD_13105,CUST_2130,2025-05-02 00:35:00,168.29,53.85,9.35,Meta Ads,Completed
ORD_13106,CUST_2495,2025-04-17 02:10:00,167.1,53.47,8.37,Meta Ads,Completed
ORD_13107,CUST_1322,2025-01-03 19:22:00,70.58,22.59,5.72,Meta Ads,Completed
ORD_13108,CUST_2449,2025-02-20 18:42:00,34.33,10.99,4.7,Organic Search,Refunded
ORD_13109,CUST_1582,2025-05-15 23:41:00,66.29,21.21,9.43,Meta Ads,Completed
ORD_13110,CUST_1072,2025-06-30 05:20:00,146.95,47.02,6.2,Meta Ads,Completed
ORD_13111,CUST_1069,2025-04-04 04:59:00,77.46,24.79,6.06,Meta Ads,Completed
ORD_13112,CUST_1268,2025-03-25 17:21:00,111.36,35.64,9.03,Meta Ads,Completed
ORD_13113,CUST_1936,2025-04-27 13:23:00,81.55,26.1,7.43,Meta Ads,Completed
ORD_13114,CUST_1938,2025-05-28 22:17:00,39.27,12.57,5.57,Organic Search,Completed
ORD_13115,CUST_1131,2025-01-14 21:29:00,82.87,26.52,8.95,Google Ads,Completed
ORD_13116,CUST_1819,2025-05-02 18:38:00,117.89,37.72,9.47,Google Ads,Completed
ORD_13117,CUST_1344,2025-05-20 12:05:00,61.98,19.83,4.93,Organic Search,Completed
ORD_13118,CUST_2360,2025-03-08 00:56:00,116.52,37.29,8.81,Google Ads,Completed
ORD_13119,CUST_2302,2025-02-26 03:40:00,85.23,27.27,6.45,Meta Ads,Completed
ORD_13120,CUST_1979,2025-02-27 17:42:00,113.79,36.41,7.12,Meta Ads,Completed
ORD_13121,CUST_1870,2025-04-20 08:10:00,95.07,30.42,9.07,Meta Ads,Completed
ORD_13122,CUST_2125,2025-04-19 07:40:00,50.86,16.28,9.37,Google Ads,Completed
ORD_13123,CUST_1860,2025-03-16 22:05:00,71.32,22.82,5.81,Google Ads,Completed
ORD_13124,CUST_1738,2025-06-08 17:03:00,70.26,22.48,5.56,Email Retention,Completed
ORD_13125,CUST_1552,2025-06-29 20:53:00,60.61,19.4,4.9,Meta Ads,Completed
ORD_13126,CUST_2353,2025-06-23 03:01:00,91.75,29.36,7.31,Google Ads,Completed
ORD_13127,CUST_2083,2025-06-11 02:57:00,181.67,58.13,4.57,TikTok Ads,Completed
ORD_13128,CUST_1166,2025-05-27 09:25:00,130.39,41.72,6.56,Meta Ads,Completed
ORD_13129,CUST_1518,2025-01-26 14:46:00,138.07,44.18,4.87,Google Ads,Completed
ORD_13130,CUST_2185,2025-05-05 21:45:00,58.88,18.84,6.53,TikTok Ads,Completed
ORD_13131,CUST_2401,2025-04-21 07:10:00,139.08,44.51,4.7,TikTok Ads,Completed
ORD_13132,CUST_1447,2025-06-02 01:12:00,159.26,50.96,8.68,Email Retention,Completed
ORD_13133,CUST_1728,2025-05-02 11:15:00,57.96,18.55,5.55,Meta Ads,Completed
ORD_13134,CUST_1644,2025-05-13 23:15:00,99.78,31.93,6.14,Google Ads,Completed
ORD_13135,CUST_2019,2025-05-21 06:37:00,100.95,32.3,8.85,Google Ads,Completed
ORD_13136,CUST_2296,2025-04-19 17:31:00,73.69,23.58,8.23,Email Retention,Completed
ORD_13137,CUST_1098,2025-05-13 04:32:00,88.49,28.32,5.6,Meta Ads,Completed
ORD_13138,CUST_1311,2025-03-27 02:16:00,103.14,33.0,4.86,Organic Search,Completed
ORD_13139,CUST_1049,2025-03-04 07:38:00,75.96,24.31,8.08,Meta Ads,Refunded
ORD_13140,CUST_1692,2025-05-07 03:09:00,127.66,40.85,6.45,Email Retention,Completed
ORD_13141,CUST_1098,2025-03-25 14:21:00,43.64,13.96,8.33,Email Retention,Completed
ORD_13142,CUST_2239,2025-05-14 23:48:00,70.12,22.44,6.73,Meta Ads,Completed
ORD_13143,CUST_1498,2025-02-10 16:32:00,112.34,35.95,6.23,TikTok Ads,Completed
ORD_13144,CUST_2430,2025-05-16 00:35:00,173.11,55.4,6.76,Google Ads,Completed
ORD_13145,CUST_2496,2025-03-11 12:26:00,131.2,41.98,8.24,Organic Search,Completed
ORD_13146,CUST_2130,2025-03-31 08:17:00,87.67,28.05,9.01,Email Retention,Completed
ORD_13147,CUST_1902,2025-04-03 12:10:00,77.62,24.84,4.75,Meta Ads,Completed
ORD_13148,CUST_1460,2025-02-20 07:02:00,71.95,23.02,7.12,Google Ads,Completed
ORD_13149,CUST_1314,2025-02-24 17:59:00,72.15,23.09,4.66,Google Ads,Completed
ORD_13150,CUST_1996,2025-02-20 04:42:00,32.07,10.26,6.84,TikTok Ads,Completed
ORD_13151,CUST_1672,2025-04-01 17:59:00,169.95,54.38,8.93,Organic Search,Refunded
ORD_13152,CUST_2071,2025-01-24 19:15:00,80.26,25.68,6.31,Email Retention,Completed
ORD_13153,CUST_1919,2025-01-09 20:30:00,56.25,18.0,9.16,Meta Ads,Completed
ORD_13154,CUST_1142,2025-02-05 20:01:00,99.09,31.71,7.65,Organic Search,Completed
ORD_13155,CUST_2338,2025-04-30 11:44:00,58.37,18.68,9.17,Google Ads,Completed
ORD_13156,CUST_1662,2025-04-07 21:38:00,122.32,39.14,8.29,Meta Ads,Completed
ORD_13157,CUST_1060,2025-02-12 04:34:00,57.1,18.27,5.02,Email Retention,Completed
ORD_13158,CUST_1923,2025-02-13 20:04:00,114.6,36.67,5.66,Meta Ads,Completed
ORD_13159,CUST_2047,2025-03-19 11:33:00,71.47,22.87,6.47,Meta Ads,Completed
ORD_13160,CUST_1217,2025-03-23 15:36:00,93.33,29.87,5.35,TikTok Ads,Completed
ORD_13161,CUST_1013,2025-05-23 05:47:00,118.44,37.9,6.97,Meta Ads,Completed
ORD_13162,CUST_1138,2025-02-27 11:09:00,64.07,20.5,6.86,TikTok Ads,Completed
ORD_13163,CUST_1652,2025-02-25 05:24:00,117.18,37.5,9.28,Meta Ads,Completed
ORD_13164,CUST_1955,2025-04-19 14:57:00,32.82,10.5,6.67,Email Retention,Completed
ORD_13165,CUST_1547,2025-01-24 08:30:00,153.81,49.22,8.43,TikTok Ads,Completed
ORD_13166,CUST_2171,2025-02-21 22:42:00,126.04,40.33,9.21,Organic Search,Completed
ORD_13167,CUST_1070,2025-02-12 11:07:00,79.01,25.28,8.88,Google Ads,Completed
ORD_13168,CUST_2089,2025-04-07 23:43:00,135.95,43.5,5.54,Meta Ads,Completed
ORD_13169,CUST_1810,2025-03-14 01:15:00,129.73,41.51,6.98,Email Retention,Completed
ORD_13170,CUST_1656,2025-01-17 05:31:00,82.29,26.33,6.24,Google Ads,Completed
ORD_13171,CUST_1393,2025-02-22 01:14:00,81.89,26.2,6.5,Email Retention,Completed
ORD_13172,CUST_2199,2025-04-20 11:55:00,53.0,16.96,6.3,Meta Ads,Completed
ORD_13173,CUST_1311,2025-02-22 20:58:00,84.29,26.97,8.63,Meta Ads,Completed
ORD_13174,CUST_1657,2025-02-10 03:46:00,38.63,12.36,6.76,Google Ads,Completed
ORD_13175,CUST_1577,2025-02-25 19:59:00,113.98,36.47,7.12,Meta Ads,Completed
ORD_13176,CUST_1776,2025-01-25 15:35:00,115.06,36.82,9.41,Google Ads,Completed
ORD_13177,CUST_1609,2025-01-22 01:24:00,33.08,10.59,4.8,TikTok Ads,Completed
ORD_13178,CUST_1510,2025-05-29 23:53:00,147.28,47.13,6.94,Organic Search,Completed
ORD_13179,CUST_1616,2025-02-26 02:12:00,61.46,19.67,8.37,Google Ads,Completed
ORD_13180,CUST_1144,2025-02-28 05:05:00,248.64,79.56,5.26,TikTok Ads,Completed
ORD_13181,CUST_1459,2025-06-19 05:02:00,91.18,29.18,7.56,Google Ads,Completed
ORD_13182,CUST_1873,2025-04-09 22:29:00,147.91,47.33,5.7,Meta Ads,Completed
ORD_13183,CUST_1589,2025-05-26 16:03:00,52.18,16.7,8.84,Organic Search,Completed
ORD_13184,CUST_1894,2025-05-18 17:52:00,71.4,22.85,6.14,Google Ads,Completed
ORD_13185,CUST_1174,2025-05-28 20:36:00,63.92,20.45,6.15,Meta Ads,Refunded
ORD_13186,CUST_2436,2025-05-23 01:39:00,38.27,12.25,7.49,Meta Ads,Completed
ORD_13187,CUST_1415,2025-06-23 20:11:00,43.71,13.99,5.42,Meta Ads,Completed
ORD_13188,CUST_2090,2025-03-28 17:10:00,77.63,24.84,5.92,Google Ads,Completed
ORD_13189,CUST_1645,2025-05-16 05:59:00,97.57,31.22,6.58,Google Ads,Completed
ORD_13190,CUST_1284,2025-05-05 23:05:00,49.51,15.84,6.27,Email Retention,Completed
ORD_13191,CUST_1909,2025-05-18 15:19:00,69.39,22.2,7.12,Google Ads,Completed
ORD_13192,CUST_2301,2025-03-10 05:50:00,58.23,18.63,7.5,Organic Search,Completed
ORD_13193,CUST_1711,2025-05-16 03:01:00,79.98,25.59,7.33,Meta Ads,Completed
ORD_13194,CUST_1741,2025-04-21 06:06:00,110.15,35.25,7.77,Meta Ads,Completed
ORD_13195,CUST_1825,2025-02-28 05:14:00,86.29,27.61,6.04,Meta Ads,Completed
ORD_13196,CUST_2185,2025-05-08 06:22:00,62.64,20.04,5.13,TikTok Ads,Refunded
ORD_13197,CUST_1995,2025-01-16 07:15:00,127.84,40.91,8.3,Meta Ads,Completed
ORD_13198,CUST_1992,2025-01-10 22:32:00,96.16,30.77,8.75,Meta Ads,Completed
ORD_13199,CUST_1534,2025-01-03 23:27:00,87.43,27.98,5.79,Organic Search,Completed
ORD_13200,CUST_1524,2025-01-14 05:43:00,49.81,15.94,6.54,Google Ads,Completed
ORD_13201,CUST_1319,2025-04-04 23:07:00,121.91,39.01,6.99,Google Ads,Completed
ORD_13202,CUST_2484,2025-03-26 15:19:00,100.45,32.14,7.17,Meta Ads,Refunded
ORD_13203,CUST_2382,2025-03-30 09:59:00,102.76,32.88,7.8,Meta Ads,Completed
ORD_13204,CUST_1191,2025-04-06 20:54:00,74.23,23.75,4.71,Google Ads,Completed
ORD_13205,CUST_1645,2025-05-21 07:21:00,68.23,21.83,8.11,TikTok Ads,Completed
ORD_13206,CUST_1694,2025-06-04 00:09:00,170.34,54.51,4.81,Meta Ads,Completed
ORD_13207,CUST_1926,2025-01-05 19:56:00,67.76,21.68,6.84,Meta Ads,Completed
ORD_13208,CUST_1006,2025-01-22 15:13:00,45.06,14.42,8.64,TikTok Ads,Completed
ORD_13209,CUST_2442,2025-04-21 19:38:00,89.39,28.6,6.76,Organic Search,Completed
ORD_13210,CUST_1766,2025-06-13 20:07:00,81.97,26.23,5.25,Meta Ads,Refunded
ORD_13211,CUST_1773,2025-03-26 08:49:00,130.38,41.72,9.43,Meta Ads,Completed
ORD_13212,CUST_2153,2025-05-12 10:21:00,76.81,24.58,8.95,Google Ads,Completed
ORD_13213,CUST_2400,2025-05-11 06:24:00,108.6,34.75,8.36,Meta Ads,Refunded
ORD_13214,CUST_1247,2025-05-02 16:53:00,151.74,48.56,6.56,Meta Ads,Completed
ORD_13215,CUST_1446,2025-05-14 01:51:00,97.86,31.32,5.42,TikTok Ads,Completed
ORD_13216,CUST_2396,2025-06-20 03:28:00,51.01,16.32,9.21,TikTok Ads,Completed
ORD_13217,CUST_1592,2025-04-11 07:42:00,32.28,10.33,7.16,Google Ads,Completed
ORD_13218,CUST_2004,2025-01-23 20:19:00,99.08,31.71,8.76,Meta Ads,Completed
ORD_13219,CUST_2089,2025-01-19 07:55:00,69.94,22.38,6.21,Meta Ads,Completed
ORD_13220,CUST_1645,2025-02-21 19:35:00,92.11,29.48,6.18,Meta Ads,Completed
ORD_13221,CUST_2215,2025-03-09 04:59:00,82.25,26.32,9.43,TikTok Ads,Refunded
ORD_13222,CUST_2406,2025-05-13 07:42:00,44.6,14.27,7.11,Email Retention,Completed
ORD_13223,CUST_1852,2025-04-03 02:59:00,76.61,24.52,5.2,Meta Ads,Completed
ORD_13224,CUST_1472,2025-04-04 19:21:00,49.64,15.88,5.6,Email Retention,Completed
ORD_13225,CUST_1779,2025-04-19 13:39:00,65.4,20.93,6.91,Email Retention,Completed
ORD_13226,CUST_2077,2025-06-08 18:03:00,121.74,38.96,4.71,Google Ads,Completed
ORD_13227,CUST_1222,2025-04-25 20:28:00,85.15,27.25,6.81,Google Ads,Completed
ORD_13228,CUST_1408,2025-04-12 02:05:00,105.73,33.83,6.59,TikTok Ads,Completed
ORD_13229,CUST_2025,2025-03-03 09:08:00,88.24,28.24,8.4,Email Retention,Completed
ORD_13230,CUST_1175,2025-01-11 18:13:00,72.2,23.1,6.27,Email Retention,Completed
ORD_13231,CUST_1947,2025-06-28 17:49:00,92.23,29.51,9.41,Organic Search,Completed
ORD_13232,CUST_2239,2025-02-07 02:13:00,35.37,11.32,5.4,Email Retention,Completed
ORD_13233,CUST_1190,2025-05-04 16:23:00,114.15,36.53,7.45,Organic Search,Completed
ORD_13234,CUST_1386,2025-01-08 03:31:00,55.5,17.76,4.95,Organic Search,Completed
ORD_13235,CUST_2357,2025-01-17 11:04:00,102.83,32.91,8.17,Meta Ads,Completed
ORD_13236,CUST_2002,2025-03-25 18:53:00,70.9,22.69,9.47,TikTok Ads,Completed
ORD_13237,CUST_1671,2025-05-03 06:06:00,44.61,14.28,8.6,Organic Search,Completed
ORD_13238,CUST_1386,2025-03-31 07:40:00,60.1,19.23,7.28,Google Ads,Completed
ORD_13239,CUST_2363,2025-02-23 14:15:00,103.07,32.98,6.92,TikTok Ads,Completed
ORD_13240,CUST_1522,2025-02-11 13:18:00,194.85,62.35,8.68,Email Retention,Completed
ORD_13241,CUST_1259,2025-02-18 02:22:00,79.91,25.57,9.18,Google Ads,Completed
ORD_13242,CUST_1978,2025-04-18 08:13:00,184.42,59.01,9.45,Organic Search,Completed
ORD_13243,CUST_1155,2025-01-24 23:23:00,35.32,11.3,6.48,Meta Ads,Completed
ORD_13244,CUST_1611,2025-05-18 05:37:00,73.4,23.49,9.45,Meta Ads,Completed
ORD_13245,CUST_1406,2025-01-18 14:16:00,79.94,25.58,5.28,Google Ads,Completed
ORD_13246,CUST_1346,2025-05-30 10:25:00,105.44,33.74,5.77,Google Ads,Completed
ORD_13247,CUST_1705,2025-03-27 00:52:00,61.2,19.58,4.95,TikTok Ads,Completed
ORD_13248,CUST_1971,2025-02-21 12:46:00,96.01,30.72,5.86,Google Ads,Completed
ORD_13249,CUST_2065,2025-04-29 02:33:00,75.07,24.02,8.34,Meta Ads,Completed
ORD_13250,CUST_1170,2025-05-22 23:03:00,138.59,44.35,8.76,Meta Ads,Refunded
ORD_13251,CUST_2110,2025-03-27 08:38:00,89.43,28.62,8.39,Meta Ads,Completed
ORD_13252,CUST_2497,2025-01-23 14:48:00,239.04,76.49,7.66,TikTok Ads,Completed
ORD_13253,CUST_1822,2025-05-09 19:14:00,75.35,24.11,7.07,Google Ads,Completed
ORD_13254,CUST_2111,2025-03-02 12:41:00,134.61,43.08,8.04,TikTok Ads,Completed
ORD_13255,CUST_2358,2025-06-26 10:32:00,153.47,49.11,6.45,Meta Ads,Completed
ORD_13256,CUST_1826,2025-04-05 20:08:00,20.43,6.54,8.71,Meta Ads,Completed
ORD_13257,CUST_1809,2025-01-30 17:32:00,113.51,36.32,7.89,Meta Ads,Completed
ORD_13258,CUST_1865,2025-01-26 01:45:00,44.17,14.13,7.99,Google Ads,Completed
ORD_13259,CUST_1322,2025-01-02 20:54:00,74.1,23.71,7.18,Meta Ads,Completed
ORD_13260,CUST_2283,2025-06-08 19:53:00,47.68,15.26,8.93,Meta Ads,Completed
ORD_13261,CUST_1053,2025-01-07 12:22:00,139.67,44.69,5.76,Organic Search,Completed
ORD_13262,CUST_2115,2025-04-18 13:40:00,62.86,20.12,6.41,Meta Ads,Completed
ORD_13263,CUST_1419,2025-04-15 02:45:00,34.26,10.96,8.39,Google Ads,Completed
ORD_13264,CUST_1297,2025-01-03 08:02:00,90.4,28.93,6.96,Meta Ads,Completed
ORD_13265,CUST_1597,2025-02-19 07:42:00,148.88,47.64,8.95,TikTok Ads,Completed
ORD_13266,CUST_1605,2025-05-26 11:30:00,47.99,15.36,6.23,TikTok Ads,Completed
ORD_13267,CUST_1947,2025-06-04 09:23:00,120.12,38.44,6.35,Meta Ads,Completed
ORD_13268,CUST_1759,2025-01-23 00:49:00,29.57,9.46,8.94,Google Ads,Completed
ORD_13269,CUST_2371,2025-06-20 15:33:00,153.61,49.16,6.82,Meta Ads,Completed
ORD_13270,CUST_1399,2025-02-07 11:56:00,98.72,31.59,7.08,Google Ads,Completed
ORD_13271,CUST_2001,2025-01-31 18:21:00,45.53,14.57,6.16,Meta Ads,Completed
ORD_13272,CUST_2199,2025-01-06 04:27:00,115.27,36.89,5.88,Meta Ads,Completed
ORD_13273,CUST_1844,2025-04-16 07:39:00,64.53,20.65,7.78,TikTok Ads,Completed
ORD_13274,CUST_1141,2025-02-07 12:26:00,53.02,16.97,5.1,TikTok Ads,Completed
ORD_13275,CUST_2457,2025-06-05 16:25:00,63.88,20.44,8.9,Google Ads,Completed
ORD_13276,CUST_1084,2025-06-03 07:10:00,110.13,35.24,8.4,TikTok Ads,Completed
ORD_13277,CUST_2048,2025-02-07 11:32:00,51.4,16.45,5.45,Meta Ads,Completed
ORD_13278,CUST_1034,2025-04-27 05:29:00,23.81,7.62,7.97,TikTok Ads,Completed
ORD_13279,CUST_1021,2025-03-06 23:19:00,65.42,20.93,7.51,Email Retention,Completed
ORD_13280,CUST_1822,2025-04-30 11:03:00,142.22,45.51,5.42,Organic Search,Completed
ORD_13281,CUST_1143,2025-02-24 20:33:00,141.37,45.24,5.87,Meta Ads,Completed
ORD_13282,CUST_1084,2025-04-09 12:43:00,63.83,20.43,6.54,Google Ads,Completed
ORD_13283,CUST_1494,2025-05-23 07:22:00,62.77,20.09,8.0,Email Retention,Completed
ORD_13284,CUST_1509,2025-04-14 13:00:00,60.95,19.5,7.69,Meta Ads,Completed
ORD_13285,CUST_1776,2025-02-07 16:55:00,59.69,19.1,7.16,Google Ads,Completed
ORD_13286,CUST_1660,2025-05-24 07:33:00,61.63,19.72,8.34,Meta Ads,Completed
ORD_13287,CUST_2169,2025-01-05 19:46:00,92.36,29.56,8.29,Meta Ads,Completed
ORD_13288,CUST_1712,2025-06-14 15:33:00,143.75,46.0,7.59,Email Retention,Completed
ORD_13289,CUST_1137,2025-06-20 21:56:00,51.36,16.44,8.43,Google Ads,Completed
ORD_13290,CUST_2256,2025-06-25 06:45:00,56.06,17.94,6.17,Organic Search,Completed
ORD_13291,CUST_1622,2025-06-07 02:56:00,97.12,31.08,8.91,Meta Ads,Completed
ORD_13292,CUST_1738,2025-06-06 22:03:00,112.95,36.14,7.57,Google Ads,Completed
ORD_13293,CUST_1556,2025-02-09 01:59:00,38.62,12.36,8.61,Email Retention,Refunded
ORD_13294,CUST_1867,2025-03-28 18:46:00,167.25,53.52,7.23,TikTok Ads,Completed
ORD_13295,CUST_1832,2025-04-06 10:04:00,23.1,7.39,5.59,Google Ads,Completed
ORD_13296,CUST_1578,2025-04-12 04:08:00,71.09,22.75,7.21,Google Ads,Completed
ORD_13297,CUST_2170,2025-04-26 17:15:00,40.5,12.96,6.36,Meta Ads,Completed
ORD_13298,CUST_2048,2025-03-16 04:01:00,37.67,12.05,7.99,Meta Ads,Completed
ORD_13299,CUST_1031,2025-05-04 09:21:00,36.52,11.69,6.88,Meta Ads,Completed
ORD_13300,CUST_1028,2025-03-24 18:11:00,133.46,42.71,8.68,Meta Ads,Refunded
ORD_13301,CUST_1229,2025-05-09 11:40:00,85.47,27.35,7.89,Google Ads,Refunded
ORD_13302,CUST_1829,2025-01-10 14:26:00,134.01,42.88,7.92,Google Ads,Completed
ORD_13303,CUST_1491,2025-01-31 02:41:00,78.23,25.03,5.59,Email Retention,Completed
ORD_13304,CUST_1042,2025-05-20 09:42:00,132.33,42.35,9.42,Meta Ads,Completed
ORD_13305,CUST_1603,2025-01-19 08:44:00,77.34,24.75,8.71,Organic Search,Completed
ORD_13306,CUST_2097,2025-06-02 04:22:00,14.17,4.53,8.45,Meta Ads,Completed
ORD_13307,CUST_1402,2025-02-19 09:59:00,105.24,33.68,6.15,Google Ads,Completed
ORD_13308,CUST_2273,2025-01-25 04:19:00,80.67,25.81,7.18,Meta Ads,Completed
ORD_13309,CUST_1969,2025-03-21 11:19:00,75.19,24.06,5.19,Google Ads,Completed
ORD_13310,CUST_1478,2025-03-22 20:00:00,53.83,17.23,7.19,Meta Ads,Completed
ORD_13311,CUST_2459,2025-01-06 17:24:00,111.7,35.74,5.23,Email Retention,Refunded
ORD_13312,CUST_1243,2025-06-26 12:23:00,48.1,15.39,7.27,Email Retention,Completed
ORD_13313,CUST_2409,2025-03-11 12:06:00,111.62,35.72,7.74,Meta Ads,Completed
ORD_13314,CUST_2228,2025-01-03 14:50:00,87.23,27.91,6.45,Meta Ads,Completed
ORD_13315,CUST_1225,2025-03-16 04:13:00,112.95,36.14,6.99,Meta Ads,Completed
ORD_13316,CUST_1761,2025-06-22 03:23:00,90.65,29.01,8.88,Email Retention,Completed
ORD_13317,CUST_1752,2025-03-10 13:36:00,138.8,44.42,5.04,Google Ads,Completed
ORD_13318,CUST_2328,2025-06-27 21:57:00,100.68,32.22,8.46,Google Ads,Completed
ORD_13319,CUST_1493,2025-06-19 21:17:00,88.07,28.18,5.35,TikTok Ads,Completed
ORD_13320,CUST_1604,2025-02-03 09:41:00,22.32,7.14,4.68,Organic Search,Completed
ORD_13321,CUST_1197,2025-03-30 05:14:00,141.32,45.22,5.43,TikTok Ads,Completed
ORD_13322,CUST_2212,2025-02-03 16:59:00,36.31,11.62,8.33,Meta Ads,Refunded
ORD_13323,CUST_1744,2025-03-29 08:49:00,42.4,13.57,6.53,TikTok Ads,Completed
ORD_13324,CUST_1869,2025-01-30 06:10:00,117.71,37.67,8.86,Google Ads,Completed
ORD_13325,CUST_1823,2025-05-12 02:46:00,84.04,26.89,7.12,Meta Ads,Completed
ORD_13326,CUST_1480,2025-02-03 11:10:00,37.12,11.88,4.61,Meta Ads,Completed
ORD_13327,CUST_1084,2025-03-15 03:32:00,62.73,20.07,8.08,Organic Search,Completed
ORD_13328,CUST_2006,2025-04-28 18:00:00,137.98,44.15,5.05,Meta Ads,Completed
ORD_13329,CUST_1291,2025-02-18 15:23:00,89.42,28.61,8.45,Meta Ads,Completed
ORD_13330,CUST_2180,2025-03-07 18:43:00,84.99,27.2,5.34,Google Ads,Completed
ORD_13331,CUST_1080,2025-01-20 16:14:00,59.1,18.91,6.23,TikTok Ads,Completed
ORD_13332,CUST_1938,2025-06-24 15:27:00,119.58,38.27,8.31,Email Retention,Completed
ORD_13333,CUST_1854,2025-06-02 10:04:00,79.3,25.38,9.27,Meta Ads,Completed
ORD_13334,CUST_2030,2025-01-20 04:33:00,109.68,35.1,6.36,Google Ads,Completed
ORD_13335,CUST_2436,2025-01-26 15:35:00,56.2,17.98,8.65,TikTok Ads,Completed
ORD_13336,CUST_1994,2025-05-16 17:05:00,195.34,62.51,5.45,Meta Ads,Completed
ORD_13337,CUST_1332,2025-04-02 01:19:00,149.22,47.75,8.54,Meta Ads,Refunded
ORD_13338,CUST_2282,2025-03-10 21:28:00,88.99,28.48,7.79,Meta Ads,Completed
ORD_13339,CUST_1056,2025-05-21 21:09:00,97.84,31.31,5.46,Meta Ads,Completed
ORD_13340,CUST_1305,2025-01-12 12:55:00,63.01,20.16,6.01,Meta Ads,Completed
ORD_13341,CUST_1036,2025-03-12 10:08:00,113.59,36.35,5.16,Google Ads,Completed
ORD_13342,CUST_2351,2025-03-12 15:46:00,25.0,8.0,6.41,TikTok Ads,Completed
ORD_13343,CUST_1091,2025-05-16 21:53:00,166.08,53.15,5.52,Meta Ads,Completed
ORD_13344,CUST_1981,2025-05-22 22:27:00,110.63,35.4,7.72,Email Retention,Completed
ORD_13345,CUST_1170,2025-04-10 09:54:00,50.85,16.27,9.47,Google Ads,Refunded
ORD_13346,CUST_1636,2025-06-14 21:20:00,164.25,52.56,4.56,Email Retention,Refunded
ORD_13347,CUST_2146,2025-02-12 02:42:00,187.66,60.05,7.2,Meta Ads,Completed
ORD_13348,CUST_2389,2025-04-26 09:54:00,100.22,32.07,7.37,Meta Ads,Completed
ORD_13349,CUST_2476,2025-05-31 23:44:00,56.66,18.13,9.07,Email Retention,Refunded
ORD_13350,CUST_1309,2025-05-19 23:22:00,85.6,27.39,7.03,TikTok Ads,Completed
ORD_13351,CUST_1954,2025-05-10 10:42:00,106.69,34.14,7.22,Meta Ads,Completed
ORD_13352,CUST_2222,2025-01-13 01:06:00,96.49,30.88,6.86,Google Ads,Completed
ORD_13353,CUST_1955,2025-05-22 04:20:00,50.85,16.27,5.84,TikTok Ads,Completed
ORD_13354,CUST_2055,2025-03-13 11:42:00,105.83,33.87,4.78,Meta Ads,Completed
ORD_13355,CUST_1766,2025-06-11 00:13:00,137.26,43.92,6.54,Email Retention,Refunded
ORD_13356,CUST_2344,2025-06-14 04:39:00,45.0,14.4,4.76,Google Ads,Completed
ORD_13357,CUST_1413,2025-01-15 19:24:00,47.7,15.26,7.25,Google Ads,Completed
ORD_13358,CUST_2000,2025-05-14 00:44:00,61.78,19.77,6.04,TikTok Ads,Completed
ORD_13359,CUST_2465,2025-04-26 12:35:00,75.95,24.3,7.17,TikTok Ads,Completed
ORD_13360,CUST_1364,2025-03-19 20:06:00,120.94,38.7,5.17,Google Ads,Completed
ORD_13361,CUST_1200,2025-02-23 19:18:00,136.59,43.71,9.16,Organic Search,Completed
ORD_13362,CUST_1658,2025-01-20 05:27:00,55.47,17.75,8.97,TikTok Ads,Completed
ORD_13363,CUST_1700,2025-06-15 09:09:00,92.0,29.44,5.45,Organic Search,Completed
ORD_13364,CUST_2046,2025-05-26 06:12:00,134.13,42.92,6.22,Meta Ads,Completed
ORD_13365,CUST_1486,2025-01-06 16:20:00,200.38,64.12,7.57,Meta Ads,Completed
ORD_13366,CUST_1673,2025-01-18 22:45:00,91.79,29.37,4.98,Meta Ads,Refunded
ORD_13367,CUST_2449,2025-01-26 19:50:00,94.08,30.11,6.27,Google Ads,Completed
ORD_13368,CUST_2247,2025-04-15 12:34:00,100.5,32.16,5.76,Meta Ads,Completed
ORD_13369,CUST_1968,2025-03-31 08:41:00,72.24,23.12,9.08,Google Ads,Completed
ORD_13370,CUST_1764,2025-02-13 17:28:00,88.62,28.36,8.76,Meta Ads,Completed
ORD_13371,CUST_1558,2025-02-13 12:13:00,28.41,9.09,7.4,Google Ads,Completed
ORD_13372,CUST_1909,2025-04-09 06:54:00,63.18,20.22,7.1,Meta Ads,Completed
ORD_13373,CUST_1608,2025-01-01 11:39:00,105.09,33.63,9.15,Meta Ads,Completed
ORD_13374,CUST_1273,2025-02-27 13:25:00,53.91,17.25,9.16,Organic Search,Completed
ORD_13375,CUST_1763,2025-02-26 21:51:00,122.2,39.1,9.35,Meta Ads,Completed
ORD_13376,CUST_2173,2025-04-08 07:39:00,33.83,10.83,5.13,Meta Ads,Completed
ORD_13377,CUST_2121,2025-06-25 15:25:00,120.1,38.43,5.3,Meta Ads,Completed
ORD_13378,CUST_2087,2025-03-06 09:37:00,119.96,38.39,7.88,Google Ads,Completed
ORD_13379,CUST_1042,2025-04-02 22:00:00,202.01,64.64,7.21,Email Retention,Completed
ORD_13380,CUST_1803,2025-01-21 09:04:00,70.9,22.69,4.59,Meta Ads,Completed
ORD_13381,CUST_2044,2025-01-05 12:24:00,84.08,26.91,4.81,Email Retention,Completed
ORD_13382,CUST_1970,2025-02-02 01:28:00,158.81,50.82,8.94,TikTok Ads,Completed
ORD_13383,CUST_2483,2025-03-09 18:08:00,149.74,47.92,8.84,Google Ads,Completed
ORD_13384,CUST_1040,2025-06-08 23:19:00,130.23,41.67,6.29,Google Ads,Completed
ORD_13385,CUST_1816,2025-06-13 10:45:00,97.98,31.35,8.96,Email Retention,Completed
ORD_13386,CUST_1580,2025-05-07 19:02:00,156.88,50.2,7.47,Meta Ads,Completed
ORD_13387,CUST_1094,2025-05-11 03:55:00,234.31,74.98,8.53,Google Ads,Completed
ORD_13388,CUST_1607,2025-02-11 23:37:00,109.47,35.03,6.64,Meta Ads,Completed
ORD_13389,CUST_1919,2025-01-19 21:13:00,85.93,27.5,5.07,Meta Ads,Completed
ORD_13390,CUST_1452,2025-03-13 22:09:00,115.34,36.91,6.67,Email Retention,Completed
ORD_13391,CUST_1494,2025-05-26 01:21:00,91.2,29.18,6.79,Meta Ads,Completed
ORD_13392,CUST_1656,2025-05-04 08:37:00,73.83,23.63,7.25,Meta Ads,Completed
ORD_13393,CUST_2488,2025-03-13 07:21:00,122.43,39.18,5.03,TikTok Ads,Completed
ORD_13394,CUST_1097,2025-04-20 09:14:00,66.11,21.16,9.46,Google Ads,Completed
ORD_13395,CUST_2474,2025-06-09 19:21:00,108.47,34.71,5.72,Meta Ads,Completed
ORD_13396,CUST_2173,2025-01-18 15:34:00,37.94,12.14,5.49,TikTok Ads,Completed
ORD_13397,CUST_2035,2025-05-21 04:48:00,169.41,54.21,7.13,Meta Ads,Completed
ORD_13398,CUST_1958,2025-04-27 18:12:00,57.45,18.38,7.19,Meta Ads,Completed
ORD_13399,CUST_1626,2025-05-27 04:06:00,42.01,13.44,6.7,Meta Ads,Completed
ORD_13400,CUST_2361,2025-04-29 13:19:00,147.43,47.18,8.36,Meta Ads,Completed
ORD_13401,CUST_1494,2025-06-07 11:55:00,159.75,51.12,7.08,Google Ads,Completed
ORD_13402,CUST_1630,2025-01-04 19:01:00,97.08,31.07,7.55,Email Retention,Completed
ORD_13403,CUST_2176,2025-04-26 00:52:00,80.36,25.72,8.12,Meta Ads,Completed
ORD_13404,CUST_2014,2025-06-12 12:56:00,71.7,22.94,4.63,Email Retention,Completed
ORD_13405,CUST_1077,2025-01-28 23:49:00,94.7,30.3,7.35,Organic Search,Completed
ORD_13406,CUST_1892,2025-05-30 12:52:00,82.44,26.38,8.92,Google Ads,Completed
ORD_13407,CUST_1809,2025-03-18 10:01:00,77.83,24.91,4.59,Meta Ads,Completed
ORD_13408,CUST_1100,2025-02-02 08:59:00,54.47,17.43,6.53,TikTok Ads,Completed
ORD_13409,CUST_1151,2025-06-27 22:25:00,46.92,15.01,9.13,TikTok Ads,Completed
ORD_13410,CUST_2413,2025-03-09 11:30:00,87.45,27.98,6.27,Meta Ads,Completed
ORD_13411,CUST_1332,2025-04-30 23:36:00,93.39,29.88,6.79,Google Ads,Completed
ORD_13412,CUST_2110,2025-06-22 09:09:00,59.06,18.9,9.41,Google Ads,Refunded
ORD_13413,CUST_1840,2025-01-22 17:01:00,63.15,20.21,5.5,Meta Ads,Completed
ORD_13414,CUST_1946,2025-01-28 02:49:00,93.29,29.85,4.83,Google Ads,Completed
ORD_13415,CUST_1330,2025-02-06 03:02:00,53.77,17.21,8.8,Meta Ads,Completed
ORD_13416,CUST_1805,2025-01-08 14:25:00,132.48,42.39,8.84,Google Ads,Completed
ORD_13417,CUST_1304,2025-06-28 20:53:00,106.53,34.09,6.86,Google Ads,Completed
ORD_13418,CUST_1749,2025-02-23 02:50:00,58.79,18.81,7.07,Organic Search,Completed
ORD_13419,CUST_1912,2025-05-07 10:58:00,104.11,33.32,8.68,Organic Search,Completed
ORD_13420,CUST_1952,2025-05-29 22:49:00,54.42,17.41,8.19,Email Retention,Completed
ORD_13421,CUST_2474,2025-05-15 03:17:00,120.21,38.47,5.83,Google Ads,Completed
ORD_13422,CUST_1254,2025-01-16 18:15:00,55.48,17.75,4.58,Meta Ads,Completed
ORD_13423,CUST_1213,2025-02-15 08:24:00,79.63,25.48,6.9,TikTok Ads,Completed
ORD_13424,CUST_1928,2025-05-14 00:51:00,89.88,28.76,8.79,Meta Ads,Completed
ORD_13425,CUST_1827,2025-04-06 07:28:00,158.66,50.77,8.98,TikTok Ads,Refunded
ORD_13426,CUST_2227,2025-02-24 04:50:00,57.23,18.31,9.28,Meta Ads,Completed
ORD_13427,CUST_1364,2025-04-23 18:24:00,56.09,17.95,8.9,Meta Ads,Completed
ORD_13428,CUST_1135,2025-01-07 05:13:00,39.17,12.53,7.4,Email Retention,Completed
ORD_13429,CUST_1103,2025-03-17 06:49:00,179.62,57.48,6.72,TikTok Ads,Completed
ORD_13430,CUST_2280,2025-05-06 08:44:00,85.36,27.32,8.37,Organic Search,Completed
ORD_13431,CUST_1839,2025-05-09 01:37:00,133.91,42.85,8.2,Email Retention,Completed
ORD_13432,CUST_1489,2025-03-11 17:26:00,63.69,20.38,7.19,Organic Search,Refunded
ORD_13433,CUST_1528,2025-06-24 17:50:00,66.54,21.29,4.94,Meta Ads,Completed
ORD_13434,CUST_1902,2025-01-10 05:04:00,82.23,26.31,9.13,Google Ads,Completed
ORD_13435,CUST_1301,2025-06-24 15:05:00,83.36,26.68,6.78,Meta Ads,Completed
ORD_13436,CUST_2375,2025-04-13 23:20:00,113.47,36.31,6.32,Organic Search,Completed
ORD_13437,CUST_2265,2025-03-13 17:48:00,86.5,27.68,7.65,TikTok Ads,Completed
ORD_13438,CUST_1268,2025-02-21 06:15:00,70.36,22.52,7.87,Email Retention,Completed
ORD_13439,CUST_1671,2025-03-25 03:25:00,181.15,57.97,5.55,Meta Ads,Completed
ORD_13440,CUST_1842,2025-03-02 22:25:00,54.11,17.32,8.68,Meta Ads,Refunded
ORD_13441,CUST_2497,2025-05-18 19:35:00,57.38,18.36,5.95,Google Ads,Completed
ORD_13442,CUST_1665,2025-01-14 15:37:00,54.49,17.44,5.43,Meta Ads,Completed
ORD_13443,CUST_1032,2025-04-10 08:00:00,115.44,36.94,6.53,TikTok Ads,Completed
ORD_13444,CUST_1431,2025-04-12 02:44:00,102.67,32.85,8.15,Meta Ads,Refunded
ORD_13445,CUST_1588,2025-03-27 00:56:00,77.98,24.95,9.33,Meta Ads,Completed
ORD_13446,CUST_2116,2025-04-22 05:17:00,53.12,17.0,8.55,Meta Ads,Completed
ORD_13447,CUST_2287,2025-06-03 21:44:00,89.7,28.7,9.2,TikTok Ads,Completed
ORD_13448,CUST_2345,2025-01-21 09:10:00,122.65,39.25,5.2,Google Ads,Completed
ORD_13449,CUST_1707,2025-01-12 05:02:00,161.6,51.71,4.86,Meta Ads,Completed
ORD_13450,CUST_1257,2025-02-13 17:49:00,62.39,19.96,7.29,TikTok Ads,Completed
ORD_13451,CUST_1171,2025-01-13 05:10:00,77.86,24.92,5.95,Google Ads,Completed
ORD_13452,CUST_1809,2025-06-11 16:17:00,102.23,32.71,8.64,Meta Ads,Completed
ORD_13453,CUST_1941,2025-01-25 03:51:00,70.02,22.41,7.86,Google Ads,Completed
ORD_13454,CUST_1601,2025-02-04 05:59:00,42.4,13.57,9.35,TikTok Ads,Completed
ORD_13455,CUST_1026,2025-01-09 07:48:00,78.04,24.97,5.77,Meta Ads,Completed
ORD_13456,CUST_1205,2025-04-18 12:06:00,45.18,14.46,6.93,Meta Ads,Completed
ORD_13457,CUST_2083,2025-05-27 21:09:00,127.34,40.75,7.01,TikTok Ads,Completed
ORD_13458,CUST_2073,2025-06-16 10:46:00,72.67,23.25,5.7,Organic Search,Completed
ORD_13459,CUST_1711,2025-05-17 12:44:00,81.65,26.13,7.45,Google Ads,Completed
ORD_13460,CUST_2108,2025-02-26 02:47:00,58.12,18.6,6.72,Google Ads,Completed
ORD_13461,CUST_1561,2025-06-13 11:52:00,83.11,26.6,6.73,Organic Search,Completed
ORD_13462,CUST_2244,2025-06-20 05:08:00,144.17,46.13,6.31,TikTok Ads,Completed
ORD_13463,CUST_2323,2025-05-12 10:17:00,133.54,42.73,4.58,Google Ads,Completed
ORD_13464,CUST_1656,2025-01-27 21:28:00,48.71,15.59,7.11,Google Ads,Completed
ORD_13465,CUST_2323,2025-02-03 21:53:00,16.51,5.28,6.18,Email Retention,Refunded
ORD_13466,CUST_1156,2025-05-16 08:01:00,78.32,25.06,4.51,Meta Ads,Completed
ORD_13467,CUST_1559,2025-01-19 19:53:00,72.91,23.33,6.04,Google Ads,Completed
ORD_13468,CUST_1101,2025-01-05 22:44:00,70.83,22.67,5.89,Google Ads,Completed
ORD_13469,CUST_1299,2025-02-02 21:36:00,64.3,20.58,6.47,TikTok Ads,Completed
ORD_13470,CUST_2131,2025-05-23 19:23:00,48.15,15.41,5.16,Google Ads,Completed
ORD_13471,CUST_1509,2025-04-18 09:27:00,208.35,66.67,7.04,Google Ads,Completed
ORD_13472,CUST_2411,2025-01-09 17:29:00,179.55,57.46,7.96,Email Retention,Completed
ORD_13473,CUST_2192,2025-03-15 10:36:00,69.4,22.21,7.65,Meta Ads,Completed
ORD_13474,CUST_2062,2025-05-21 20:23:00,89.12,28.52,8.52,Meta Ads,Completed
ORD_13475,CUST_1909,2025-04-26 18:37:00,128.36,41.08,6.76,Google Ads,Completed
ORD_13476,CUST_1201,2025-03-01 13:40:00,88.99,28.48,7.1,TikTok Ads,Refunded
ORD_13477,CUST_1556,2025-04-07 22:12:00,66.8,21.38,8.55,Email Retention,Completed
ORD_13478,CUST_1429,2025-06-05 01:22:00,42.8,13.7,6.64,Meta Ads,Completed
ORD_13479,CUST_1273,2025-04-07 10:33:00,84.48,27.03,8.01,Meta Ads,Completed
ORD_13480,CUST_1733,2025-05-22 16:17:00,45.53,14.57,6.67,TikTok Ads,Completed
ORD_13481,CUST_1050,2025-01-15 16:03:00,139.8,44.74,6.59,Google Ads,Completed
ORD_13482,CUST_1962,2025-06-03 01:38:00,82.75,26.48,8.3,Meta Ads,Completed
ORD_13483,CUST_2059,2025-04-02 05:12:00,105.92,33.89,5.37,Meta Ads,Completed
ORD_13484,CUST_1935,2025-05-30 10:57:00,71.89,23.0,6.19,TikTok Ads,Completed
ORD_13485,CUST_1543,2025-03-28 03:17:00,120.55,38.58,5.62,Meta Ads,Completed
ORD_13486,CUST_1530,2025-05-03 16:48:00,61.75,19.76,6.3,Google Ads,Completed
ORD_13487,CUST_1127,2025-04-18 16:11:00,95.84,30.67,5.65,Meta Ads,Completed
ORD_13488,CUST_2327,2025-03-24 03:40:00,70.64,22.6,7.4,Meta Ads,Refunded
ORD_13489,CUST_2164,2025-05-21 06:40:00,75.67,24.21,8.49,Meta Ads,Completed
ORD_13490,CUST_2121,2025-01-25 05:01:00,127.61,40.84,8.43,Meta Ads,Completed
ORD_13491,CUST_1728,2025-05-29 02:00:00,57.9,18.53,6.32,Meta Ads,Completed
ORD_13492,CUST_1476,2025-04-13 05:55:00,98.81,31.62,9.44,Meta Ads,Completed
ORD_13493,CUST_2336,2025-01-08 10:07:00,147.2,47.1,7.47,TikTok Ads,Completed
ORD_13494,CUST_1693,2025-03-04 09:55:00,125.55,40.18,6.5,Organic Search,Completed
ORD_13495,CUST_1672,2025-02-05 05:46:00,62.61,20.04,8.68,Meta Ads,Refunded
ORD_13496,CUST_1579,2025-02-15 15:42:00,104.88,33.56,8.15,Meta Ads,Completed
ORD_13497,CUST_1504,2025-06-16 05:55:00,33.84,10.83,8.25,Organic Search,Completed
ORD_13498,CUST_2319,2025-06-27 06:29:00,129.54,41.45,5.48,TikTok Ads,Completed
ORD_13499,CUST_2469,2025-02-28 23:27:00,233.99,74.88,6.84,Meta Ads,Completed
ORD_13500,CUST_1033,2025-01-18 20:03:00,96.29,30.81,8.81,Google Ads,Completed
ORD_13501,CUST_2327,2025-02-06 18:11:00,150.46,48.15,7.02,Meta Ads,Completed
ORD_13502,CUST_1883,2025-04-29 14:38:00,41.8,13.38,7.92,TikTok Ads,Completed
ORD_13503,CUST_1571,2025-04-05 03:38:00,50.71,16.23,7.44,Organic Search,Completed
ORD_13504,CUST_2487,2025-06-24 21:18:00,71.76,22.96,8.71,Meta Ads,Completed
ORD_13505,CUST_2385,2025-06-13 10:49:00,78.01,24.96,5.92,Organic Search,Completed
ORD_13506,CUST_2384,2025-02-05 02:47:00,96.57,30.9,7.38,Google Ads,Completed
ORD_13507,CUST_1024,2025-05-26 10:40:00,62.75,20.08,5.12,Meta Ads,Completed
ORD_13508,CUST_1576,2025-06-14 01:55:00,89.55,28.66,7.95,TikTok Ads,Completed
ORD_13509,CUST_2226,2025-02-26 19:07:00,127.5,40.8,8.16,Email Retention,Completed
ORD_13510,CUST_1250,2025-06-22 17:03:00,104.71,33.51,4.71,Meta Ads,Completed
ORD_13511,CUST_2314,2025-02-28 12:59:00,70.68,22.62,7.88,TikTok Ads,Completed
ORD_13512,CUST_2352,2025-02-26 08:58:00,116.27,37.21,6.57,Google Ads,Completed
ORD_13513,CUST_2092,2025-03-29 12:20:00,69.27,22.17,5.12,Google Ads,Completed
ORD_13514,CUST_1433,2025-01-26 19:23:00,87.33,27.95,6.6,Meta Ads,Completed
ORD_13515,CUST_1509,2025-06-27 04:00:00,124.6,39.87,5.47,Meta Ads,Completed
ORD_13516,CUST_2258,2025-03-16 08:24:00,77.06,24.66,6.58,Google Ads,Completed
ORD_13517,CUST_2274,2025-03-05 03:55:00,45.21,14.47,6.42,Organic Search,Completed
ORD_13518,CUST_1555,2025-05-03 09:21:00,86.23,27.59,8.19,Organic Search,Completed
ORD_13519,CUST_1593,2025-06-24 07:40:00,125.09,40.03,8.37,Email Retention,Refunded
ORD_13520,CUST_1976,2025-05-09 02:10:00,130.18,41.66,7.54,Google Ads,Completed
ORD_13521,CUST_1975,2025-05-08 10:27:00,49.7,15.9,4.61,Email Retention,Completed
ORD_13522,CUST_1430,2025-01-25 18:37:00,114.21,36.55,9.16,Meta Ads,Completed
ORD_13523,CUST_1527,2025-04-25 14:27:00,74.96,23.99,7.93,TikTok Ads,Completed
ORD_13524,CUST_1139,2025-03-18 12:03:00,154.92,49.57,4.67,Google Ads,Completed
ORD_13525,CUST_1211,2025-02-05 17:03:00,45.68,14.62,8.59,TikTok Ads,Completed
ORD_13526,CUST_1770,2025-06-13 19:23:00,113.25,36.24,5.5,Google Ads,Completed
ORD_13527,CUST_2059,2025-06-07 03:45:00,71.22,22.79,7.4,Google Ads,Completed
ORD_13528,CUST_1766,2025-03-16 08:52:00,63.22,20.23,6.83,TikTok Ads,Completed
ORD_13529,CUST_1929,2025-06-06 20:29:00,127.07,40.66,6.6,Meta Ads,Completed
ORD_13530,CUST_2402,2025-05-27 06:45:00,135.92,43.49,8.95,Google Ads,Completed
ORD_13531,CUST_2230,2025-05-13 22:45:00,28.75,9.2,6.69,Email Retention,Completed
ORD_13532,CUST_1247,2025-05-26 13:41:00,128.08,40.99,4.88,Google Ads,Completed
ORD_13533,CUST_2222,2025-01-27 14:35:00,81.37,26.04,9.23,Email Retention,Completed
ORD_13534,CUST_1327,2025-01-18 05:32:00,85.12,27.24,9.1,Meta Ads,Completed
ORD_13535,CUST_1016,2025-01-25 03:43:00,44.43,14.22,7.92,Meta Ads,Completed
ORD_13536,CUST_1827,2025-02-14 05:34:00,109.92,35.17,6.84,Meta Ads,Completed
ORD_13537,CUST_1418,2025-01-10 06:40:00,210.7,67.42,4.96,Meta Ads,Completed
ORD_13538,CUST_1689,2025-02-01 22:29:00,65.07,20.82,8.45,TikTok Ads,Completed
ORD_13539,CUST_2114,2025-01-23 15:00:00,141.67,45.33,4.88,Google Ads,Completed
ORD_13540,CUST_1780,2025-01-30 06:00:00,83.7,26.78,4.84,Google Ads,Completed
ORD_13541,CUST_1614,2025-05-16 07:38:00,66.3,21.22,7.19,TikTok Ads,Completed
ORD_13542,CUST_1251,2025-01-07 18:55:00,40.17,12.85,5.3,Meta Ads,Completed
ORD_13543,CUST_1368,2025-03-27 21:04:00,150.59,48.19,4.54,Google Ads,Completed
ORD_13544,CUST_1778,2025-06-13 15:04:00,88.4,28.29,6.62,Meta Ads,Completed
ORD_13545,CUST_1802,2025-05-25 13:28:00,67.92,21.73,5.19,Organic Search,Completed
ORD_13546,CUST_1320,2025-01-28 05:33:00,73.27,23.45,5.3,Email Retention,Completed
ORD_13547,CUST_1359,2025-06-07 22:36:00,113.83,36.43,4.88,Organic Search,Completed
ORD_13548,CUST_2201,2025-02-27 21:21:00,67.86,21.72,5.53,Organic Search,Completed
ORD_13549,CUST_2302,2025-05-09 15:43:00,52.9,16.93,8.08,Meta Ads,Completed
ORD_13550,CUST_1563,2025-04-24 03:05:00,79.66,25.49,8.54,Meta Ads,Completed
ORD_13551,CUST_1209,2025-05-15 10:16:00,78.54,25.13,6.76,Meta Ads,Refunded
ORD_13552,CUST_1817,2025-06-23 09:00:00,77.74,24.88,7.03,Meta Ads,Completed
ORD_13553,CUST_1930,2025-01-31 18:18:00,68.29,21.85,4.66,Meta Ads,Completed
ORD_13554,CUST_1646,2025-04-13 02:26:00,143.84,46.03,4.85,Meta Ads,Completed
ORD_13555,CUST_1274,2025-06-14 07:56:00,245.1,78.43,5.79,Meta Ads,Completed
ORD_13556,CUST_2204,2025-03-18 05:13:00,49.76,15.92,7.22,Email Retention,Completed
ORD_13557,CUST_2029,2025-05-26 16:26:00,26.35,8.43,8.2,Google Ads,Completed
ORD_13558,CUST_1384,2025-03-27 20:16:00,75.18,24.06,7.53,Meta Ads,Completed
ORD_13559,CUST_1722,2025-06-01 23:52:00,28.1,8.99,6.46,Meta Ads,Completed
ORD_13560,CUST_1289,2025-03-21 10:48:00,38.15,12.21,5.09,Google Ads,Refunded
ORD_13561,CUST_1613,2025-01-26 23:29:00,65.6,20.99,8.4,Google Ads,Refunded
ORD_13562,CUST_2269,2025-02-17 14:16:00,113.47,36.31,6.32,Meta Ads,Completed
ORD_13563,CUST_2326,2025-04-27 23:14:00,74.78,23.93,8.18,Google Ads,Completed
ORD_13564,CUST_2457,2025-04-22 01:13:00,22.53,7.21,7.06,Meta Ads,Completed
ORD_13565,CUST_2328,2025-04-22 08:11:00,74.33,23.79,8.19,Organic Search,Completed
ORD_13566,CUST_1991,2025-02-10 00:40:00,76.9,24.61,9.04,Meta Ads,Completed
ORD_13567,CUST_2288,2025-02-19 09:16:00,77.5,24.8,9.11,Meta Ads,Completed
ORD_13568,CUST_1448,2025-02-23 07:36:00,134.36,43.0,7.18,Meta Ads,Completed
ORD_13569,CUST_1250,2025-03-28 12:38:00,124.41,39.81,7.06,Google Ads,Completed
ORD_13570,CUST_2483,2025-01-19 04:41:00,86.84,27.79,5.83,Google Ads,Refunded
ORD_13571,CUST_2204,2025-05-21 17:45:00,192.11,61.48,9.18,Google Ads,Completed
ORD_13572,CUST_1487,2025-05-07 09:21:00,39.56,12.66,6.79,Meta Ads,Completed
ORD_13573,CUST_1683,2025-02-12 09:58:00,65.52,20.97,5.14,TikTok Ads,Completed
ORD_13574,CUST_1330,2025-02-18 04:56:00,79.18,25.34,6.66,Meta Ads,Completed
ORD_13575,CUST_1314,2025-05-05 04:01:00,83.05,26.58,5.14,Email Retention,Completed
ORD_13576,CUST_1885,2025-06-30 18:53:00,39.95,12.78,7.01,Google Ads,Completed
ORD_13577,CUST_1008,2025-06-08 02:58:00,83.85,26.83,7.31,Meta Ads,Completed
ORD_13578,CUST_1834,2025-05-21 23:01:00,36.1,11.55,6.19,Meta Ads,Completed
ORD_13579,CUST_2044,2025-01-09 01:33:00,60.72,19.43,4.86,TikTok Ads,Completed
ORD_13580,CUST_1409,2025-04-23 17:45:00,88.63,28.36,9.22,TikTok Ads,Completed
ORD_13581,CUST_1173,2025-01-31 05:10:00,43.27,13.85,8.37,Meta Ads,Completed
ORD_13582,CUST_1108,2025-03-06 09:47:00,97.5,31.2,8.69,TikTok Ads,Completed
ORD_13583,CUST_1135,2025-03-15 15:58:00,56.16,17.97,6.33,Meta Ads,Completed
ORD_13584,CUST_1499,2025-02-18 12:07:00,70.57,22.58,8.3,Meta Ads,Completed
ORD_13585,CUST_1320,2025-02-24 04:12:00,105.17,33.65,6.93,Meta Ads,Completed
ORD_13586,CUST_2294,2025-05-18 14:57:00,80.84,25.87,5.51,Email Retention,Completed
ORD_13587,CUST_2042,2025-01-13 14:38:00,96.49,30.88,5.12,Google Ads,Completed
ORD_13588,CUST_1736,2025-04-07 15:54:00,102.27,32.73,6.23,Google Ads,Completed
ORD_13589,CUST_2392,2025-02-12 09:28:00,80.23,25.67,5.19,Meta Ads,Completed
ORD_13590,CUST_1787,2025-03-02 11:16:00,98.99,31.68,9.49,Email Retention,Completed
ORD_13591,CUST_1882,2025-05-30 15:35:00,60.23,19.27,4.75,Meta Ads,Completed
ORD_13592,CUST_1107,2025-02-21 23:06:00,104.6,33.47,6.71,Google Ads,Completed
ORD_13593,CUST_1619,2025-06-19 19:09:00,75.4,24.13,6.76,Google Ads,Completed
ORD_13594,CUST_1383,2025-05-22 01:38:00,145.51,46.56,6.0,Meta Ads,Completed
ORD_13595,CUST_2079,2025-02-23 10:39:00,89.47,28.63,7.36,Organic Search,Completed
ORD_13596,CUST_2116,2025-02-17 00:06:00,64.36,20.6,5.25,Meta Ads,Completed
ORD_13597,CUST_1104,2025-01-01 11:44:00,105.42,33.73,8.42,Organic Search,Completed
ORD_13598,CUST_2465,2025-03-29 06:36:00,148.35,47.47,6.16,Meta Ads,Completed
ORD_13599,CUST_1460,2025-01-11 20:45:00,67.13,21.48,7.46,Meta Ads,Refunded
ORD_13600,CUST_2373,2025-06-11 22:48:00,61.85,19.79,8.08,Email Retention,Completed
ORD_13601,CUST_2095,2025-03-21 11:00:00,17.78,5.69,8.95,Meta Ads,Refunded
ORD_13602,CUST_1838,2025-02-02 07:49:00,89.37,28.6,8.68,Meta Ads,Refunded
ORD_13603,CUST_1224,2025-03-14 21:53:00,71.94,23.02,7.54,Meta Ads,Completed
ORD_13604,CUST_1633,2025-06-22 08:44:00,105.22,33.67,6.44,Meta Ads,Completed
ORD_13605,CUST_2458,2025-02-15 02:38:00,106.24,34.0,7.02,Meta Ads,Completed
ORD_13606,CUST_1761,2025-04-20 12:46:00,40.87,13.08,8.34,Meta Ads,Completed
ORD_13607,CUST_2393,2025-02-01 06:01:00,124.17,39.73,8.89,Meta Ads,Completed
ORD_13608,CUST_1016,2025-03-24 02:07:00,57.59,18.43,5.02,Meta Ads,Completed
ORD_13609,CUST_1829,2025-02-15 15:32:00,67.31,21.54,6.42,Meta Ads,Completed
ORD_13610,CUST_1581,2025-04-19 13:56:00,23.32,7.46,8.38,Meta Ads,Completed
ORD_13611,CUST_2056,2025-03-28 07:29:00,97.75,31.28,6.66,Organic Search,Refunded
ORD_13612,CUST_1053,2025-01-22 07:50:00,48.12,15.4,6.16,Google Ads,Completed
ORD_13613,CUST_2019,2025-01-19 01:23:00,62.15,19.89,6.56,Email Retention,Completed
ORD_13614,CUST_2013,2025-02-01 04:08:00,45.91,14.69,7.51,Google Ads,Completed
ORD_13615,CUST_2034,2025-04-27 10:22:00,128.98,41.27,9.5,Email Retention,Completed
ORD_13616,CUST_2127,2025-01-01 00:30:00,70.05,22.42,6.96,Organic Search,Completed
ORD_13617,CUST_1817,2025-01-10 14:08:00,43.68,13.98,5.54,Google Ads,Completed
ORD_13618,CUST_2258,2025-03-25 13:42:00,45.25,14.48,5.31,Meta Ads,Completed
ORD_13619,CUST_1500,2025-06-10 20:42:00,119.55,38.26,4.71,Meta Ads,Completed
ORD_13620,CUST_1489,2025-03-31 19:43:00,55.1,17.63,7.29,Google Ads,Completed
ORD_13621,CUST_1362,2025-02-23 10:21:00,66.58,21.31,7.22,Google Ads,Completed
ORD_13622,CUST_2420,2025-03-27 23:11:00,85.47,27.35,5.53,Meta Ads,Completed
ORD_13623,CUST_1667,2025-03-02 16:13:00,72.35,23.15,7.98,Google Ads,Completed
ORD_13624,CUST_2108,2025-03-02 02:17:00,31.05,9.94,8.21,Google Ads,Completed
ORD_13625,CUST_2478,2025-03-16 21:36:00,110.3,35.3,5.8,Google Ads,Completed
ORD_13626,CUST_2471,2025-02-22 11:15:00,74.86,23.96,6.22,TikTok Ads,Completed
ORD_13627,CUST_1588,2025-05-22 02:23:00,95.99,30.72,9.45,TikTok Ads,Completed
ORD_13628,CUST_2274,2025-04-27 05:54:00,113.94,36.46,6.37,Meta Ads,Completed
ORD_13629,CUST_1119,2025-06-11 14:54:00,27.25,8.72,8.3,TikTok Ads,Completed
ORD_13630,CUST_1130,2025-05-15 22:24:00,114.41,36.61,6.76,Meta Ads,Completed
ORD_13631,CUST_2379,2025-06-25 22:19:00,223.42,71.49,8.47,Email Retention,Completed
ORD_13632,CUST_2347,2025-06-08 16:06:00,100.63,32.2,8.35,Google Ads,Completed
ORD_13633,CUST_1161,2025-03-02 07:37:00,146.55,46.9,7.84,Meta Ads,Completed
ORD_13634,CUST_1959,2025-04-04 08:11:00,127.03,40.65,8.77,Organic Search,Completed
ORD_13635,CUST_1851,2025-05-21 12:31:00,112.53,36.01,9.2,Google Ads,Completed
ORD_13636,CUST_2212,2025-04-11 10:57:00,129.05,41.3,7.4,TikTok Ads,Completed
ORD_13637,CUST_2018,2025-05-06 13:57:00,138.85,44.43,5.69,Email Retention,Completed
ORD_13638,CUST_1370,2025-03-08 12:42:00,141.33,45.23,6.49,Meta Ads,Completed
ORD_13639,CUST_2001,2025-05-13 00:41:00,45.18,14.46,8.29,Email Retention,Refunded
ORD_13640,CUST_1405,2025-06-11 16:18:00,132.61,42.44,7.75,Organic Search,Completed
ORD_13641,CUST_1720,2025-05-30 13:49:00,74.36,23.8,5.39,Meta Ads,Completed
ORD_13642,CUST_2112,2025-03-28 04:01:00,143.61,45.96,4.76,Meta Ads,Completed
ORD_13643,CUST_1281,2025-05-21 08:09:00,104.59,33.47,7.91,Meta Ads,Completed
ORD_13644,CUST_1684,2025-05-21 12:56:00,44.85,14.35,5.76,TikTok Ads,Completed
ORD_13645,CUST_2103,2025-05-12 07:20:00,152.47,48.79,7.0,Meta Ads,Completed
ORD_13646,CUST_2350,2025-02-15 17:35:00,57.73,18.47,8.23,Meta Ads,Refunded
ORD_13647,CUST_1632,2025-05-19 21:29:00,72.65,23.25,7.31,Meta Ads,Completed
ORD_13648,CUST_1892,2025-03-02 23:43:00,168.49,53.92,4.92,Meta Ads,Completed
ORD_13649,CUST_2158,2025-03-29 13:47:00,89.74,28.72,5.43,Meta Ads,Completed
ORD_13650,CUST_2299,2025-06-22 14:03:00,71.18,22.78,5.6,Google Ads,Completed
ORD_13651,CUST_1972,2025-01-20 01:29:00,81.12,25.96,5.79,Google Ads,Completed
ORD_13652,CUST_1298,2025-02-21 19:06:00,70.47,22.55,7.33,TikTok Ads,Completed
ORD_13653,CUST_2224,2025-02-22 16:15:00,119.45,38.22,7.02,Google Ads,Completed
ORD_13654,CUST_2199,2025-04-07 11:51:00,71.48,22.87,5.52,Google Ads,Completed
ORD_13655,CUST_1643,2025-02-02 06:55:00,82.4,26.37,4.84,Organic Search,Completed
ORD_13656,CUST_2476,2025-01-27 02:45:00,108.58,34.75,5.36,Meta Ads,Completed
ORD_13657,CUST_1085,2025-06-22 21:28:00,103.19,33.02,9.42,Meta Ads,Completed
ORD_13658,CUST_2009,2025-04-29 04:46:00,60.06,19.22,6.84,Google Ads,Completed
ORD_13659,CUST_2380,2025-03-21 02:07:00,120.1,38.43,8.84,Meta Ads,Completed
ORD_13660,CUST_1004,2025-01-02 19:08:00,65.47,20.95,8.74,TikTok Ads,Completed
ORD_13661,CUST_2173,2025-05-15 01:37:00,50.16,16.05,7.06,Meta Ads,Completed
ORD_13662,CUST_2175,2025-05-22 05:22:00,32.65,10.45,8.03,Meta Ads,Completed
ORD_13663,CUST_1616,2025-01-01 05:52:00,77.29,24.73,5.46,Google Ads,Completed
ORD_13664,CUST_1236,2025-05-18 09:05:00,36.34,11.63,7.94,Meta Ads,Completed
ORD_13665,CUST_2165,2025-01-09 21:35:00,56.04,17.93,5.86,TikTok Ads,Completed
ORD_13666,CUST_2476,2025-04-26 18:11:00,83.37,26.68,8.66,Google Ads,Completed
ORD_13667,CUST_2301,2025-02-06 20:32:00,137.49,44.0,4.92,Meta Ads,Completed
ORD_13668,CUST_1991,2025-04-10 17:03:00,73.56,23.54,8.37,Google Ads,Completed
ORD_13669,CUST_2019,2025-06-26 13:03:00,40.41,12.93,5.0,Meta Ads,Completed
ORD_13670,CUST_1269,2025-03-09 21:50:00,79.86,25.56,8.91,Google Ads,Completed
ORD_13671,CUST_2209,2025-03-01 03:12:00,135.09,43.23,6.02,Organic Search,Completed
ORD_13672,CUST_1590,2025-04-04 08:19:00,72.76,23.28,7.77,Google Ads,Completed
ORD_13673,CUST_2066,2025-04-11 20:56:00,147.97,47.35,6.94,Organic Search,Completed
ORD_13674,CUST_2451,2025-01-27 02:54:00,83.15,26.61,6.33,Meta Ads,Completed
ORD_13675,CUST_1639,2025-03-23 14:01:00,114.61,36.68,7.73,Google Ads,Completed
ORD_13676,CUST_2004,2025-04-25 11:44:00,92.78,29.69,9.24,Google Ads,Completed
ORD_13677,CUST_1248,2025-04-28 08:29:00,144.74,46.32,4.71,Organic Search,Completed
ORD_13678,CUST_1519,2025-05-16 07:54:00,197.92,63.33,9.09,Google Ads,Completed
ORD_13679,CUST_1945,2025-04-23 23:31:00,67.03,21.45,7.55,Meta Ads,Completed
ORD_13680,CUST_2089,2025-05-28 23:04:00,90.33,28.91,8.54,Google Ads,Completed
ORD_13681,CUST_1963,2025-01-17 05:41:00,137.45,43.98,6.42,Meta Ads,Completed
ORD_13682,CUST_2325,2025-06-23 06:35:00,94.26,30.16,6.86,TikTok Ads,Completed
ORD_13683,CUST_1076,2025-01-11 06:57:00,31.79,10.17,8.84,Meta Ads,Completed
ORD_13684,CUST_1958,2025-04-04 23:32:00,73.29,23.45,6.57,Organic Search,Completed
ORD_13685,CUST_2283,2025-03-27 08:12:00,93.89,30.04,7.17,Google Ads,Completed
ORD_13686,CUST_1928,2025-03-13 03:44:00,162.49,52.0,4.6,Meta Ads,Refunded
ORD_13687,CUST_2171,2025-04-25 11:54:00,88.09,28.19,5.29,Google Ads,Refunded
ORD_13688,CUST_1638,2025-02-25 06:06:00,54.22,17.35,7.71,TikTok Ads,Completed
ORD_13689,CUST_2315,2025-01-27 10:25:00,94.91,30.37,8.08,Email Retention,Completed
ORD_13690,CUST_1606,2025-04-25 21:47:00,155.09,49.63,7.41,Google Ads,Completed
ORD_13691,CUST_2234,2025-04-23 18:31:00,62.05,19.86,5.22,Organic Search,Completed
ORD_13692,CUST_2412,2025-02-20 04:55:00,65.88,21.08,6.73,Organic Search,Completed
ORD_13693,CUST_1382,2025-06-11 06:56:00,62.51,20.0,6.28,Meta Ads,Completed
ORD_13694,CUST_1045,2025-05-26 11:48:00,43.17,13.81,6.98,Email Retention,Completed
ORD_13695,CUST_1110,2025-06-16 00:49:00,86.29,27.61,8.85,TikTok Ads,Completed
ORD_13696,CUST_2465,2025-01-09 23:07:00,81.7,26.14,8.38,Meta Ads,Completed
ORD_13697,CUST_1941,2025-03-28 17:45:00,33.69,10.78,4.92,Meta Ads,Completed
ORD_13698,CUST_2251,2025-02-01 17:16:00,56.28,18.01,8.95,Organic Search,Completed
ORD_13699,CUST_1310,2025-01-15 23:39:00,91.52,29.29,6.86,TikTok Ads,Completed
ORD_13700,CUST_1030,2025-06-19 01:33:00,113.4,36.29,8.22,Meta Ads,Completed
ORD_13701,CUST_1068,2025-06-07 08:34:00,127.26,40.72,5.2,Meta Ads,Completed
ORD_13702,CUST_2370,2025-05-04 05:28:00,117.52,37.61,7.85,Email Retention,Completed
ORD_13703,CUST_1354,2025-05-07 02:03:00,83.93,26.86,5.68,Meta Ads,Completed
ORD_13704,CUST_1569,2025-04-16 19:29:00,39.56,12.66,6.69,Google Ads,Completed
ORD_13705,CUST_2073,2025-06-10 05:49:00,75.54,24.17,4.58,Email Retention,Completed
ORD_13706,CUST_1785,2025-02-26 18:01:00,21.31,6.82,5.26,Meta Ads,Completed
ORD_13707,CUST_1234,2025-06-25 19:23:00,91.72,29.35,4.96,Organic Search,Completed
ORD_13708,CUST_2127,2025-03-01 23:54:00,61.03,19.53,5.7,Meta Ads,Completed
ORD_13709,CUST_1235,2025-06-19 20:00:00,26.85,8.59,5.0,TikTok Ads,Refunded
ORD_13710,CUST_1629,2025-04-01 17:32:00,99.38,31.8,7.96,Meta Ads,Completed
ORD_13711,CUST_1747,2025-06-02 08:43:00,154.25,49.36,4.65,Meta Ads,Completed
ORD_13712,CUST_2253,2025-03-28 16:19:00,36.59,11.71,7.59,Meta Ads,Completed
ORD_13713,CUST_2108,2025-03-14 03:31:00,103.06,32.98,5.2,Organic Search,Completed
ORD_13714,CUST_2334,2025-05-03 06:56:00,69.61,22.28,9.23,Google Ads,Completed
ORD_13715,CUST_2319,2025-05-09 11:14:00,57.7,18.46,9.17,Organic Search,Completed
ORD_13716,CUST_1460,2025-02-19 03:48:00,57.77,18.49,5.63,Meta Ads,Completed
ORD_13717,CUST_2279,2025-05-26 02:30:00,69.61,22.28,7.57,Meta Ads,Completed
ORD_13718,CUST_1429,2025-03-30 03:39:00,69.49,22.24,4.64,Meta Ads,Completed
ORD_13719,CUST_2244,2025-06-18 07:24:00,82.4,26.37,9.16,TikTok Ads,Completed
ORD_13720,CUST_1770,2025-01-02 07:14:00,54.99,17.6,7.11,Meta Ads,Completed
ORD_13721,CUST_2104,2025-03-15 23:03:00,60.57,19.38,4.72,Meta Ads,Completed
ORD_13722,CUST_1959,2025-06-14 08:41:00,107.39,34.36,6.21,Organic Search,Completed
ORD_13723,CUST_1078,2025-01-27 19:42:00,52.59,16.83,4.88,Organic Search,Completed
ORD_13724,CUST_1023,2025-04-20 13:51:00,94.41,30.21,6.46,TikTok Ads,Completed
ORD_13725,CUST_2084,2025-06-30 22:23:00,71.3,22.82,7.85,Meta Ads,Completed
ORD_13726,CUST_2442,2025-03-26 16:41:00,64.54,20.65,6.85,Meta Ads,Completed
ORD_13727,CUST_1348,2025-03-30 04:48:00,176.3,56.42,6.42,Meta Ads,Completed
ORD_13728,CUST_2194,2025-03-08 13:14:00,43.68,13.98,5.1,Meta Ads,Completed
ORD_13729,CUST_1893,2025-03-17 06:46:00,159.01,50.88,5.72,Meta Ads,Completed
ORD_13730,CUST_1355,2025-05-16 04:42:00,120.74,38.64,5.0,Google Ads,Completed
ORD_13731,CUST_1410,2025-06-24 11:55:00,61.8,19.78,8.54,Meta Ads,Completed
ORD_13732,CUST_1428,2025-06-17 12:51:00,122.29,39.13,5.18,TikTok Ads,Completed
ORD_13733,CUST_1468,2025-02-23 11:01:00,16.58,5.31,7.48,Meta Ads,Completed
ORD_13734,CUST_1461,2025-03-29 22:16:00,59.0,18.88,6.21,Google Ads,Completed
ORD_13735,CUST_1050,2025-04-26 18:20:00,52.95,16.94,5.63,Google Ads,Completed
ORD_13736,CUST_2222,2025-06-17 09:54:00,99.91,31.97,7.7,Organic Search,Completed
ORD_13737,CUST_1139,2025-02-08 05:48:00,114.39,36.6,6.79,TikTok Ads,Completed
ORD_13738,CUST_1799,2025-04-11 13:32:00,99.18,31.74,6.5,TikTok Ads,Completed
ORD_13739,CUST_1288,2025-01-30 21:40:00,88.93,28.46,7.46,Google Ads,Completed
ORD_13740,CUST_2188,2025-02-02 08:50:00,125.91,40.29,6.96,Organic Search,Completed
ORD_13741,CUST_2321,2025-02-18 13:59:00,117.98,37.75,6.02,Meta Ads,Completed
ORD_13742,CUST_2347,2025-05-03 01:47:00,61.08,19.55,7.3,Google Ads,Completed
ORD_13743,CUST_1864,2025-04-30 12:43:00,64.38,20.6,7.85,TikTok Ads,Completed
ORD_13744,CUST_1951,2025-03-17 02:49:00,114.99,36.8,4.63,Meta Ads,Completed
ORD_13745,CUST_1860,2025-01-12 18:44:00,82.03,26.25,6.83,Google Ads,Completed
ORD_13746,CUST_2077,2025-05-10 09:54:00,84.63,27.08,4.79,Google Ads,Completed
ORD_13747,CUST_1713,2025-01-25 12:40:00,89.7,28.7,5.43,Meta Ads,Completed
ORD_13748,CUST_2057,2025-03-03 14:52:00,32.56,10.42,7.3,Meta Ads,Completed
ORD_13749,CUST_1812,2025-03-23 04:36:00,59.77,19.13,8.83,Google Ads,Completed
ORD_13750,CUST_1399,2025-04-03 23:37:00,103.77,33.21,8.91,TikTok Ads,Refunded
ORD_13751,CUST_1139,2025-01-26 14:47:00,59.53,19.05,4.85,Email Retention,Completed
ORD_13752,CUST_1494,2025-06-03 09:07:00,75.09,24.03,6.6,Organic Search,Completed
ORD_13753,CUST_1467,2025-04-28 02:51:00,103.47,33.11,7.42,Google Ads,Completed
ORD_13754,CUST_1073,2025-02-05 02:10:00,129.04,41.29,5.24,TikTok Ads,Completed
ORD_13755,CUST_1148,2025-01-07 17:09:00,135.9,43.49,8.33,Meta Ads,Completed
ORD_13756,CUST_2085,2025-05-11 02:11:00,139.35,44.59,8.22,TikTok Ads,Completed
ORD_13757,CUST_1276,2025-06-14 02:26:00,78.42,25.09,9.02,Meta Ads,Completed
ORD_13758,CUST_1969,2025-04-02 00:52:00,74.67,23.89,4.54,Email Retention,Completed
ORD_13759,CUST_1353,2025-01-15 13:34:00,46.41,14.85,5.58,Meta Ads,Completed
ORD_13760,CUST_2397,2025-03-13 07:36:00,154.65,49.49,8.64,Meta Ads,Completed
ORD_13761,CUST_1816,2025-01-01 20:20:00,73.2,23.42,7.85,Meta Ads,Completed
ORD_13762,CUST_1299,2025-06-14 06:54:00,153.03,48.97,8.97,Google Ads,Completed
ORD_13763,CUST_1560,2025-01-26 04:25:00,95.57,30.58,4.79,Meta Ads,Completed
ORD_13764,CUST_1700,2025-01-22 14:21:00,131.72,42.15,7.48,Organic Search,Completed
ORD_13765,CUST_1056,2025-01-23 19:49:00,80.89,25.88,7.35,TikTok Ads,Completed
ORD_13766,CUST_2071,2025-01-29 14:52:00,108.09,34.59,4.68,TikTok Ads,Completed
ORD_13767,CUST_1663,2025-06-26 05:52:00,133.72,42.79,7.07,Meta Ads,Completed
ORD_13768,CUST_1317,2025-02-24 12:32:00,66.05,21.14,7.55,Meta Ads,Completed
ORD_13769,CUST_2149,2025-01-08 08:47:00,139.68,44.7,5.46,TikTok Ads,Completed
ORD_13770,CUST_1010,2025-06-26 06:12:00,49.57,15.86,5.87,Google Ads,Completed
ORD_13771,CUST_1164,2025-03-25 02:00:00,174.21,55.75,7.7,Organic Search,Completed
ORD_13772,CUST_1628,2025-02-27 18:26:00,89.86,28.76,6.84,Email Retention,Completed
ORD_13773,CUST_1972,2025-04-04 08:10:00,60.22,19.27,8.79,Google Ads,Completed
ORD_13774,CUST_2250,2025-06-03 11:44:00,119.68,38.3,6.21,Google Ads,Completed
ORD_13775,CUST_1575,2025-05-15 00:48:00,97.58,31.23,5.83,Email Retention,Completed
ORD_13776,CUST_2364,2025-02-28 15:16:00,33.5,10.72,9.42,Email Retention,Completed
ORD_13777,CUST_2380,2025-01-16 06:12:00,69.62,22.28,9.06,Meta Ads,Completed
ORD_13778,CUST_1789,2025-04-23 15:41:00,50.77,16.25,4.64,TikTok Ads,Completed
ORD_13779,CUST_1243,2025-05-23 23:04:00,53.0,16.96,8.35,Organic Search,Completed
ORD_13780,CUST_1061,2025-01-28 18:44:00,52.08,16.67,5.05,Meta Ads,Completed
ORD_13781,CUST_2055,2025-03-04 08:38:00,105.8,33.86,4.64,Google Ads,Completed
ORD_13782,CUST_1923,2025-03-06 01:38:00,123.79,39.61,5.87,Meta Ads,Completed
ORD_13783,CUST_1915,2025-03-23 17:36:00,57.59,18.43,5.85,Meta Ads,Completed
ORD_13784,CUST_2004,2025-02-10 09:59:00,28.86,9.24,8.6,TikTok Ads,Completed
ORD_13785,CUST_1307,2025-01-01 03:23:00,21.2,6.78,8.05,Google Ads,Refunded
ORD_13786,CUST_2264,2025-05-13 23:11:00,192.55,61.62,9.41,Google Ads,Completed
ORD_13787,CUST_1031,2025-05-10 19:11:00,90.3,28.9,8.06,Meta Ads,Completed
ORD_13788,CUST_1574,2025-06-04 17:22:00,120.08,38.43,6.59,Meta Ads,Completed
ORD_13789,CUST_1435,2025-06-25 02:50:00,76.63,24.52,7.99,TikTok Ads,Completed
ORD_13790,CUST_2215,2025-02-27 18:24:00,25.52,8.17,9.5,Organic Search,Completed
ORD_13791,CUST_1074,2025-03-12 11:27:00,101.13,32.36,8.05,TikTok Ads,Refunded
ORD_13792,CUST_1666,2025-02-26 05:09:00,165.92,53.09,8.31,Organic Search,Completed
ORD_13793,CUST_2152,2025-06-29 00:56:00,61.83,19.79,9.19,Meta Ads,Completed
ORD_13794,CUST_2260,2025-03-04 19:43:00,23.91,7.65,5.07,Meta Ads,Completed
ORD_13795,CUST_1379,2025-03-21 09:07:00,46.27,14.81,8.02,Meta Ads,Completed
ORD_13796,CUST_1751,2025-06-19 07:39:00,122.68,39.26,8.75,TikTok Ads,Completed
ORD_13797,CUST_1490,2025-01-03 18:23:00,97.24,31.12,9.27,Organic Search,Completed
ORD_13798,CUST_1119,2025-05-27 21:32:00,139.94,44.78,5.55,Google Ads,Completed
ORD_13799,CUST_1654,2025-03-02 02:52:00,84.34,26.99,7.02,Google Ads,Completed
ORD_13800,CUST_1825,2025-02-09 08:01:00,113.52,36.33,7.9,Email Retention,Completed
ORD_13801,CUST_1814,2025-02-22 20:33:00,68.66,21.97,5.74,Meta Ads,Completed
ORD_13802,CUST_1715,2025-01-27 07:17:00,48.11,15.4,7.5,TikTok Ads,Completed
ORD_13803,CUST_1614,2025-02-01 04:01:00,113.67,36.37,5.79,TikTok Ads,Completed
ORD_13804,CUST_1909,2025-06-26 16:04:00,123.58,39.55,6.17,TikTok Ads,Completed
ORD_13805,CUST_1722,2025-05-17 19:58:00,62.53,20.01,6.71,Email Retention,Refunded
ORD_13806,CUST_2188,2025-02-14 18:09:00,159.19,50.94,7.15,Google Ads,Completed
ORD_13807,CUST_1533,2025-01-18 17:01:00,161.18,51.58,6.75,Meta Ads,Completed
ORD_13808,CUST_2347,2025-02-19 15:48:00,52.24,16.72,6.97,Organic Search,Completed
ORD_13809,CUST_2082,2025-02-27 14:05:00,53.44,17.1,5.99,TikTok Ads,Completed
ORD_13810,CUST_1593,2025-05-26 20:09:00,54.68,17.5,5.29,Meta Ads,Completed
ORD_13811,CUST_1819,2025-04-30 08:19:00,79.18,25.34,4.74,Meta Ads,Completed
ORD_13812,CUST_1814,2025-06-01 20:14:00,70.22,22.47,5.48,Google Ads,Completed
ORD_13813,CUST_2105,2025-03-21 20:54:00,42.79,13.69,7.41,Meta Ads,Completed
ORD_13814,CUST_2446,2025-03-28 03:37:00,55.46,17.75,8.43,Meta Ads,Completed
ORD_13815,CUST_1262,2025-06-18 13:02:00,25.82,8.26,5.35,Organic Search,Completed
ORD_13816,CUST_1193,2025-02-28 02:38:00,28.43,9.1,5.04,Google Ads,Completed
ORD_13817,CUST_1821,2025-03-25 16:06:00,38.57,12.34,8.25,TikTok Ads,Completed
ORD_13818,CUST_2401,2025-01-18 07:39:00,187.71,60.07,6.03,Meta Ads,Completed
ORD_13819,CUST_2226,2025-06-12 15:07:00,177.39,56.76,9.26,Meta Ads,Completed
ORD_13820,CUST_2095,2025-06-21 12:59:00,116.63,37.32,8.07,Google Ads,Completed
ORD_13821,CUST_2438,2025-05-14 08:36:00,62.84,20.11,6.13,Google Ads,Completed
ORD_13822,CUST_1688,2025-06-26 14:36:00,38.23,12.23,5.95,Organic Search,Completed
ORD_13823,CUST_1180,2025-06-09 01:56:00,83.52,26.73,7.12,Email Retention,Completed
ORD_13824,CUST_1773,2025-04-26 07:14:00,102.4,32.77,4.9,Meta Ads,Completed
ORD_13825,CUST_1988,2025-04-14 13:48:00,58.06,18.58,5.09,Organic Search,Refunded
ORD_13826,CUST_1995,2025-05-15 18:15:00,99.92,31.97,5.38,Google Ads,Completed
ORD_13827,CUST_1168,2025-04-19 23:59:00,46.05,14.74,8.37,Google Ads,Completed
ORD_13828,CUST_2071,2025-06-27 02:52:00,63.47,20.31,7.07,TikTok Ads,Completed
ORD_13829,CUST_1045,2025-01-26 21:27:00,74.36,23.8,4.55,Meta Ads,Completed
ORD_13830,CUST_1657,2025-04-22 01:56:00,179.78,57.53,7.87,Meta Ads,Refunded
ORD_13831,CUST_1768,2025-03-08 00:20:00,55.07,17.62,6.62,TikTok Ads,Completed
ORD_13832,CUST_2062,2025-03-30 06:38:00,102.17,32.69,7.05,Meta Ads,Completed
ORD_13833,CUST_2275,2025-03-28 03:06:00,225.78,72.25,5.57,TikTok Ads,Completed
ORD_13834,CUST_1197,2025-01-01 01:55:00,50.99,16.32,7.26,Google Ads,Completed
ORD_13835,CUST_2176,2025-02-04 05:55:00,47.53,15.21,9.4,Google Ads,Completed
ORD_13836,CUST_2137,2025-06-03 23:20:00,57.93,18.54,4.87,Google Ads,Completed
ORD_13837,CUST_1538,2025-06-30 04:09:00,84.87,27.16,5.92,TikTok Ads,Completed
ORD_13838,CUST_2274,2025-01-12 00:06:00,168.56,53.94,5.71,Meta Ads,Completed
ORD_13839,CUST_1171,2025-05-21 12:53:00,62.18,19.9,5.74,Meta Ads,Completed
ORD_13840,CUST_1120,2025-05-10 00:15:00,124.01,39.68,6.39,TikTok Ads,Refunded
ORD_13841,CUST_2322,2025-03-19 09:32:00,183.84,58.83,8.59,Google Ads,Completed
ORD_13842,CUST_2080,2025-05-30 14:16:00,94.38,30.2,9.06,Meta Ads,Completed
ORD_13843,CUST_2421,2025-04-14 18:49:00,134.17,42.93,5.51,Meta Ads,Completed
ORD_13844,CUST_1744,2025-06-08 11:19:00,56.4,18.05,7.21,Email Retention,Refunded
ORD_13845,CUST_1316,2025-01-29 04:05:00,100.93,32.3,7.68,TikTok Ads,Completed
ORD_13846,CUST_1970,2025-03-25 13:38:00,112.68,36.06,7.11,TikTok Ads,Completed
ORD_13847,CUST_1856,2025-04-09 20:38:00,41.75,13.36,6.67,Meta Ads,Completed
ORD_13848,CUST_1692,2025-06-24 01:36:00,53.67,17.17,5.46,Google Ads,Completed
ORD_13849,CUST_1616,2025-03-17 04:23:00,72.84,23.31,6.94,Google Ads,Completed
ORD_13850,CUST_1903,2025-05-18 04:36:00,35.28,11.29,6.51,TikTok Ads,Completed
ORD_13851,CUST_1573,2025-03-09 05:03:00,58.72,18.79,8.48,Meta Ads,Completed
ORD_13852,CUST_1301,2025-02-27 02:01:00,76.86,24.6,8.32,Meta Ads,Completed
ORD_13853,CUST_2127,2025-03-16 05:09:00,38.68,12.38,5.17,Meta Ads,Completed
ORD_13854,CUST_1441,2025-02-07 07:44:00,175.59,56.19,4.94,Google Ads,Completed
ORD_13855,CUST_1764,2025-06-13 20:35:00,129.76,41.52,9.04,TikTok Ads,Completed
ORD_13856,CUST_1400,2025-01-29 08:46:00,309.51,99.04,7.18,Meta Ads,Completed
ORD_13857,CUST_1213,2025-01-29 21:23:00,44.31,14.18,8.79,Meta Ads,Completed
ORD_13858,CUST_2167,2025-02-07 15:35:00,102.73,32.87,4.79,Google Ads,Completed
ORD_13859,CUST_2212,2025-01-28 01:33:00,58.99,18.88,7.13,Meta Ads,Completed
ORD_13860,CUST_2440,2025-04-26 19:36:00,47.39,15.16,7.2,Email Retention,Completed
ORD_13861,CUST_2088,2025-01-30 21:10:00,126.46,40.47,8.8,TikTok Ads,Completed
ORD_13862,CUST_1091,2025-06-01 10:18:00,86.16,27.57,4.99,Meta Ads,Completed
ORD_13863,CUST_2437,2025-06-15 18:20:00,70.52,22.57,5.7,Google Ads,Completed
ORD_13864,CUST_1238,2025-01-02 02:42:00,95.69,30.62,6.53,Meta Ads,Completed
ORD_13865,CUST_2200,2025-05-08 08:56:00,54.81,17.54,8.83,Email Retention,Completed
ORD_13866,CUST_2012,2025-04-29 03:34:00,53.91,17.25,9.19,TikTok Ads,Completed
ORD_13867,CUST_1784,2025-02-02 03:15:00,60.03,19.21,9.46,Google Ads,Completed
ORD_13868,CUST_1824,2025-02-14 04:15:00,137.84,44.11,9.3,Organic Search,Completed
ORD_13869,CUST_1884,2025-06-14 07:06:00,132.79,42.49,4.53,Meta Ads,Completed
ORD_13870,CUST_2013,2025-03-18 06:40:00,43.26,13.84,4.74,Google Ads,Completed
ORD_13871,CUST_1412,2025-05-11 05:04:00,172.13,55.08,5.24,TikTok Ads,Completed
ORD_13872,CUST_2068,2025-02-05 21:36:00,82.78,26.49,6.24,Meta Ads,Completed
ORD_13873,CUST_2311,2025-01-30 00:33:00,101.96,32.63,8.65,Meta Ads,Completed
ORD_13874,CUST_1804,2025-06-19 16:56:00,59.09,18.91,8.96,Meta Ads,Completed
ORD_13875,CUST_2064,2025-01-13 22:46:00,84.82,27.14,5.43,Organic Search,Refunded
ORD_13876,CUST_2216,2025-03-07 20:14:00,47.25,15.12,7.6,TikTok Ads,Completed
ORD_13877,CUST_2168,2025-04-02 05:20:00,57.1,18.27,9.09,Meta Ads,Refunded
ORD_13878,CUST_1092,2025-04-30 08:13:00,121.73,38.95,6.82,TikTok Ads,Completed
ORD_13879,CUST_1791,2025-01-05 11:33:00,123.02,39.37,5.02,Meta Ads,Completed
ORD_13880,CUST_1530,2025-02-20 20:41:00,104.11,33.32,6.79,Meta Ads,Completed
ORD_13881,CUST_2407,2025-05-07 00:28:00,68.38,21.88,6.38,Meta Ads,Completed
ORD_13882,CUST_1243,2025-04-26 13:19:00,42.88,13.72,7.39,TikTok Ads,Completed
ORD_13883,CUST_1519,2025-04-03 11:37:00,145.37,46.52,6.69,Email Retention,Completed
ORD_13884,CUST_2075,2025-05-02 16:26:00,127.15,40.69,4.59,Meta Ads,Completed
ORD_13885,CUST_1262,2025-04-28 20:47:00,30.87,9.88,9.47,Meta Ads,Completed
ORD_13886,CUST_1873,2025-04-08 14:41:00,123.99,39.68,7.22,Meta Ads,Refunded
ORD_13887,CUST_1057,2025-06-19 11:49:00,70.5,22.56,6.87,Meta Ads,Completed
ORD_13888,CUST_1510,2025-01-03 09:52:00,114.39,36.6,9.27,TikTok Ads,Refunded
ORD_13889,CUST_1703,2025-05-06 21:51:00,38.94,12.46,5.28,Google Ads,Completed
ORD_13890,CUST_1118,2025-04-15 04:02:00,60.6,19.39,5.45,Meta Ads,Completed
ORD_13891,CUST_1514,2025-02-26 01:46:00,87.73,28.07,8.54,Meta Ads,Completed
ORD_13892,CUST_2435,2025-03-11 21:11:00,175.62,56.2,5.8,Meta Ads,Completed
ORD_13893,CUST_2267,2025-02-10 15:57:00,236.23,75.59,8.5,Meta Ads,Refunded
ORD_13894,CUST_2280,2025-05-06 08:06:00,87.83,28.11,5.86,Meta Ads,Completed
ORD_13895,CUST_1365,2025-06-12 10:43:00,135.33,43.31,4.67,Meta Ads,Completed
ORD_13896,CUST_1563,2025-04-18 13:00:00,93.35,29.87,7.09,Meta Ads,Completed
ORD_13897,CUST_2221,2025-04-03 07:33:00,91.82,29.38,5.48,Google Ads,Completed
ORD_13898,CUST_1479,2025-03-19 07:17:00,106.68,34.14,8.29,Meta Ads,Completed
ORD_13899,CUST_2077,2025-02-15 16:13:00,81.75,26.16,7.71,Meta Ads,Completed
ORD_13900,CUST_1218,2025-06-02 17:41:00,120.41,38.53,9.12,TikTok Ads,Refunded
ORD_13901,CUST_2008,2025-03-26 01:36:00,48.99,15.68,8.41,TikTok Ads,Refunded
ORD_13902,CUST_2193,2025-05-27 18:56:00,82.01,26.24,5.4,TikTok Ads,Completed
ORD_13903,CUST_2233,2025-04-25 00:06:00,182.44,58.38,8.5,Organic Search,Completed
ORD_13904,CUST_2067,2025-02-15 06:26:00,137.88,44.12,7.71,Meta Ads,Completed
ORD_13905,CUST_2295,2025-05-29 03:29:00,97.11,31.08,7.84,TikTok Ads,Completed
ORD_13906,CUST_1572,2025-06-14 11:55:00,129.31,41.38,8.66,Meta Ads,Completed
ORD_13907,CUST_1934,2025-05-25 13:00:00,160.45,51.34,7.37,Email Retention,Completed
ORD_13908,CUST_2048,2025-02-05 17:49:00,28.67,9.17,6.83,Email Retention,Completed
ORD_13909,CUST_1278,2025-05-17 14:12:00,73.69,23.58,7.68,TikTok Ads,Completed
ORD_13910,CUST_1140,2025-04-05 16:34:00,60.49,19.36,5.99,Meta Ads,Completed
ORD_13911,CUST_1496,2025-06-25 23:39:00,40.42,12.93,5.41,Meta Ads,Completed
ORD_13912,CUST_2448,2025-06-25 17:01:00,194.37,62.2,7.58,Meta Ads,Completed
ORD_13913,CUST_1971,2025-03-08 12:42:00,109.0,34.88,5.67,Meta Ads,Completed
ORD_13914,CUST_1159,2025-06-11 23:10:00,127.25,40.72,4.9,Google Ads,Completed
ORD_13915,CUST_1869,2025-05-16 21:46:00,61.78,19.77,4.5,Google Ads,Completed
ORD_13916,CUST_2133,2025-01-09 00:59:00,72.94,23.34,7.54,Meta Ads,Completed
ORD_13917,CUST_1415,2025-05-25 21:45:00,83.8,26.82,6.31,Email Retention,Completed
ORD_13918,CUST_2474,2025-02-21 03:00:00,100.48,32.15,8.26,Email Retention,Completed
ORD_13919,CUST_1475,2025-04-13 15:52:00,118.38,37.88,6.38,Google Ads,Completed
ORD_13920,CUST_2410,2025-03-17 14:59:00,32.1,10.27,6.93,Organic Search,Completed
ORD_13921,CUST_1362,2025-05-31 03:43:00,114.97,36.79,6.54,Meta Ads,Completed
ORD_13922,CUST_1403,2025-04-27 15:21:00,75.24,24.08,7.75,Meta Ads,Completed
ORD_13923,CUST_1489,2025-03-21 17:31:00,163.32,52.26,6.28,Meta Ads,Completed
ORD_13924,CUST_1928,2025-06-15 18:30:00,148.38,47.48,9.32,Email Retention,Completed
ORD_13925,CUST_1719,2025-03-07 16:18:00,95.85,30.67,9.18,Google Ads,Completed
ORD_13926,CUST_1386,2025-03-06 12:58:00,85.26,27.28,8.74,Meta Ads,Completed
ORD_13927,CUST_1695,2025-02-13 08:45:00,72.55,23.22,9.1,Meta Ads,Completed
ORD_13928,CUST_2199,2025-02-03 17:46:00,100.75,32.24,6.75,Google Ads,Completed
ORD_13929,CUST_2056,2025-02-02 01:12:00,144.83,46.35,7.18,Organic Search,Completed
ORD_13930,CUST_1589,2025-01-18 20:24:00,86.16,27.57,8.21,TikTok Ads,Completed
ORD_13931,CUST_1915,2025-03-18 16:51:00,64.16,20.53,7.98,Meta Ads,Completed
ORD_13932,CUST_1382,2025-03-14 07:41:00,85.28,27.29,8.95,Email Retention,Completed
ORD_13933,CUST_2141,2025-01-20 18:13:00,96.66,30.93,8.08,Meta Ads,Completed
ORD_13934,CUST_2365,2025-01-14 14:21:00,47.35,15.15,9.49,TikTok Ads,Completed
ORD_13935,CUST_1133,2025-01-19 04:37:00,41.34,13.23,6.24,Meta Ads,Completed
ORD_13936,CUST_2345,2025-02-26 20:38:00,64.97,20.79,8.66,Organic Search,Completed
ORD_13937,CUST_1397,2025-04-12 16:08:00,163.16,52.21,7.99,Meta Ads,Completed
ORD_13938,CUST_2290,2025-04-20 16:38:00,141.15,45.17,7.96,Email Retention,Completed
ORD_13939,CUST_1196,2025-04-24 04:19:00,36.51,11.68,6.13,Google Ads,Completed
ORD_13940,CUST_1976,2025-02-06 13:35:00,52.71,16.87,8.43,Meta Ads,Completed
ORD_13941,CUST_2463,2025-06-13 16:22:00,117.46,37.59,9.0,Meta Ads,Completed
ORD_13942,CUST_1840,2025-04-22 02:25:00,68.91,22.05,5.59,Google Ads,Completed
ORD_13943,CUST_1776,2025-01-14 10:22:00,103.22,33.03,7.63,TikTok Ads,Completed
ORD_13944,CUST_2078,2025-02-27 20:45:00,37.62,12.04,6.46,Google Ads,Completed
ORD_13945,CUST_1257,2025-04-17 13:30:00,84.47,27.03,9.45,Meta Ads,Completed
ORD_13946,CUST_2424,2025-06-05 16:06:00,80.44,25.74,6.89,Meta Ads,Completed
ORD_13947,CUST_1987,2025-05-17 23:27:00,127.53,40.81,5.64,Meta Ads,Completed
ORD_13948,CUST_1234,2025-03-24 18:44:00,100.49,32.16,6.41,Meta Ads,Completed
ORD_13949,CUST_1018,2025-02-16 01:03:00,89.68,28.7,7.77,Google Ads,Completed
ORD_13950,CUST_1380,2025-05-01 21:25:00,33.17,10.61,4.88,Organic Search,Completed
ORD_13951,CUST_1877,2025-01-25 16:01:00,185.13,59.24,7.52,Organic Search,Completed
ORD_13952,CUST_1203,2025-02-02 16:40:00,113.64,36.36,9.16,Google Ads,Completed
ORD_13953,CUST_2262,2025-03-21 16:10:00,59.27,18.97,8.75,Google Ads,Completed
ORD_13954,CUST_2227,2025-01-18 23:47:00,88.64,28.36,4.84,Meta Ads,Refunded
ORD_13955,CUST_1899,2025-01-08 03:25:00,69.92,22.37,9.47,Google Ads,Completed
ORD_13956,CUST_1596,2025-06-05 16:43:00,76.25,24.4,7.99,Meta Ads,Completed
ORD_13957,CUST_1356,2025-02-21 08:33:00,140.15,44.85,5.31,Email Retention,Refunded
ORD_13958,CUST_2216,2025-03-21 15:50:00,52.59,16.83,4.56,Google Ads,Refunded
ORD_13959,CUST_1361,2025-04-13 17:42:00,115.79,37.05,5.36,Meta Ads,Completed
ORD_13960,CUST_1336,2025-06-24 11:39:00,142.83,45.71,8.69,Google Ads,Completed
ORD_13961,CUST_1470,2025-05-08 13:10:00,107.65,34.45,4.61,Google Ads,Completed
ORD_13962,CUST_2450,2025-02-02 00:03:00,78.06,24.98,5.67,Meta Ads,Completed
ORD_13963,CUST_2012,2025-03-02 20:47:00,57.19,18.3,8.29,Meta Ads,Completed
ORD_13964,CUST_1171,2025-01-17 09:56:00,61.12,19.56,7.43,Google Ads,Completed
ORD_13965,CUST_1729,2025-01-24 02:58:00,89.48,28.63,8.41,TikTok Ads,Completed
ORD_13966,CUST_1731,2025-05-18 13:03:00,86.08,27.55,8.23,TikTok Ads,Completed
ORD_13967,CUST_1458,2025-03-01 20:12:00,122.34,39.15,4.75,Meta Ads,Completed
ORD_13968,CUST_1739,2025-02-08 22:39:00,39.05,12.5,8.96,Google Ads,Completed
ORD_13969,CUST_1932,2025-03-03 23:46:00,139.36,44.6,5.64,Meta Ads,Completed
ORD_13970,CUST_2464,2025-04-11 09:29:00,239.65,76.69,7.27,Meta Ads,Completed
ORD_13971,CUST_1701,2025-01-10 04:19:00,81.55,26.1,7.72,Meta Ads,Completed
ORD_13972,CUST_1469,2025-05-02 11:07:00,75.73,24.23,5.34,Meta Ads,Completed
ORD_13973,CUST_1482,2025-01-31 11:15:00,79.14,25.32,9.38,Meta Ads,Refunded
ORD_13974,CUST_1810,2025-03-01 16:22:00,88.05,28.18,6.94,Meta Ads,Completed
ORD_13975,CUST_1100,2025-02-17 08:18:00,72.94,23.34,4.79,Google Ads,Completed
ORD_13976,CUST_1502,2025-03-17 21:40:00,28.99,9.28,9.19,Meta Ads,Completed
ORD_13977,CUST_2071,2025-05-14 14:10:00,78.32,25.06,7.43,Organic Search,Refunded
ORD_13978,CUST_1801,2025-02-23 01:00:00,51.38,16.44,8.0,Meta Ads,Completed
ORD_13979,CUST_1003,2025-06-05 16:35:00,90.51,28.96,7.13,TikTok Ads,Completed
ORD_13980,CUST_1085,2025-06-24 04:53:00,146.16,46.77,8.67,Google Ads,Refunded
ORD_13981,CUST_1543,2025-01-03 05:31:00,52.25,16.72,4.67,TikTok Ads,Completed
ORD_13982,CUST_1196,2025-03-20 08:43:00,172.28,55.13,5.84,Meta Ads,Completed
ORD_13983,CUST_2042,2025-02-25 20:51:00,70.59,22.59,6.85,Google Ads,Completed
ORD_13984,CUST_2074,2025-04-24 19:14:00,55.37,17.72,4.88,Meta Ads,Completed
ORD_13985,CUST_1861,2025-02-15 02:18:00,113.66,36.37,8.03,Google Ads,Completed
ORD_13986,CUST_1028,2025-02-13 01:02:00,66.76,21.36,6.47,Meta Ads,Completed
ORD_13987,CUST_1558,2025-01-18 15:23:00,82.28,26.33,5.86,Organic Search,Completed
ORD_13988,CUST_1504,2025-04-29 23:17:00,84.9,27.17,4.52,Meta Ads,Completed
ORD_13989,CUST_1763,2025-04-26 05:21:00,110.72,35.43,8.1,Email Retention,Completed
ORD_13990,CUST_2301,2025-06-25 02:03:00,81.14,25.96,8.67,Meta Ads,Completed
ORD_13991,CUST_1426,2025-01-02 02:06:00,77.03,24.65,6.48,Meta Ads,Refunded
ORD_13992,CUST_1165,2025-06-27 14:42:00,69.72,22.31,7.32,Meta Ads,Completed
ORD_13993,CUST_2257,2025-02-01 17:05:00,105.71,33.83,5.64,Google Ads,Completed
ORD_13994,CUST_1483,2025-01-05 23:19:00,65.1,20.83,7.61,Meta Ads,Completed
ORD_13995,CUST_1491,2025-06-22 16:52:00,148.36,47.48,4.56,Meta Ads,Completed
ORD_13996,CUST_1485,2025-03-13 03:28:00,85.34,27.31,6.94,Organic Search,Completed
ORD_13997,CUST_2370,2025-06-18 02:22:00,34.13,10.92,7.72,Organic Search,Completed
ORD_13998,CUST_1872,2025-02-26 12:52:00,96.63,30.92,9.09,Meta Ads,Completed
ORD_13999,CUST_1884,2025-03-23 09:54:00,103.89,33.24,6.41,Meta Ads,Completed
ORD_14000,CUST_1718,2025-02-19 00:59:00,149.12,47.72,8.33,Meta Ads,Completed
ORD_14001,CUST_2403,2025-06-27 11:47:00,58.46,18.71,7.49,Email Retention,Refunded
ORD_14002,CUST_1391,2025-03-16 17:33:00,54.31,17.38,9.14,Google Ads,Completed
ORD_14003,CUST_1323,2025-01-03 22:52:00,112.39,35.96,6.49,TikTok Ads,Completed
ORD_14004,CUST_2021,2025-01-24 17:30:00,138.08,44.19,6.1,Meta Ads,Completed
ORD_14005,CUST_2310,2025-04-10 20:47:00,57.32,18.34,8.94,Google Ads,Completed
ORD_14006,CUST_1971,2025-03-25 02:18:00,95.04,30.41,4.75,Google Ads,Completed
ORD_14007,CUST_2255,2025-02-24 00:46:00,81.79,26.17,5.18,Google Ads,Completed
ORD_14008,CUST_2431,2025-06-02 06:41:00,58.31,18.66,4.91,TikTok Ads,Refunded
ORD_14009,CUST_1419,2025-01-08 20:19:00,79.57,25.46,8.72,Meta Ads,Completed
ORD_14010,CUST_2364,2025-02-16 19:13:00,133.66,42.77,4.55,Google Ads,Completed
ORD_14011,CUST_2066,2025-01-21 03:24:00,85.51,27.36,8.81,Email Retention,Completed
ORD_14012,CUST_1707,2025-04-13 05:23:00,77.62,24.84,6.76,TikTok Ads,Completed
ORD_14013,CUST_2276,2025-05-12 12:02:00,109.73,35.11,4.52,Google Ads,Completed
ORD_14014,CUST_1159,2025-01-13 20:57:00,139.13,44.52,6.51,Email Retention,Completed
ORD_14015,CUST_1141,2025-03-06 11:16:00,51.79,16.57,5.43,Meta Ads,Completed
ORD_14016,CUST_1530,2025-03-16 07:37:00,96.83,30.99,7.62,Google Ads,Completed
ORD_14017,CUST_2367,2025-06-25 15:06:00,70.8,22.66,7.9,Meta Ads,Completed
ORD_14018,CUST_1583,2025-03-19 21:32:00,85.68,27.42,6.94,TikTok Ads,Completed
ORD_14019,CUST_1789,2025-03-08 17:30:00,113.64,36.36,4.7,Organic Search,Completed
ORD_14020,CUST_1727,2025-01-04 16:44:00,73.46,23.51,7.78,Google Ads,Completed
ORD_14021,CUST_1846,2025-02-09 11:09:00,80.86,25.88,8.71,TikTok Ads,Completed
ORD_14022,CUST_1712,2025-05-01 10:45:00,128.74,41.2,8.1,Meta Ads,Completed
ORD_14023,CUST_2396,2025-01-05 18:20:00,102.75,32.88,8.65,Organic Search,Refunded
ORD_14024,CUST_2102,2025-04-05 19:49:00,80.01,25.6,5.5,TikTok Ads,Completed
ORD_14025,CUST_1065,2025-03-22 08:43:00,89.55,28.66,8.94,TikTok Ads,Completed
ORD_14026,CUST_1251,2025-06-07 20:03:00,86.55,27.7,6.11,TikTok Ads,Completed
ORD_14027,CUST_1608,2025-02-11 23:30:00,32.8,10.5,4.57,Meta Ads,Completed
ORD_14028,CUST_1359,2025-01-01 04:37:00,90.25,28.88,8.72,Meta Ads,Completed
ORD_14029,CUST_2160,2025-03-28 15:42:00,43.65,13.97,9.21,Meta Ads,Completed
ORD_14030,CUST_1554,2025-01-08 01:20:00,137.37,43.96,7.78,TikTok Ads,Completed
ORD_14031,CUST_1424,2025-02-22 21:12:00,43.14,13.8,5.66,TikTok Ads,Completed
ORD_14032,CUST_1340,2025-06-08 13:03:00,69.15,22.13,5.76,Meta Ads,Completed
ORD_14033,CUST_1890,2025-05-20 07:15:00,63.04,20.17,6.83,Meta Ads,Completed
ORD_14034,CUST_1385,2025-04-25 20:45:00,160.15,51.25,8.99,Meta Ads,Completed
ORD_14035,CUST_1710,2025-02-23 01:00:00,134.8,43.14,5.25,Organic Search,Completed
ORD_14036,CUST_2223,2025-06-07 16:27:00,22.96,7.35,8.63,Google Ads,Completed
ORD_14037,CUST_1754,2025-03-30 01:55:00,83.53,26.73,5.96,Email Retention,Refunded
ORD_14038,CUST_1821,2025-05-22 19:17:00,47.52,15.21,8.54,Meta Ads,Completed
ORD_14039,CUST_1828,2025-05-09 01:05:00,90.4,28.93,9.1,Google Ads,Completed
ORD_14040,CUST_1843,2025-06-06 01:24:00,112.47,35.99,6.64,Meta Ads,Completed
ORD_14041,CUST_1090,2025-06-03 17:08:00,93.9,30.05,6.33,Organic Search,Completed
ORD_14042,CUST_1199,2025-03-24 04:09:00,115.55,36.98,8.51,Meta Ads,Refunded
ORD_14043,CUST_2119,2025-02-02 13:56:00,74.4,23.81,7.15,Google Ads,Completed
ORD_14044,CUST_1721,2025-03-18 20:25:00,95.26,30.48,7.92,Google Ads,Completed
ORD_14045,CUST_2442,2025-03-13 06:56:00,113.7,36.38,7.61,Email Retention,Completed
ORD_14046,CUST_1308,2025-05-11 08:10:00,67.9,21.73,5.26,Meta Ads,Completed
ORD_14047,CUST_1052,2025-01-19 12:13:00,54.98,17.59,8.72,Google Ads,Completed
ORD_14048,CUST_1767,2025-02-27 12:54:00,61.39,19.64,5.48,Meta Ads,Completed
ORD_14049,CUST_2184,2025-01-24 02:08:00,79.51,25.44,9.16,Meta Ads,Completed
ORD_14050,CUST_1508,2025-06-24 05:13:00,84.59,27.07,5.75,Email Retention,Completed
ORD_14051,CUST_2124,2025-01-24 14:00:00,97.77,31.29,8.17,TikTok Ads,Completed
ORD_14052,CUST_1523,2025-03-05 01:59:00,58.48,18.71,5.92,Meta Ads,Completed
ORD_14053,CUST_1862,2025-04-08 10:49:00,115.18,36.86,6.09,Organic Search,Completed
ORD_14054,CUST_1529,2025-03-26 11:13:00,176.49,56.48,6.05,Email Retention,Completed
ORD_14055,CUST_2022,2025-06-25 00:49:00,63.26,20.24,8.24,Meta Ads,Completed
ORD_14056,CUST_1606,2025-01-02 21:43:00,220.0,70.4,7.28,Meta Ads,Completed
ORD_14057,CUST_2204,2025-03-07 17:25:00,187.15,59.89,8.91,Email Retention,Completed
ORD_14058,CUST_1816,2025-06-12 12:45:00,84.46,27.03,6.04,Google Ads,Completed
ORD_14059,CUST_2392,2025-06-07 09:07:00,78.41,25.09,7.96,Google Ads,Refunded
ORD_14060,CUST_1951,2025-04-24 01:37:00,60.97,19.51,8.26,TikTok Ads,Completed
ORD_14061,CUST_1974,2025-03-17 17:53:00,122.77,39.29,5.26,Meta Ads,Completed
ORD_14062,CUST_1544,2025-05-07 04:41:00,87.09,27.87,6.5,Meta Ads,Completed
ORD_14063,CUST_2489,2025-06-30 09:12:00,91.32,29.22,6.91,Google Ads,Completed
ORD_14064,CUST_2043,2025-05-11 19:17:00,55.56,17.78,6.28,Meta Ads,Refunded
ORD_14065,CUST_2111,2025-01-25 22:56:00,124.33,39.79,6.11,Meta Ads,Completed
ORD_14066,CUST_2012,2025-02-25 05:52:00,75.52,24.17,7.93,Meta Ads,Completed
ORD_14067,CUST_1529,2025-02-10 02:32:00,49.3,15.78,5.58,Organic Search,Completed
ORD_14068,CUST_1504,2025-06-26 10:29:00,81.41,26.05,8.05,Organic Search,Completed
ORD_14069,CUST_1593,2025-02-06 17:27:00,57.33,18.35,9.18,Meta Ads,Completed
ORD_14070,CUST_2381,2025-01-08 01:57:00,149.22,47.75,7.33,Email Retention,Completed
ORD_14071,CUST_2410,2025-01-21 07:46:00,186.04,59.53,7.56,Meta Ads,Completed
ORD_14072,CUST_1317,2025-03-10 19:02:00,82.49,26.4,4.84,Organic Search,Refunded
ORD_14073,CUST_1086,2025-03-19 11:29:00,133.13,42.6,8.82,Meta Ads,Completed
ORD_14074,CUST_1396,2025-02-09 09:36:00,131.66,42.13,5.93,TikTok Ads,Completed
ORD_14075,CUST_2102,2025-06-11 00:01:00,13.53,4.33,7.58,Meta Ads,Completed
ORD_14076,CUST_1784,2025-02-15 05:48:00,61.44,19.66,9.4,TikTok Ads,Completed
ORD_14077,CUST_2448,2025-03-15 21:49:00,88.84,28.43,7.48,Email Retention,Completed
ORD_14078,CUST_1890,2025-02-08 19:07:00,68.74,22.0,8.12,Meta Ads,Completed
ORD_14079,CUST_1163,2025-01-26 21:56:00,59.14,18.92,6.73,Meta Ads,Completed
ORD_14080,CUST_1179,2025-01-28 13:34:00,135.59,43.39,4.8,Organic Search,Completed
ORD_14081,CUST_1880,2025-05-01 17:12:00,67.46,21.59,8.49,TikTok Ads,Completed
ORD_14082,CUST_1655,2025-04-01 21:09:00,97.88,31.32,4.67,Google Ads,Completed
ORD_14083,CUST_2479,2025-04-04 04:12:00,130.32,41.7,8.0,Meta Ads,Completed
ORD_14084,CUST_2339,2025-06-04 11:57:00,153.15,49.01,4.61,Meta Ads,Completed
ORD_14085,CUST_1104,2025-01-04 23:43:00,49.42,15.81,8.81,Email Retention,Completed
ORD_14086,CUST_2349,2025-06-20 04:25:00,51.58,16.51,5.29,Google Ads,Completed
ORD_14087,CUST_1969,2025-01-27 19:58:00,93.01,29.76,7.07,Email Retention,Completed
ORD_14088,CUST_1603,2025-06-07 16:11:00,28.77,9.21,7.49,Organic Search,Completed
ORD_14089,CUST_1068,2025-05-03 18:18:00,52.83,16.91,6.79,Meta Ads,Completed
ORD_14090,CUST_1211,2025-06-08 01:15:00,142.22,45.51,6.2,Organic Search,Completed
ORD_14091,CUST_1820,2025-05-17 14:14:00,111.21,35.59,6.84,Meta Ads,Completed
ORD_14092,CUST_1110,2025-06-04 20:57:00,79.51,25.44,6.06,Organic Search,Completed
ORD_14093,CUST_1478,2025-06-19 16:15:00,103.84,33.23,6.69,TikTok Ads,Completed
ORD_14094,CUST_2271,2025-04-09 15:38:00,114.63,36.68,6.29,Email Retention,Completed
ORD_14095,CUST_1537,2025-03-30 23:51:00,41.06,13.14,7.33,Email Retention,Completed
ORD_14096,CUST_2307,2025-03-09 20:53:00,66.9,21.41,5.69,TikTok Ads,Completed
ORD_14097,CUST_1557,2025-05-04 07:41:00,213.91,68.45,9.44,Email Retention,Completed
ORD_14098,CUST_1384,2025-01-14 21:51:00,150.78,48.25,7.0,Google Ads,Completed
ORD_14099,CUST_1793,2025-01-14 22:30:00,93.76,30.0,5.47,TikTok Ads,Completed
ORD_14100,CUST_1730,2025-01-19 08:57:00,96.27,30.81,6.89,Meta Ads,Completed
ORD_14101,CUST_2440,2025-01-22 10:55:00,82.59,26.43,8.83,Meta Ads,Completed
ORD_14102,CUST_1245,2025-04-02 20:30:00,32.93,10.54,4.61,Google Ads,Completed
ORD_14103,CUST_1984,2025-03-27 20:06:00,62.77,20.09,7.9,Google Ads,Completed
ORD_14104,CUST_1734,2025-01-08 12:04:00,101.06,32.34,7.24,Email Retention,Completed
ORD_14105,CUST_1102,2025-06-23 13:00:00,67.65,21.65,5.35,Meta Ads,Completed
ORD_14106,CUST_2348,2025-02-18 19:01:00,50.31,16.1,8.59,Google Ads,Completed
ORD_14107,CUST_2230,2025-01-27 02:23:00,53.63,17.16,6.34,Meta Ads,Completed
ORD_14108,CUST_1968,2025-04-22 13:03:00,152.17,48.69,5.97,Meta Ads,Completed
ORD_14109,CUST_1347,2025-01-08 20:19:00,65.92,21.09,8.64,Email Retention,Completed
ORD_14110,CUST_2038,2025-03-20 15:57:00,138.68,44.38,7.69,Email Retention,Completed
ORD_14111,CUST_1573,2025-04-14 19:13:00,96.48,30.87,8.99,Meta Ads,Completed
ORD_14112,CUST_2243,2025-06-30 15:13:00,75.33,24.11,7.65,Google Ads,Completed
ORD_14113,CUST_1266,2025-04-09 19:44:00,57.79,18.49,8.2,Meta Ads,Completed
ORD_14114,CUST_1541,2025-01-14 15:42:00,112.54,36.01,8.68,Email Retention,Completed
ORD_14115,CUST_1297,2025-01-12 03:08:00,131.17,41.97,4.77,Meta Ads,Completed
ORD_14116,CUST_1799,2025-02-26 21:36:00,117.36,37.56,8.38,TikTok Ads,Completed
ORD_14117,CUST_1045,2025-02-25 17:27:00,43.26,13.84,7.57,Organic Search,Completed
ORD_14118,CUST_1998,2025-05-22 21:18:00,65.84,21.07,4.85,TikTok Ads,Completed
ORD_14119,CUST_2106,2025-01-27 11:24:00,69.61,22.28,7.04,Meta Ads,Completed
ORD_14120,CUST_1947,2025-06-01 23:52:00,29.48,9.43,4.91,Meta Ads,Completed
ORD_14121,CUST_1055,2025-01-23 21:22:00,103.38,33.08,8.18,Google Ads,Completed
ORD_14122,CUST_2174,2025-04-16 09:09:00,109.98,35.19,7.23,Google Ads,Completed
ORD_14123,CUST_1243,2025-01-05 08:37:00,108.28,34.65,9.27,Meta Ads,Completed
ORD_14124,CUST_2385,2025-01-08 20:21:00,100.4,32.13,5.42,Google Ads,Completed
ORD_14125,CUST_1288,2025-01-01 04:27:00,72.42,23.17,7.53,Meta Ads,Completed
ORD_14126,CUST_1992,2025-03-05 03:41:00,56.69,18.14,5.56,Meta Ads,Completed
ORD_14127,CUST_1656,2025-05-04 21:24:00,72.3,23.14,7.57,Google Ads,Completed
ORD_14128,CUST_1695,2025-03-17 10:42:00,96.83,30.99,8.11,Email Retention,Completed
ORD_14129,CUST_2305,2025-03-24 21:18:00,144.41,46.21,8.11,Organic Search,Completed
ORD_14130,CUST_2136,2025-03-26 00:23:00,87.07,27.86,8.58,TikTok Ads,Completed
ORD_14131,CUST_2430,2025-05-13 17:30:00,85.73,27.43,8.77,Meta Ads,Completed
ORD_14132,CUST_1452,2025-04-20 15:52:00,30.93,9.9,4.89,Organic Search,Completed
ORD_14133,CUST_1520,2025-03-08 06:52:00,99.72,31.91,6.22,Google Ads,Completed
ORD_14134,CUST_1670,2025-06-06 03:40:00,149.07,47.7,7.94,Organic Search,Completed
ORD_14135,CUST_1187,2025-06-07 22:54:00,79.8,25.54,6.99,Google Ads,Completed
ORD_14136,CUST_1160,2025-06-23 19:30:00,77.04,24.65,5.45,Meta Ads,Completed
ORD_14137,CUST_1082,2025-03-05 23:55:00,70.23,22.47,7.26,Google Ads,Completed
ORD_14138,CUST_1397,2025-03-14 20:48:00,114.24,36.56,6.54,Email Retention,Completed
ORD_14139,CUST_1788,2025-05-17 03:01:00,30.15,9.65,6.45,Meta Ads,Completed
ORD_14140,CUST_1207,2025-01-07 01:06:00,138.74,44.4,8.55,Organic Search,Completed
ORD_14141,CUST_1019,2025-04-04 10:14:00,75.48,24.15,6.54,TikTok Ads,Completed
ORD_14142,CUST_1907,2025-01-25 23:12:00,100.53,32.17,4.63,Email Retention,Completed
ORD_14143,CUST_2193,2025-06-28 19:02:00,118.23,37.83,4.79,Meta Ads,Completed
ORD_14144,CUST_1226,2025-06-21 05:26:00,53.3,17.06,8.78,Google Ads,Completed
ORD_14145,CUST_1204,2025-06-10 19:43:00,83.23,26.63,9.3,Meta Ads,Completed
ORD_14146,CUST_1708,2025-03-04 22:16:00,74.73,23.91,7.94,TikTok Ads,Completed
ORD_14147,CUST_2219,2025-04-17 02:30:00,47.17,15.09,6.32,Meta Ads,Completed
ORD_14148,CUST_2268,2025-06-14 14:52:00,130.71,41.83,9.19,Meta Ads,Completed
ORD_14149,CUST_1682,2025-04-20 14:40:00,71.93,23.02,7.81,Organic Search,Completed
ORD_14150,CUST_2222,2025-04-19 04:46:00,46.2,14.78,8.72,Meta Ads,Completed
ORD_14151,CUST_1870,2025-05-13 00:09:00,85.55,27.38,8.33,Email Retention,Completed
ORD_14152,CUST_1266,2025-03-04 07:49:00,39.93,12.78,6.4,Organic Search,Completed
ORD_14153,CUST_1231,2025-04-04 11:41:00,67.66,21.65,6.89,Google Ads,Completed
ORD_14154,CUST_2000,2025-03-01 04:58:00,95.96,30.71,5.43,Meta Ads,Completed
ORD_14155,CUST_1362,2025-03-17 23:08:00,37.82,12.1,5.96,Google Ads,Completed
ORD_14156,CUST_2471,2025-05-20 09:07:00,111.0,35.52,8.39,Organic Search,Completed
ORD_14157,CUST_2029,2025-05-12 12:27:00,87.6,28.03,8.97,Google Ads,Completed
ORD_14158,CUST_1130,2025-03-23 15:21:00,118.53,37.93,8.12,TikTok Ads,Refunded
ORD_14159,CUST_1978,2025-06-01 23:08:00,117.94,37.74,6.83,Google Ads,Completed
ORD_14160,CUST_1888,2025-01-20 01:40:00,66.55,21.3,4.93,Meta Ads,Completed
ORD_14161,CUST_1634,2025-06-27 15:59:00,67.42,21.57,4.78,Organic Search,Completed
ORD_14162,CUST_1986,2025-06-24 00:20:00,103.87,33.24,6.37,TikTok Ads,Completed
ORD_14163,CUST_1717,2025-02-15 04:06:00,49.27,15.77,6.82,Email Retention,Completed
ORD_14164,CUST_2346,2025-05-31 07:12:00,49.43,15.82,7.55,Google Ads,Completed
ORD_14165,CUST_1329,2025-03-10 17:44:00,62.23,19.91,4.53,Meta Ads,Completed
ORD_14166,CUST_1622,2025-04-27 09:02:00,41.73,13.35,9.45,Google Ads,Refunded
ORD_14167,CUST_1397,2025-06-25 15:44:00,45.94,14.7,6.32,TikTok Ads,Completed
ORD_14168,CUST_1083,2025-03-05 02:00:00,46.7,14.94,8.74,Google Ads,Completed
ORD_14169,CUST_1486,2025-03-26 05:06:00,72.05,23.06,7.17,Google Ads,Completed
ORD_14170,CUST_1697,2025-02-03 13:35:00,70.51,22.56,5.15,Email Retention,Completed
ORD_14171,CUST_1577,2025-01-30 13:08:00,126.52,40.49,8.49,Email Retention,Completed
ORD_14172,CUST_1875,2025-02-23 20:40:00,72.66,23.25,8.05,Google Ads,Completed
ORD_14173,CUST_1689,2025-04-09 06:36:00,80.35,25.71,7.14,Email Retention,Completed
ORD_14174,CUST_1954,2025-04-24 20:45:00,170.85,54.67,7.07,Meta Ads,Completed
ORD_14175,CUST_1347,2025-04-01 13:20:00,23.44,7.5,4.94,Google Ads,Completed
ORD_14176,CUST_1219,2025-05-21 16:24:00,91.83,29.39,7.78,Meta Ads,Completed
ORD_14177,CUST_1556,2025-05-03 05:51:00,75.53,24.17,9.06,Google Ads,Completed
ORD_14178,CUST_1292,2025-04-01 08:09:00,96.02,30.73,4.97,Google Ads,Completed
ORD_14179,CUST_1663,2025-05-26 08:43:00,64.09,20.51,5.82,Meta Ads,Refunded
ORD_14180,CUST_1784,2025-05-04 16:53:00,72.44,23.18,9.01,Google Ads,Completed
ORD_14181,CUST_1571,2025-06-18 07:28:00,141.42,45.25,5.92,Email Retention,Completed
ORD_14182,CUST_2198,2025-04-08 14:29:00,103.23,33.03,7.77,Email Retention,Completed
ORD_14183,CUST_2230,2025-05-26 18:25:00,74.13,23.72,7.17,Meta Ads,Completed
ORD_14184,CUST_2251,2025-01-18 05:29:00,57.35,18.35,7.48,Google Ads,Completed
ORD_14185,CUST_2296,2025-05-26 12:25:00,49.18,15.74,6.58,Meta Ads,Completed
ORD_14186,CUST_1989,2025-05-01 13:40:00,66.01,21.12,6.0,Google Ads,Completed
ORD_14187,CUST_2108,2025-03-12 15:43:00,77.21,24.71,4.74,TikTok Ads,Completed
ORD_14188,CUST_2492,2025-04-21 21:52:00,170.56,54.58,8.22,Google Ads,Completed
ORD_14189,CUST_1667,2025-05-02 03:42:00,88.83,28.43,8.23,Google Ads,Completed
ORD_14190,CUST_1168,2025-01-01 22:45:00,60.63,19.4,7.85,Meta Ads,Completed
ORD_14191,CUST_2185,2025-04-09 20:35:00,23.5,7.52,7.72,Google Ads,Completed
ORD_14192,CUST_1221,2025-01-19 11:31:00,56.56,18.1,5.72,Meta Ads,Refunded
ORD_14193,CUST_2424,2025-02-18 13:47:00,66.05,21.14,4.61,Organic Search,Completed
ORD_14194,CUST_1788,2025-01-12 01:27:00,92.73,29.67,8.54,Meta Ads,Completed
ORD_14195,CUST_1642,2025-05-31 00:45:00,67.19,21.5,6.96,Organic Search,Completed
ORD_14196,CUST_1324,2025-03-09 14:16:00,174.15,55.73,6.03,TikTok Ads,Completed
ORD_14197,CUST_2429,2025-02-08 01:05:00,74.74,23.92,5.01,Google Ads,Completed
ORD_14198,CUST_1362,2025-03-27 18:25:00,128.44,41.1,4.81,Meta Ads,Completed
ORD_14199,CUST_1736,2025-05-01 23:12:00,36.19,11.58,6.24,Meta Ads,Completed
ORD_14200,CUST_2270,2025-06-27 11:53:00,81.19,25.98,8.52,Google Ads,Completed
ORD_14201,CUST_2152,2025-03-16 16:06:00,56.85,18.19,9.09,Meta Ads,Completed
ORD_14202,CUST_1523,2025-03-29 04:33:00,130.02,41.61,8.98,Organic Search,Completed
ORD_14203,CUST_1022,2025-01-25 12:35:00,69.27,22.17,9.1,Email Retention,Completed
ORD_14204,CUST_1932,2025-04-16 06:47:00,143.18,45.82,9.04,Meta Ads,Completed
ORD_14205,CUST_1246,2025-06-22 12:15:00,110.33,35.31,7.14,TikTok Ads,Completed
ORD_14206,CUST_1340,2025-02-11 11:35:00,65.06,20.82,5.6,Meta Ads,Completed
ORD_14207,CUST_2253,2025-03-12 02:54:00,48.73,15.59,8.49,TikTok Ads,Completed
ORD_14208,CUST_2355,2025-04-11 21:26:00,58.51,18.72,5.57,TikTok Ads,Completed
ORD_14209,CUST_1035,2025-06-02 04:05:00,72.48,23.19,5.84,TikTok Ads,Completed
ORD_14210,CUST_1747,2025-06-12 21:04:00,110.02,35.21,5.67,Organic Search,Completed
ORD_14211,CUST_1037,2025-05-15 20:04:00,82.46,26.39,7.07,Google Ads,Completed
ORD_14212,CUST_1781,2025-05-05 16:12:00,118.86,38.04,6.11,Meta Ads,Completed
ORD_14213,CUST_1125,2025-03-19 18:44:00,148.14,47.4,5.27,Google Ads,Completed
ORD_14214,CUST_1567,2025-05-26 02:51:00,84.46,27.03,6.77,TikTok Ads,Completed
ORD_14215,CUST_1417,2025-03-21 09:32:00,51.34,16.43,8.87,Google Ads,Refunded
ORD_14216,CUST_2006,2025-06-20 02:32:00,98.02,31.37,7.35,Google Ads,Refunded
ORD_14217,CUST_1252,2025-01-09 15:22:00,182.78,58.49,8.89,Meta Ads,Completed
ORD_14218,CUST_1697,2025-06-20 16:19:00,121.84,38.99,5.48,TikTok Ads,Completed
ORD_14219,CUST_1322,2025-05-23 04:06:00,94.7,30.3,5.33,Google Ads,Completed
ORD_14220,CUST_1973,2025-01-11 09:04:00,54.57,17.46,7.38,Email Retention,Completed
ORD_14221,CUST_2004,2025-02-08 07:25:00,75.97,24.31,6.82,Google Ads,Completed
ORD_14222,CUST_1958,2025-01-05 13:05:00,37.39,11.96,7.8,TikTok Ads,Completed
ORD_14223,CUST_1779,2025-04-18 05:15:00,47.31,15.14,8.47,Google Ads,Completed
ORD_14224,CUST_2358,2025-06-30 22:58:00,98.92,31.65,8.26,Google Ads,Completed
ORD_14225,CUST_1350,2025-03-16 21:16:00,33.28,10.65,9.21,Organic Search,Completed
ORD_14226,CUST_1836,2025-05-20 20:41:00,70.82,22.66,6.49,Google Ads,Refunded
ORD_14227,CUST_1984,2025-05-21 08:20:00,44.8,14.34,5.53,Meta Ads,Completed
ORD_14228,CUST_1258,2025-04-15 17:18:00,48.46,15.51,7.25,Meta Ads,Completed
ORD_14229,CUST_2279,2025-05-29 12:53:00,85.16,27.25,5.05,TikTok Ads,Completed
ORD_14230,CUST_1391,2025-01-17 12:05:00,58.54,18.73,5.94,Organic Search,Completed
ORD_14231,CUST_1922,2025-02-04 05:29:00,40.49,12.96,5.54,Meta Ads,Completed
ORD_14232,CUST_1900,2025-04-09 19:07:00,63.99,20.48,6.48,Meta Ads,Completed
ORD_14233,CUST_1929,2025-05-25 18:13:00,39.79,12.73,5.06,Meta Ads,Refunded
ORD_14234,CUST_2039,2025-05-01 07:02:00,139.25,44.56,4.66,Google Ads,Completed
ORD_14235,CUST_1651,2025-05-13 10:41:00,112.71,36.07,7.78,TikTok Ads,Completed
ORD_14236,CUST_2450,2025-03-15 21:30:00,112.49,36.0,7.55,Email Retention,Completed
ORD_14237,CUST_2326,2025-02-19 08:00:00,55.89,17.88,8.04,Meta Ads,Completed
ORD_14238,CUST_2346,2025-01-27 19:28:00,100.37,32.12,7.8,Google Ads,Completed
ORD_14239,CUST_1194,2025-03-27 04:48:00,90.77,29.05,5.07,Google Ads,Completed
ORD_14240,CUST_1403,2025-04-18 12:51:00,57.91,18.53,5.96,Google Ads,Completed
ORD_14241,CUST_2281,2025-05-02 14:11:00,80.1,25.63,5.15,Meta Ads,Completed
ORD_14242,CUST_1045,2025-04-28 06:29:00,36.48,11.67,8.71,Email Retention,Completed
ORD_14243,CUST_2489,2025-01-01 13:00:00,49.36,15.8,8.23,Meta Ads,Completed
ORD_14244,CUST_1780,2025-05-01 06:09:00,79.09,25.31,5.51,TikTok Ads,Completed
ORD_14245,CUST_1710,2025-02-07 21:02:00,65.72,21.03,6.21,TikTok Ads,Completed
ORD_14246,CUST_1348,2025-06-12 19:15:00,96.46,30.87,9.33,Email Retention,Completed
ORD_14247,CUST_2235,2025-02-16 10:18:00,58.65,18.77,7.47,Meta Ads,Completed
ORD_14248,CUST_2112,2025-04-29 03:20:00,70.23,22.47,8.51,Google Ads,Completed
ORD_14249,CUST_1939,2025-03-04 15:04:00,82.12,26.28,5.82,Meta Ads,Completed
ORD_14250,CUST_1120,2025-05-08 03:32:00,56.35,18.03,5.55,Google Ads,Completed
ORD_14251,CUST_2204,2025-03-29 06:09:00,69.68,22.3,8.42,Meta Ads,Completed
ORD_14252,CUST_1585,2025-03-19 18:15:00,90.49,28.96,7.93,Email Retention,Completed
ORD_14253,CUST_1142,2025-05-25 16:47:00,156.58,50.11,7.9,Meta Ads,Completed
ORD_14254,CUST_1475,2025-02-12 04:31:00,56.51,18.08,7.26,Meta Ads,Completed
ORD_14255,CUST_1279,2025-01-01 13:33:00,65.87,21.08,7.32,Google Ads,Completed
ORD_14256,CUST_1855,2025-01-02 16:53:00,121.3,38.82,8.18,Google Ads,Completed
ORD_14257,CUST_2318,2025-05-01 22:05:00,134.54,43.05,5.85,TikTok Ads,Completed
ORD_14258,CUST_1588,2025-05-26 03:23:00,104.62,33.48,6.26,Meta Ads,Completed
ORD_14259,CUST_2108,2025-05-19 23:04:00,133.01,42.56,8.86,Organic Search,Completed
ORD_14260,CUST_2154,2025-02-25 07:09:00,54.99,17.6,6.04,Organic Search,Completed
ORD_14261,CUST_1481,2025-04-13 10:42:00,127.4,40.77,7.23,TikTok Ads,Completed
ORD_14262,CUST_1915,2025-05-17 11:55:00,114.47,36.63,8.01,Google Ads,Completed
ORD_14263,CUST_1498,2025-05-16 20:37:00,48.14,15.4,9.5,Organic Search,Completed
ORD_14264,CUST_1605,2025-02-07 07:35:00,70.71,22.63,6.68,TikTok Ads,Refunded
ORD_14265,CUST_1783,2025-06-30 21:12:00,26.51,8.48,6.64,Google Ads,Completed
ORD_14266,CUST_2026,2025-05-02 12:08:00,87.52,28.01,8.71,Organic Search,Completed
ORD_14267,CUST_2350,2025-01-26 05:08:00,126.38,40.44,8.53,Organic Search,Completed
ORD_14268,CUST_1456,2025-03-10 06:10:00,64.29,20.57,8.16,TikTok Ads,Refunded
ORD_14269,CUST_1958,2025-01-29 13:41:00,50.88,16.28,6.82,TikTok Ads,Completed
ORD_14270,CUST_1456,2025-05-16 02:10:00,49.18,15.74,6.12,Meta Ads,Completed
ORD_14271,CUST_2312,2025-05-20 03:43:00,81.56,26.1,7.54,Meta Ads,Completed
ORD_14272,CUST_2381,2025-02-08 06:19:00,104.21,33.35,8.88,Google Ads,Completed
ORD_14273,CUST_2223,2025-01-22 07:10:00,158.05,50.58,8.92,TikTok Ads,Completed
ORD_14274,CUST_1180,2025-06-23 06:52:00,25.31,8.1,5.04,Google Ads,Completed
ORD_14275,CUST_1796,2025-02-27 15:04:00,149.46,47.83,6.64,Email Retention,Completed
ORD_14276,CUST_1005,2025-01-15 18:41:00,89.65,28.69,6.82,TikTok Ads,Completed
ORD_14277,CUST_1635,2025-04-30 08:09:00,123.74,39.6,9.39,Google Ads,Completed
ORD_14278,CUST_2252,2025-05-06 08:53:00,111.51,35.68,7.89,Meta Ads,Completed
ORD_14279,CUST_1122,2025-04-02 17:30:00,83.84,26.83,6.54,Organic Search,Completed
ORD_14280,CUST_1364,2025-06-29 15:37:00,82.41,26.37,4.63,Meta Ads,Refunded
ORD_14281,CUST_1445,2025-05-07 15:34:00,97.68,31.26,7.33,Meta Ads,Completed
ORD_14282,CUST_2237,2025-01-01 03:06:00,73.22,23.43,4.98,Meta Ads,Completed
ORD_14283,CUST_1261,2025-02-18 11:15:00,75.93,24.3,8.67,Meta Ads,Completed
ORD_14284,CUST_1524,2025-01-22 11:48:00,7.37,2.36,8.26,Meta Ads,Completed
ORD_14285,CUST_1056,2025-06-22 07:53:00,106.47,34.07,6.8,Meta Ads,Completed
ORD_14286,CUST_2236,2025-02-05 20:25:00,56.41,18.05,6.65,Google Ads,Completed
ORD_14287,CUST_1377,2025-01-17 08:06:00,128.9,41.25,8.99,Meta Ads,Completed
ORD_14288,CUST_1082,2025-05-01 22:42:00,124.2,39.74,5.94,Google Ads,Completed
ORD_14289,CUST_2125,2025-05-01 01:07:00,66.02,21.13,5.75,Meta Ads,Completed
ORD_14290,CUST_1909,2025-06-13 23:34:00,106.93,34.22,9.2,Organic Search,Refunded
ORD_14291,CUST_2363,2025-02-11 23:18:00,100.96,32.31,8.55,Meta Ads,Completed
ORD_14292,CUST_1893,2025-02-07 13:15:00,62.86,20.12,8.6,Meta Ads,Completed
ORD_14293,CUST_1044,2025-06-22 23:01:00,110.41,35.33,5.48,Meta Ads,Completed
ORD_14294,CUST_1897,2025-05-30 02:40:00,154.26,49.36,5.22,Google Ads,Completed
ORD_14295,CUST_2433,2025-05-02 19:21:00,130.84,41.87,4.63,Organic Search,Completed
ORD_14296,CUST_1107,2025-05-07 05:22:00,40.26,12.88,5.69,Google Ads,Completed
ORD_14297,CUST_1011,2025-05-01 20:24:00,102.51,32.8,8.37,Email Retention,Completed
ORD_14298,CUST_2195,2025-03-24 22:05:00,121.61,38.92,5.7,Google Ads,Completed
ORD_14299,CUST_2214,2025-04-04 10:35:00,60.95,19.5,8.15,Meta Ads,Completed
ORD_14300,CUST_1741,2025-06-19 15:24:00,128.91,41.25,5.76,TikTok Ads,Completed
ORD_14301,CUST_1519,2025-03-16 06:35:00,57.72,18.47,6.48,Meta Ads,Completed
ORD_14302,CUST_2326,2025-04-13 04:12:00,72.88,23.32,9.42,Google Ads,Completed
ORD_14303,CUST_1647,2025-06-12 08:30:00,58.79,18.81,5.72,Google Ads,Completed
ORD_14304,CUST_1253,2025-06-05 12:43:00,54.29,17.37,6.38,Meta Ads,Completed
ORD_14305,CUST_2060,2025-04-13 03:04:00,97.61,31.24,6.01,Google Ads,Completed
ORD_14306,CUST_1452,2025-05-26 06:16:00,42.09,13.47,5.05,Meta Ads,Completed
ORD_14307,CUST_1285,2025-04-18 20:25:00,74.74,23.92,6.95,Meta Ads,Completed
ORD_14308,CUST_1837,2025-02-02 16:38:00,97.64,31.24,6.39,Google Ads,Completed
ORD_14309,CUST_1232,2025-04-05 20:39:00,59.18,18.94,7.97,Meta Ads,Completed
ORD_14310,CUST_2448,2025-01-01 13:40:00,138.66,44.37,8.59,Organic Search,Completed
ORD_14311,CUST_1016,2025-06-12 04:11:00,77.49,24.8,7.22,Meta Ads,Completed
ORD_14312,CUST_2481,2025-06-10 06:26:00,165.1,52.83,4.66,Meta Ads,Completed
ORD_14313,CUST_2402,2025-05-12 03:58:00,39.73,12.71,7.59,TikTok Ads,Completed
ORD_14314,CUST_1883,2025-06-29 11:25:00,99.34,31.79,4.78,Google Ads,Completed
ORD_14315,CUST_1498,2025-04-29 12:17:00,90.64,29.0,7.58,Meta Ads,Completed
ORD_14316,CUST_1496,2025-06-09 12:32:00,69.24,22.16,7.93,Meta Ads,Completed
ORD_14317,CUST_2377,2025-03-31 17:22:00,84.07,26.9,5.49,Google Ads,Completed
ORD_14318,CUST_2317,2025-02-27 22:13:00,105.88,33.88,8.6,Google Ads,Completed
ORD_14319,CUST_1594,2025-02-13 11:46:00,114.71,36.71,9.06,TikTok Ads,Completed
ORD_14320,CUST_1401,2025-05-01 07:53:00,78.65,25.17,8.57,TikTok Ads,Completed
ORD_14321,CUST_2220,2025-06-26 14:37:00,99.91,31.97,6.03,Organic Search,Completed
ORD_14322,CUST_1355,2025-06-30 23:07:00,56.28,18.01,7.43,Meta Ads,Completed
ORD_14323,CUST_1855,2025-06-16 02:40:00,115.69,37.02,9.07,Organic Search,Completed
ORD_14324,CUST_1273,2025-03-14 14:16:00,150.58,48.19,6.1,Google Ads,Completed
ORD_14325,CUST_1089,2025-01-02 05:20:00,119.6,38.27,8.6,Google Ads,Completed
ORD_14326,CUST_2161,2025-06-28 19:33:00,58.85,18.83,4.55,Meta Ads,Completed
ORD_14327,CUST_1523,2025-04-14 19:00:00,52.04,16.65,4.52,Meta Ads,Completed
ORD_14328,CUST_2004,2025-01-13 12:03:00,210.19,67.26,8.3,Google Ads,Completed
ORD_14329,CUST_1882,2025-05-23 19:28:00,146.17,46.77,8.31,Organic Search,Completed
ORD_14330,CUST_1100,2025-04-05 15:47:00,114.9,36.77,8.44,Meta Ads,Completed
ORD_14331,CUST_1298,2025-04-10 18:40:00,154.98,49.59,9.15,Meta Ads,Refunded
ORD_14332,CUST_1180,2025-02-08 18:29:00,82.83,26.51,5.09,Meta Ads,Completed
ORD_14333,CUST_1724,2025-01-07 02:32:00,113.97,36.47,5.66,Meta Ads,Completed
ORD_14334,CUST_2157,2025-05-11 18:30:00,138.01,44.16,9.02,Meta Ads,Completed
ORD_14335,CUST_2400,2025-05-12 12:09:00,73.2,23.42,5.39,Email Retention,Completed
ORD_14336,CUST_1680,2025-03-16 09:32:00,102.48,32.79,7.91,Meta Ads,Completed
ORD_14337,CUST_2291,2025-02-08 20:47:00,131.28,42.01,7.15,TikTok Ads,Completed
ORD_14338,CUST_2133,2025-05-06 00:07:00,50.28,16.09,4.92,Meta Ads,Completed
ORD_14339,CUST_1617,2025-06-13 02:55:00,69.86,22.36,5.93,Google Ads,Completed
ORD_14340,CUST_1501,2025-03-05 02:16:00,129.98,41.59,7.1,Organic Search,Completed
ORD_14341,CUST_1507,2025-01-14 00:40:00,91.75,29.36,8.76,TikTok Ads,Completed
ORD_14342,CUST_2364,2025-04-17 18:07:00,86.34,27.63,8.04,Meta Ads,Completed
ORD_14343,CUST_1709,2025-04-19 20:36:00,81.77,26.17,7.61,TikTok Ads,Completed
ORD_14344,CUST_2090,2025-05-17 20:22:00,135.93,43.5,6.98,Meta Ads,Completed
ORD_14345,CUST_2011,2025-02-16 10:55:00,52.92,16.93,5.99,Meta Ads,Completed
ORD_14346,CUST_2316,2025-04-17 15:50:00,67.68,21.66,5.1,Email Retention,Completed
ORD_14347,CUST_1677,2025-05-22 13:19:00,41.91,13.41,6.55,Organic Search,Completed
ORD_14348,CUST_1698,2025-04-02 13:35:00,72.17,23.09,4.64,Organic Search,Completed
ORD_14349,CUST_1013,2025-06-04 12:35:00,89.74,28.72,5.56,Meta Ads,Completed
ORD_14350,CUST_1927,2025-04-27 10:47:00,30.97,9.91,6.66,Meta Ads,Refunded
ORD_14351,CUST_1262,2025-02-04 13:53:00,56.69,18.14,6.59,Organic Search,Completed
ORD_14352,CUST_1367,2025-04-09 08:22:00,91.68,29.34,4.72,Meta Ads,Refunded
ORD_14353,CUST_1036,2025-06-06 01:30:00,101.76,32.56,7.45,Meta Ads,Completed
ORD_14354,CUST_1851,2025-05-27 19:59:00,170.39,54.52,7.25,Email Retention,Completed
ORD_14355,CUST_1514,2025-02-18 06:46:00,108.5,34.72,4.89,Meta Ads,Completed
ORD_14356,CUST_1578,2025-04-19 15:10:00,77.27,24.73,9.22,Google Ads,Completed
ORD_14357,CUST_2100,2025-02-14 15:50:00,88.66,28.37,5.0,Google Ads,Completed
ORD_14358,CUST_1799,2025-05-25 12:12:00,90.03,28.81,8.77,Meta Ads,Completed
ORD_14359,CUST_1724,2025-02-07 10:21:00,67.73,21.67,4.5,Meta Ads,Refunded
ORD_14360,CUST_1647,2025-05-24 15:18:00,93.44,29.9,8.91,Google Ads,Completed
ORD_14361,CUST_2236,2025-01-21 05:06:00,66.21,21.19,4.6,Meta Ads,Refunded
ORD_14362,CUST_1368,2025-02-10 20:53:00,95.53,30.57,8.29,Organic Search,Completed
ORD_14363,CUST_1424,2025-03-14 14:41:00,81.73,26.15,6.31,Meta Ads,Completed
ORD_14364,CUST_2439,2025-06-04 17:05:00,75.7,24.22,8.19,Google Ads,Completed
ORD_14365,CUST_1315,2025-01-25 04:14:00,76.69,24.54,6.51,Meta Ads,Completed
ORD_14366,CUST_2423,2025-06-07 21:35:00,116.41,37.25,4.85,Meta Ads,Completed
ORD_14367,CUST_1768,2025-03-04 16:52:00,111.52,35.69,8.34,Meta Ads,Completed
ORD_14368,CUST_1190,2025-03-04 15:38:00,73.92,23.65,4.86,Google Ads,Completed
ORD_14369,CUST_1213,2025-02-27 04:09:00,114.43,36.62,9.11,Google Ads,Completed
ORD_14370,CUST_1223,2025-02-11 01:59:00,81.01,25.92,4.75,Meta Ads,Completed
ORD_14371,CUST_1007,2025-01-13 09:40:00,81.58,26.11,6.9,Google Ads,Completed
ORD_14372,CUST_1536,2025-02-18 09:19:00,67.76,21.68,8.12,Meta Ads,Completed
ORD_14373,CUST_1730,2025-04-17 00:43:00,162.41,51.97,6.47,Meta Ads,Completed
ORD_14374,CUST_1218,2025-03-19 01:00:00,154.83,49.55,5.59,Google Ads,Completed
ORD_14375,CUST_1853,2025-05-16 15:29:00,61.15,19.57,8.3,Meta Ads,Completed
ORD_14376,CUST_1383,2025-01-06 14:00:00,71.93,23.02,8.42,Meta Ads,Completed
ORD_14377,CUST_1703,2025-03-30 19:17:00,98.8,31.62,9.11,Google Ads,Completed
ORD_14378,CUST_2161,2025-03-31 02:11:00,106.86,34.2,6.38,Meta Ads,Completed
ORD_14379,CUST_2014,2025-04-04 19:30:00,50.79,16.25,7.03,Organic Search,Refunded
ORD_14380,CUST_1641,2025-02-23 17:31:00,54.94,17.58,6.32,Google Ads,Completed
ORD_14381,CUST_1269,2025-05-12 16:13:00,14.77,4.73,5.79,Meta Ads,Completed
ORD_14382,CUST_2141,2025-02-11 01:25:00,107.01,34.24,8.26,Google Ads,Completed
ORD_14383,CUST_1264,2025-03-29 08:55:00,40.09,12.83,6.2,Meta Ads,Completed
ORD_14384,CUST_1042,2025-04-28 05:09:00,61.4,19.65,6.64,Meta Ads,Completed
ORD_14385,CUST_2171,2025-02-27 12:36:00,122.08,39.07,6.52,Meta Ads,Completed
ORD_14386,CUST_1490,2025-03-11 10:31:00,119.61,38.28,8.06,Google Ads,Completed
ORD_14387,CUST_2202,2025-02-16 14:42:00,158.45,50.7,9.09,Organic Search,Completed
ORD_14388,CUST_1486,2025-03-16 10:17:00,181.82,58.18,7.83,Organic Search,Completed
ORD_14389,CUST_2099,2025-02-21 11:08:00,248.63,79.56,6.86,Organic Search,Completed
ORD_14390,CUST_1483,2025-03-22 04:07:00,70.97,22.71,8.4,Google Ads,Completed
ORD_14391,CUST_1383,2025-06-03 05:29:00,63.34,20.27,7.7,Google Ads,Completed
ORD_14392,CUST_1749,2025-02-08 01:03:00,100.49,32.16,4.8,Meta Ads,Completed
ORD_14393,CUST_1358,2025-02-12 03:55:00,42.42,13.57,4.98,TikTok Ads,Completed
ORD_14394,CUST_1185,2025-04-25 23:52:00,75.05,24.02,4.69,Google Ads,Completed
ORD_14395,CUST_1007,2025-04-02 21:27:00,89.63,28.68,6.78,Meta Ads,Completed
ORD_14396,CUST_1222,2025-02-08 04:57:00,103.87,33.24,8.63,Meta Ads,Completed
ORD_14397,CUST_1219,2025-02-27 22:42:00,108.84,34.83,6.07,Email Retention,Completed
ORD_14398,CUST_2196,2025-03-06 07:07:00,74.0,23.68,6.42,Organic Search,Completed
ORD_14399,CUST_1849,2025-05-17 11:15:00,45.6,14.59,9.05,TikTok Ads,Completed
ORD_14400,CUST_1574,2025-05-17 05:31:00,50.46,16.15,8.68,Meta Ads,Completed
ORD_14401,CUST_1525,2025-01-08 07:40:00,28.98,9.27,7.83,Meta Ads,Refunded
ORD_14402,CUST_1390,2025-03-23 22:49:00,64.4,20.61,5.83,TikTok Ads,Completed
ORD_14403,CUST_1557,2025-04-17 18:44:00,41.92,13.41,5.09,Google Ads,Completed
ORD_14404,CUST_1930,2025-05-18 11:00:00,66.49,21.28,4.58,Google Ads,Refunded
ORD_14405,CUST_2011,2025-05-13 21:50:00,100.04,32.01,5.04,TikTok Ads,Refunded
ORD_14406,CUST_1825,2025-01-21 07:45:00,46.12,14.76,5.96,Google Ads,Completed
ORD_14407,CUST_2149,2025-04-11 05:07:00,87.37,27.96,7.26,Google Ads,Completed
ORD_14408,CUST_2207,2025-02-07 21:07:00,73.63,23.56,4.82,Google Ads,Completed
ORD_14409,CUST_1117,2025-02-12 23:25:00,97.71,31.27,5.18,Email Retention,Completed
ORD_14410,CUST_1518,2025-05-29 05:26:00,107.93,34.54,5.41,Meta Ads,Completed
ORD_14411,CUST_2040,2025-06-30 14:38:00,71.53,22.89,7.66,TikTok Ads,Refunded
ORD_14412,CUST_1523,2025-06-11 05:03:00,84.09,26.91,7.58,Meta Ads,Completed
ORD_14413,CUST_1448,2025-06-24 19:46:00,73.77,23.61,7.25,Meta Ads,Completed
ORD_14414,CUST_1274,2025-05-27 23:40:00,67.45,21.58,5.75,Meta Ads,Completed
ORD_14415,CUST_2210,2025-02-25 15:11:00,59.95,19.18,6.36,Meta Ads,Refunded
ORD_14416,CUST_1388,2025-01-09 19:19:00,103.53,33.13,4.98,Google Ads,Completed
ORD_14417,CUST_2473,2025-04-03 14:00:00,145.96,46.71,5.63,Meta Ads,Completed
ORD_14418,CUST_1459,2025-02-07 07:33:00,138.26,44.24,8.99,Organic Search,Completed
ORD_14419,CUST_1836,2025-04-17 06:59:00,44.0,14.08,9.4,Google Ads,Completed
ORD_14420,CUST_1722,2025-02-25 15:24:00,144.76,46.32,7.74,TikTok Ads,Completed
ORD_14421,CUST_2033,2025-04-17 14:57:00,53.46,17.11,9.08,Meta Ads,Completed
ORD_14422,CUST_2106,2025-03-29 00:17:00,89.64,28.68,7.71,Google Ads,Completed
ORD_14423,CUST_2177,2025-06-11 22:35:00,96.8,30.98,4.67,Meta Ads,Completed
ORD_14424,CUST_2014,2025-05-14 09:01:00,38.49,12.32,9.48,Meta Ads,Completed
ORD_14425,CUST_2291,2025-02-03 09:24:00,77.39,24.76,4.99,Meta Ads,Completed
ORD_14426,CUST_1031,2025-05-12 20:26:00,148.77,47.61,7.91,Organic Search,Completed
ORD_14427,CUST_1400,2025-05-29 19:02:00,23.89,7.64,5.76,TikTok Ads,Completed
ORD_14428,CUST_1140,2025-04-21 13:30:00,217.52,69.61,6.46,TikTok Ads,Completed
ORD_14429,CUST_1352,2025-04-26 14:45:00,28.28,9.05,7.73,Google Ads,Completed
ORD_14430,CUST_1302,2025-01-22 08:07:00,95.7,30.62,6.68,Google Ads,Completed
ORD_14431,CUST_1449,2025-06-08 15:57:00,39.43,12.62,5.75,TikTok Ads,Completed
ORD_14432,CUST_2167,2025-03-25 11:59:00,102.51,32.8,6.17,Organic Search,Completed
ORD_14433,CUST_2446,2025-02-10 22:09:00,135.56,43.38,6.21,Meta Ads,Completed
ORD_14434,CUST_2194,2025-05-05 16:12:00,119.38,38.2,9.3,Email Retention,Completed
ORD_14435,CUST_1081,2025-02-28 04:23:00,40.11,12.84,8.49,Google Ads,Completed
ORD_14436,CUST_1587,2025-02-24 23:37:00,128.05,40.98,6.79,TikTok Ads,Completed
ORD_14437,CUST_1817,2025-06-23 02:44:00,73.92,23.65,5.5,Meta Ads,Completed
ORD_14438,CUST_1453,2025-02-13 19:24:00,40.72,13.03,8.56,TikTok Ads,Completed
ORD_14439,CUST_1501,2025-01-05 23:42:00,148.3,47.46,5.29,Meta Ads,Completed
ORD_14440,CUST_1112,2025-04-28 20:26:00,194.93,62.38,5.55,Meta Ads,Completed
ORD_14441,CUST_1769,2025-02-19 02:35:00,87.6,28.03,6.33,Meta Ads,Completed
ORD_14442,CUST_1457,2025-03-19 11:27:00,70.06,22.42,8.9,Google Ads,Completed
ORD_14443,CUST_1180,2025-04-04 16:00:00,57.17,18.29,5.16,Meta Ads,Completed
ORD_14444,CUST_2173,2025-06-11 13:25:00,115.96,37.11,5.11,TikTok Ads,Completed
ORD_14445,CUST_1782,2025-05-23 15:43:00,130.77,41.85,6.97,Google Ads,Completed
ORD_14446,CUST_1074,2025-01-10 14:25:00,70.07,22.42,5.88,Organic Search,Completed
ORD_14447,CUST_2185,2025-03-11 03:29:00,162.68,52.06,7.34,Meta Ads,Completed
ORD_14448,CUST_1239,2025-06-23 13:28:00,111.64,35.72,6.76,Meta Ads,Completed
ORD_14449,CUST_1177,2025-01-16 11:58:00,87.15,27.89,6.67,Google Ads,Completed
ORD_14450,CUST_1082,2025-02-24 19:26:00,97.11,31.08,5.06,Meta Ads,Completed
ORD_14451,CUST_1456,2025-06-12 00:04:00,51.15,16.37,5.21,Meta Ads,Completed
ORD_14452,CUST_1602,2025-01-16 19:01:00,115.37,36.92,8.61,Google Ads,Completed
ORD_14453,CUST_2418,2025-04-29 10:59:00,52.81,16.9,8.93,Google Ads,Completed
ORD_14454,CUST_1689,2025-06-23 04:40:00,65.88,21.08,5.67,Organic Search,Completed
ORD_14455,CUST_2181,2025-01-28 01:57:00,81.2,25.98,5.07,Meta Ads,Completed
ORD_14456,CUST_1342,2025-05-19 04:52:00,180.96,57.91,4.77,Organic Search,Completed
ORD_14457,CUST_1609,2025-05-18 15:26:00,93.61,29.96,7.54,Google Ads,Completed
ORD_14458,CUST_1101,2025-05-10 01:17:00,55.37,17.72,8.08,Meta Ads,Completed
ORD_14459,CUST_2350,2025-02-23 08:17:00,97.27,31.13,6.36,Meta Ads,Completed
ORD_14460,CUST_1853,2025-04-02 21:14:00,108.66,34.77,7.9,Meta Ads,Completed
ORD_14461,CUST_2267,2025-01-04 09:42:00,140.34,44.91,8.06,Meta Ads,Completed
ORD_14462,CUST_1808,2025-03-19 09:36:00,83.06,26.58,9.18,Google Ads,Completed
ORD_14463,CUST_1500,2025-05-16 07:56:00,59.39,19.0,4.82,Organic Search,Completed
ORD_14464,CUST_2043,2025-05-10 05:31:00,202.56,64.82,5.46,Meta Ads,Completed
ORD_14465,CUST_1914,2025-01-27 13:03:00,97.37,31.16,4.84,TikTok Ads,Completed
ORD_14466,CUST_1277,2025-02-07 13:16:00,55.53,17.77,8.84,Organic Search,Refunded
ORD_14467,CUST_2452,2025-03-26 02:23:00,82.72,26.47,8.46,Google Ads,Completed
ORD_14468,CUST_1581,2025-01-19 03:24:00,65.9,21.09,7.37,TikTok Ads,Completed
ORD_14469,CUST_1355,2025-02-20 05:41:00,144.13,46.12,4.92,Meta Ads,Completed
ORD_14470,CUST_2206,2025-02-25 05:56:00,108.19,34.62,5.87,Organic Search,Completed
ORD_14471,CUST_2417,2025-06-28 05:53:00,72.41,23.17,5.99,Meta Ads,Completed
ORD_14472,CUST_1570,2025-06-19 12:36:00,130.8,41.86,7.3,Meta Ads,Completed
ORD_14473,CUST_1903,2025-02-14 06:20:00,79.66,25.49,5.79,Google Ads,Refunded
ORD_14474,CUST_1147,2025-01-13 17:38:00,81.85,26.19,4.86,TikTok Ads,Completed
ORD_14475,CUST_2342,2025-06-07 21:55:00,58.6,18.75,8.15,Google Ads,Completed
ORD_14476,CUST_1025,2025-06-17 03:59:00,58.38,18.68,6.0,Meta Ads,Completed
ORD_14477,CUST_2429,2025-04-26 01:15:00,196.41,62.85,6.76,Meta Ads,Completed
ORD_14478,CUST_1512,2025-04-27 13:07:00,128.05,40.98,5.14,Meta Ads,Completed
ORD_14479,CUST_1279,2025-03-21 01:24:00,31.41,10.05,8.51,Google Ads,Completed
ORD_14480,CUST_1875,2025-03-15 03:13:00,52.19,16.7,7.33,Google Ads,Completed
ORD_14481,CUST_1402,2025-05-14 20:08:00,46.96,15.03,9.01,Organic Search,Completed
ORD_14482,CUST_2435,2025-03-15 01:13:00,86.35,27.63,6.98,Google Ads,Completed
ORD_14483,CUST_1722,2025-04-12 11:30:00,68.88,22.04,9.21,Organic Search,Completed
ORD_14484,CUST_1433,2025-05-22 01:47:00,156.98,50.23,8.96,TikTok Ads,Completed
ORD_14485,CUST_1534,2025-02-08 07:55:00,71.93,23.02,7.38,Email Retention,Completed
ORD_14486,CUST_2061,2025-05-11 16:45:00,187.27,59.93,9.17,Email Retention,Completed
ORD_14487,CUST_1958,2025-04-13 09:23:00,80.78,25.85,6.12,Organic Search,Completed
ORD_14488,CUST_1991,2025-02-09 11:41:00,205.67,65.81,6.33,Email Retention,Completed
ORD_14489,CUST_2386,2025-01-16 23:08:00,76.38,24.44,4.73,Organic Search,Completed
ORD_14490,CUST_1550,2025-06-23 07:03:00,77.07,24.66,7.45,Organic Search,Completed
ORD_14491,CUST_1449,2025-01-23 03:41:00,126.78,40.57,8.11,Meta Ads,Completed
ORD_14492,CUST_1143,2025-06-21 12:31:00,118.57,37.94,8.37,TikTok Ads,Completed
ORD_14493,CUST_2249,2025-05-10 20:31:00,43.08,13.79,5.25,TikTok Ads,Completed
ORD_14494,CUST_1775,2025-04-23 19:19:00,87.3,27.94,6.72,Meta Ads,Completed
ORD_14495,CUST_2400,2025-03-07 12:00:00,68.58,21.95,5.38,Google Ads,Completed
ORD_14496,CUST_1835,2025-05-12 13:05:00,66.38,21.24,7.81,TikTok Ads,Refunded
ORD_14497,CUST_1305,2025-01-13 02:35:00,87.11,27.88,5.29,Email Retention,Completed
ORD_14498,CUST_1557,2025-06-07 07:02:00,73.29,23.45,9.02,Organic Search,Completed
ORD_14499,CUST_1449,2025-05-24 17:06:00,91.32,29.22,5.65,TikTok Ads,Completed
ORD_14500,CUST_2188,2025-01-13 04:39:00,51.04,16.33,5.96,Meta Ads,Completed
ORD_14501,CUST_1006,2025-01-27 22:56:00,38.06,12.18,8.75,Google Ads,Completed
ORD_14502,CUST_1186,2025-01-02 18:32:00,128.97,41.27,6.79,Meta Ads,Completed
ORD_14503,CUST_1277,2025-01-30 17:26:00,137.9,44.13,4.62,Meta Ads,Completed
ORD_14504,CUST_2213,2025-03-30 16:07:00,125.38,40.12,6.97,Meta Ads,Completed
ORD_14505,CUST_2191,2025-06-23 13:51:00,85.34,27.31,4.92,Meta Ads,Completed
ORD_14506,CUST_2050,2025-02-07 23:14:00,70.68,22.62,9.43,TikTok Ads,Completed
ORD_14507,CUST_1643,2025-06-26 20:00:00,62.18,19.9,7.44,TikTok Ads,Completed
ORD_14508,CUST_1512,2025-04-11 16:06:00,56.73,18.15,5.78,Meta Ads,Completed
ORD_14509,CUST_1719,2025-01-29 22:09:00,80.83,25.87,7.32,Meta Ads,Completed
ORD_14510,CUST_2069,2025-02-23 13:13:00,136.38,43.64,4.88,Email Retention,Completed
ORD_14511,CUST_1379,2025-01-23 15:11:00,59.7,19.1,8.5,Google Ads,Completed
ORD_14512,CUST_2470,2025-05-03 16:56:00,136.48,43.67,9.13,Organic Search,Completed
ORD_14513,CUST_1730,2025-01-05 23:31:00,39.09,12.51,8.87,Meta Ads,Completed
ORD_14514,CUST_1097,2025-01-18 09:45:00,93.48,29.91,6.21,Google Ads,Completed
ORD_14515,CUST_1816,2025-02-04 02:20:00,102.31,32.74,6.13,TikTok Ads,Completed
ORD_14516,CUST_1485,2025-05-19 07:02:00,65.33,20.91,4.68,Google Ads,Completed
ORD_14517,CUST_1595,2025-02-12 15:48:00,49.42,15.81,7.76,Google Ads,Completed
ORD_14518,CUST_1921,2025-04-06 21:57:00,121.38,38.84,7.17,Organic Search,Completed
ORD_14519,CUST_1687,2025-06-07 11:47:00,85.64,27.4,6.8,Meta Ads,Completed
ORD_14520,CUST_1696,2025-02-16 00:19:00,233.89,74.84,9.04,TikTok Ads,Completed
ORD_14521,CUST_1226,2025-04-01 03:10:00,137.31,43.94,5.34,Google Ads,Completed
ORD_14522,CUST_2106,2025-03-11 06:43:00,137.8,44.1,4.55,Meta Ads,Completed
ORD_14523,CUST_1168,2025-01-18 06:38:00,21.03,6.73,4.87,Google Ads,Completed
ORD_14524,CUST_1939,2025-02-16 09:32:00,60.27,19.29,5.62,Organic Search,Completed
ORD_14525,CUST_2080,2025-01-17 20:14:00,46.55,14.9,4.67,Meta Ads,Completed
ORD_14526,CUST_1903,2025-01-20 03:51:00,28.12,9.0,7.01,Meta Ads,Completed
ORD_14527,CUST_1277,2025-05-25 14:35:00,82.52,26.41,6.07,Organic Search,Completed
ORD_14528,CUST_1357,2025-05-09 13:31:00,120.03,38.41,5.4,TikTok Ads,Completed
ORD_14529,CUST_1286,2025-02-26 13:40:00,51.83,16.59,8.25,Meta Ads,Completed
ORD_14530,CUST_2403,2025-01-25 23:09:00,29.04,9.29,5.52,TikTok Ads,Completed
ORD_14531,CUST_1981,2025-03-08 05:05:00,53.96,17.27,7.94,Meta Ads,Completed
ORD_14532,CUST_1931,2025-01-23 00:59:00,77.94,24.94,6.25,Email Retention,Completed
ORD_14533,CUST_1628,2025-06-18 20:28:00,75.29,24.09,7.06,Meta Ads,Completed
ORD_14534,CUST_2399,2025-02-12 23:29:00,84.41,27.01,9.17,Google Ads,Completed
ORD_14535,CUST_1364,2025-04-24 04:11:00,101.36,32.44,4.69,Google Ads,Completed
ORD_14536,CUST_1031,2025-03-31 15:00:00,83.46,26.71,7.0,Meta Ads,Completed
ORD_14537,CUST_2498,2025-02-21 03:56:00,123.03,39.37,8.77,Email Retention,Completed
ORD_14538,CUST_1048,2025-06-05 11:51:00,52.31,16.74,7.44,Email Retention,Completed
ORD_14539,CUST_2187,2025-03-07 15:25:00,73.83,23.63,5.88,TikTok Ads,Completed
ORD_14540,CUST_1466,2025-03-20 17:04:00,108.86,34.84,6.49,Meta Ads,Completed
ORD_14541,CUST_1440,2025-03-04 07:16:00,95.42,30.53,7.9,Organic Search,Completed
ORD_14542,CUST_1975,2025-06-02 08:24:00,177.31,56.74,8.95,TikTok Ads,Completed
ORD_14543,CUST_1676,2025-05-21 21:27:00,53.39,17.08,4.71,Meta Ads,Completed
ORD_14544,CUST_2204,2025-01-22 03:14:00,109.75,35.12,4.86,Google Ads,Completed
ORD_14545,CUST_1516,2025-05-13 15:43:00,61.81,19.78,6.13,Meta Ads,Completed
ORD_14546,CUST_1045,2025-04-24 08:48:00,58.56,18.74,5.66,Google Ads,Refunded
ORD_14547,CUST_1391,2025-05-24 06:37:00,133.62,42.76,5.82,Meta Ads,Completed
ORD_14548,CUST_1668,2025-06-11 18:49:00,83.02,26.57,5.61,Meta Ads,Completed
ORD_14549,CUST_1333,2025-02-03 06:23:00,94.68,30.3,5.48,Google Ads,Completed
ORD_14550,CUST_1955,2025-01-15 17:44:00,64.09,20.51,5.15,Meta Ads,Refunded
ORD_14551,CUST_1697,2025-01-24 10:13:00,65.87,21.08,9.17,Meta Ads,Completed
ORD_14552,CUST_2271,2025-03-08 00:02:00,37.68,12.06,5.22,Meta Ads,Completed
ORD_14553,CUST_1785,2025-02-03 08:02:00,91.28,29.21,5.52,Email Retention,Completed
ORD_14554,CUST_1112,2025-04-20 04:48:00,49.81,15.94,5.73,Google Ads,Completed
ORD_14555,CUST_2387,2025-04-01 10:46:00,78.61,25.16,9.17,Email Retention,Refunded
ORD_14556,CUST_1233,2025-05-02 07:37:00,122.97,39.35,8.28,Google Ads,Completed
ORD_14557,CUST_1305,2025-02-15 05:27:00,32.3,10.34,8.45,Meta Ads,Completed
ORD_14558,CUST_1536,2025-05-21 02:48:00,262.39,83.96,5.02,Organic Search,Completed
ORD_14559,CUST_2291,2025-03-19 09:34:00,57.98,18.55,8.68,Email Retention,Completed
ORD_14560,CUST_1901,2025-06-26 06:51:00,79.66,25.49,6.54,Meta Ads,Completed
ORD_14561,CUST_1054,2025-03-08 09:47:00,94.63,30.28,5.81,Google Ads,Completed
ORD_14562,CUST_2442,2025-05-09 17:49:00,57.05,18.26,7.38,Email Retention,Completed
ORD_14563,CUST_1183,2025-01-12 02:28:00,66.99,21.44,8.61,Meta Ads,Completed
ORD_14564,CUST_1722,2025-06-09 20:32:00,135.57,43.38,8.39,Meta Ads,Completed
ORD_14565,CUST_1043,2025-05-06 20:27:00,117.01,37.44,8.95,TikTok Ads,Completed
ORD_14566,CUST_1436,2025-01-28 18:58:00,74.55,23.86,9.14,TikTok Ads,Completed
ORD_14567,CUST_1520,2025-06-03 14:04:00,83.93,26.86,5.69,Meta Ads,Completed
ORD_14568,CUST_1100,2025-04-22 05:34:00,89.56,28.66,6.62,Meta Ads,Completed
ORD_14569,CUST_1635,2025-02-18 13:57:00,107.59,34.43,4.57,Meta Ads,Completed
ORD_14570,CUST_2138,2025-06-17 19:40:00,111.06,35.54,8.9,Meta Ads,Completed
ORD_14571,CUST_1605,2025-05-06 06:59:00,109.75,35.12,5.27,Google Ads,Completed
ORD_14572,CUST_1404,2025-01-27 22:44:00,69.04,22.09,8.81,Email Retention,Completed
ORD_14573,CUST_1354,2025-02-26 06:39:00,88.26,28.24,6.15,TikTok Ads,Completed
ORD_14574,CUST_1909,2025-01-10 14:53:00,129.1,41.31,6.34,Organic Search,Completed
ORD_14575,CUST_2181,2025-04-23 17:07:00,202.32,64.74,4.7,Meta Ads,Completed
ORD_14576,CUST_2205,2025-02-22 06:06:00,87.14,27.88,6.13,Organic Search,Refunded
ORD_14577,CUST_1288,2025-01-19 05:15:00,64.69,20.7,8.94,Organic Search,Completed
ORD_14578,CUST_2234,2025-05-01 01:58:00,56.53,18.09,4.63,Meta Ads,Completed
ORD_14579,CUST_1120,2025-05-30 13:30:00,110.13,35.24,6.53,TikTok Ads,Completed
ORD_14580,CUST_2208,2025-04-20 11:01:00,36.78,11.77,4.66,TikTok Ads,Completed
ORD_14581,CUST_1444,2025-01-25 04:52:00,110.63,35.4,6.35,TikTok Ads,Completed
ORD_14582,CUST_1425,2025-05-21 22:05:00,111.5,35.68,5.36,Meta Ads,Completed
ORD_14583,CUST_1080,2025-05-06 22:28:00,65.8,21.06,5.76,Meta Ads,Completed
ORD_14584,CUST_1363,2025-04-23 14:37:00,93.68,29.98,8.89,Google Ads,Completed
ORD_14585,CUST_2220,2025-01-20 15:01:00,75.71,24.23,6.68,Email Retention,Completed
ORD_14586,CUST_2079,2025-04-09 03:11:00,42.11,13.48,5.87,Meta Ads,Completed
ORD_14587,CUST_1337,2025-05-18 11:39:00,107.01,34.24,7.45,Google Ads,Completed
ORD_14588,CUST_2241,2025-04-09 11:56:00,102.72,32.87,5.21,Organic Search,Refunded
ORD_14589,CUST_1754,2025-02-10 23:58:00,68.28,21.85,5.8,Meta Ads,Completed
ORD_14590,CUST_2239,2025-03-12 13:44:00,200.88,64.28,7.23,Meta Ads,Completed
ORD_14591,CUST_2442,2025-01-05 13:43:00,84.25,26.96,5.69,Meta Ads,Completed
ORD_14592,CUST_1715,2025-06-23 14:42:00,30.68,9.82,7.9,Google Ads,Completed
ORD_14593,CUST_1362,2025-01-08 01:25:00,132.12,42.28,6.96,TikTok Ads,Completed
ORD_14594,CUST_2290,2025-06-24 18:04:00,118.53,37.93,8.36,Google Ads,Completed
ORD_14595,CUST_2356,2025-02-09 08:35:00,124.79,39.93,9.24,Google Ads,Completed
ORD_14596,CUST_2328,2025-02-21 20:24:00,51.17,16.37,5.08,TikTok Ads,Completed
ORD_14597,CUST_1529,2025-01-24 14:17:00,92.55,29.62,6.17,Meta Ads,Completed
ORD_14598,CUST_1201,2025-04-17 23:58:00,83.6,26.75,6.1,TikTok Ads,Completed
ORD_14599,CUST_1872,2025-02-14 01:53:00,77.42,24.77,5.26,Meta Ads,Completed
ORD_14600,CUST_1923,2025-05-26 15:12:00,147.54,47.21,8.55,Meta Ads,Completed
ORD_14601,CUST_1903,2025-04-15 15:43:00,84.78,27.13,8.3,TikTok Ads,Completed
ORD_14602,CUST_1163,2025-06-19 18:15:00,69.39,22.2,6.92,Meta Ads,Completed
ORD_14603,CUST_1219,2025-02-20 15:09:00,69.07,22.1,7.19,Google Ads,Completed
ORD_14604,CUST_1238,2025-06-26 03:58:00,49.26,15.76,4.8,Email Retention,Completed
ORD_14605,CUST_2377,2025-06-03 23:05:00,88.55,28.34,7.28,Meta Ads,Completed
ORD_14606,CUST_1990,2025-04-15 16:30:00,152.62,48.84,8.46,Meta Ads,Completed
ORD_14607,CUST_1241,2025-06-17 07:54:00,72.05,23.06,7.37,Google Ads,Refunded
ORD_14608,CUST_2253,2025-05-26 02:05:00,94.89,30.36,5.83,TikTok Ads,Completed
ORD_14609,CUST_1860,2025-05-22 16:20:00,76.86,24.6,7.84,Meta Ads,Completed
ORD_14610,CUST_2266,2025-01-13 10:37:00,80.69,25.82,6.31,Meta Ads,Completed
ORD_14611,CUST_2372,2025-06-19 21:11:00,120.91,38.69,7.22,Meta Ads,Completed
ORD_14612,CUST_1193,2025-01-07 12:22:00,48.95,15.66,6.94,Google Ads,Completed
ORD_14613,CUST_2135,2025-04-07 02:38:00,38.67,12.37,6.41,Meta Ads,Completed
ORD_14614,CUST_1551,2025-06-23 06:45:00,132.21,42.31,8.09,Email Retention,Completed
ORD_14615,CUST_1315,2025-06-29 20:47:00,64.96,20.79,8.92,Meta Ads,Completed
ORD_14616,CUST_1377,2025-04-24 09:08:00,69.78,22.33,4.53,TikTok Ads,Completed
ORD_14617,CUST_1493,2025-01-27 10:39:00,220.55,70.58,9.17,Organic Search,Completed
ORD_14618,CUST_2092,2025-05-11 06:49:00,118.2,37.82,7.06,Meta Ads,Completed
ORD_14619,CUST_1792,2025-04-13 08:14:00,54.68,17.5,8.0,Email Retention,Completed
ORD_14620,CUST_2355,2025-02-27 16:05:00,136.35,43.63,8.78,Google Ads,Completed
ORD_14621,CUST_1156,2025-02-04 04:04:00,119.43,38.22,6.84,TikTok Ads,Completed
ORD_14622,CUST_2131,2025-04-06 08:39:00,13.66,4.37,8.67,Google Ads,Completed
ORD_14623,CUST_1913,2025-01-28 13:31:00,90.04,28.81,5.39,Meta Ads,Completed
ORD_14624,CUST_1907,2025-04-19 10:19:00,50.15,16.05,5.3,TikTok Ads,Completed
ORD_14625,CUST_1941,2025-02-26 06:16:00,80.61,25.8,7.79,TikTok Ads,Completed
ORD_14626,CUST_1785,2025-04-12 09:37:00,202.62,64.84,8.85,Email Retention,Completed
ORD_14627,CUST_2335,2025-04-21 13:53:00,123.2,39.42,8.96,Google Ads,Completed
ORD_14628,CUST_1177,2025-05-23 05:47:00,130.62,41.8,7.72,Google Ads,Completed
ORD_14629,CUST_2278,2025-05-08 02:57:00,76.93,24.62,7.13,TikTok Ads,Completed
ORD_14630,CUST_1173,2025-03-30 12:43:00,130.89,41.88,6.16,Meta Ads,Refunded
ORD_14631,CUST_2205,2025-05-13 01:25:00,58.95,18.86,9.4,Meta Ads,Completed
ORD_14632,CUST_1463,2025-01-23 20:26:00,89.52,28.65,6.1,Google Ads,Completed
ORD_14633,CUST_1564,2025-06-24 08:19:00,120.66,38.61,8.22,Meta Ads,Completed
ORD_14634,CUST_2397,2025-01-04 00:27:00,119.01,38.08,7.16,TikTok Ads,Completed
ORD_14635,CUST_1728,2025-04-14 04:54:00,39.9,12.77,7.54,Email Retention,Completed
ORD_14636,CUST_2179,2025-04-29 00:30:00,182.41,58.37,6.47,Meta Ads,Refunded
ORD_14637,CUST_2050,2025-02-09 11:49:00,53.56,17.14,9.32,Meta Ads,Completed
ORD_14638,CUST_1188,2025-06-22 16:35:00,238.67,76.37,7.36,Google Ads,Completed
ORD_14639,CUST_1065,2025-01-04 19:48:00,122.27,39.13,9.19,TikTok Ads,Completed
ORD_14640,CUST_1393,2025-04-12 16:08:00,117.6,37.63,4.54,Meta Ads,Completed
ORD_14641,CUST_1488,2025-03-31 17:06:00,55.82,17.86,7.36,Email Retention,Completed
ORD_14642,CUST_2043,2025-01-23 16:10:00,66.25,21.2,8.09,Meta Ads,Completed
ORD_14643,CUST_1454,2025-05-19 12:57:00,175.72,56.23,8.23,Meta Ads,Completed
ORD_14644,CUST_1187,2025-01-05 04:31:00,165.36,52.92,9.02,Google Ads,Completed
ORD_14645,CUST_1765,2025-03-14 23:42:00,77.93,24.94,4.52,Google Ads,Completed
ORD_14646,CUST_2359,2025-01-22 21:26:00,74.89,23.96,4.5,Email Retention,Completed
ORD_14647,CUST_1421,2025-05-26 01:55:00,75.91,24.29,6.86,TikTok Ads,Completed
ORD_14648,CUST_1590,2025-02-23 12:28:00,136.77,43.77,4.65,Meta Ads,Completed
ORD_14649,CUST_2423,2025-04-15 10:40:00,130.83,41.87,9.37,Google Ads,Refunded
ORD_14650,CUST_1527,2025-01-21 12:47:00,100.02,32.01,5.61,Google Ads,Completed
ORD_14651,CUST_1038,2025-02-19 12:32:00,89.92,28.77,6.86,Meta Ads,Completed
ORD_14652,CUST_1713,2025-06-19 20:32:00,77.52,24.81,4.81,Organic Search,Completed
ORD_14653,CUST_2125,2025-01-12 20:54:00,229.83,73.55,7.11,Meta Ads,Completed
ORD_14654,CUST_1850,2025-06-25 08:01:00,42.17,13.49,6.4,Google Ads,Completed
ORD_14655,CUST_1251,2025-03-18 19:00:00,70.2,22.46,4.72,TikTok Ads,Completed
ORD_14656,CUST_1159,2025-05-17 18:31:00,96.9,31.01,6.18,Google Ads,Completed
ORD_14657,CUST_1570,2025-04-30 14:10:00,37.97,12.15,6.46,Meta Ads,Completed
ORD_14658,CUST_1502,2025-02-26 15:28:00,64.16,20.53,9.45,Google Ads,Completed
ORD_14659,CUST_2223,2025-03-08 16:48:00,201.42,64.45,5.54,Meta Ads,Refunded
ORD_14660,CUST_1874,2025-01-04 05:42:00,126.91,40.61,7.22,Email Retention,Completed
ORD_14661,CUST_1138,2025-04-07 22:59:00,63.91,20.45,9.44,Organic Search,Completed
ORD_14662,CUST_2338,2025-04-21 00:07:00,63.0,20.16,8.46,TikTok Ads,Completed
ORD_14663,CUST_1580,2025-01-03 18:42:00,42.33,13.55,9.47,Google Ads,Refunded
ORD_14664,CUST_1666,2025-06-18 07:32:00,68.16,21.81,9.34,Meta Ads,Completed
ORD_14665,CUST_1649,2025-06-16 15:54:00,108.11,34.6,6.95,Google Ads,Completed
ORD_14666,CUST_2069,2025-06-07 16:06:00,99.79,31.93,7.98,Meta Ads,Completed
ORD_14667,CUST_1167,2025-05-12 20:04:00,69.87,22.36,5.05,Meta Ads,Completed
ORD_14668,CUST_1646,2025-06-07 14:45:00,53.19,17.02,6.71,Meta Ads,Completed
ORD_14669,CUST_1634,2025-03-07 10:12:00,77.04,24.65,8.55,TikTok Ads,Completed
ORD_14670,CUST_1235,2025-03-18 21:36:00,76.25,24.4,7.03,Google Ads,Completed
ORD_14671,CUST_1472,2025-05-16 11:51:00,119.58,38.27,8.01,Meta Ads,Completed
ORD_14672,CUST_1677,2025-03-13 21:20:00,93.29,29.85,8.23,Google Ads,Completed
ORD_14673,CUST_1946,2025-05-10 03:31:00,87.65,28.05,5.77,Meta Ads,Completed
ORD_14674,CUST_1724,2025-02-25 16:27:00,142.19,45.5,8.88,Google Ads,Completed
ORD_14675,CUST_1842,2025-02-16 06:29:00,164.67,52.69,6.8,TikTok Ads,Completed
ORD_14676,CUST_1720,2025-01-02 22:42:00,99.24,31.76,5.55,Email Retention,Completed
ORD_14677,CUST_1576,2025-03-29 11:38:00,100.35,32.11,8.83,Organic Search,Completed
ORD_14678,CUST_1191,2025-06-07 05:19:00,79.53,25.45,6.59,Meta Ads,Completed
ORD_14679,CUST_1941,2025-04-04 19:34:00,55.46,17.75,8.25,Organic Search,Completed
ORD_14680,CUST_1766,2025-05-23 06:48:00,123.87,39.64,7.24,TikTok Ads,Completed
ORD_14681,CUST_1903,2025-01-14 17:11:00,113.14,36.2,6.41,TikTok Ads,Completed
ORD_14682,CUST_2409,2025-02-27 14:36:00,82.54,26.41,8.55,TikTok Ads,Completed
ORD_14683,CUST_1402,2025-03-21 07:23:00,93.43,29.9,7.42,Email Retention,Completed
ORD_14684,CUST_2135,2025-05-24 10:31:00,137.93,44.14,6.45,TikTok Ads,Completed
ORD_14685,CUST_1630,2025-03-17 12:55:00,148.32,47.46,5.05,Google Ads,Completed
ORD_14686,CUST_2344,2025-06-06 15:03:00,21.52,6.89,8.98,TikTok Ads,Completed
ORD_14687,CUST_1732,2025-06-26 19:58:00,61.9,19.81,4.68,Organic Search,Refunded
ORD_14688,CUST_1499,2025-03-29 18:15:00,82.42,26.37,8.82,Google Ads,Completed
ORD_14689,CUST_1148,2025-01-31 06:21:00,49.22,15.75,6.3,TikTok Ads,Completed
ORD_14690,CUST_1145,2025-02-15 05:07:00,94.55,30.26,7.7,Google Ads,Completed
ORD_14691,CUST_1863,2025-03-14 12:03:00,63.46,20.31,9.11,Email Retention,Completed
ORD_14692,CUST_1147,2025-05-10 13:21:00,96.01,30.72,5.26,Organic Search,Completed
ORD_14693,CUST_1563,2025-05-15 08:57:00,64.38,20.6,7.33,Meta Ads,Completed
ORD_14694,CUST_1329,2025-06-20 10:22:00,65.69,21.02,8.32,Meta Ads,Completed
ORD_14695,CUST_2426,2025-01-11 03:15:00,95.67,30.61,8.29,Google Ads,Completed
ORD_14696,CUST_1424,2025-02-12 12:07:00,126.3,40.42,7.13,Organic Search,Completed
ORD_14697,CUST_1519,2025-05-17 14:01:00,110.18,35.26,7.62,Email Retention,Completed
ORD_14698,CUST_2313,2025-04-02 04:01:00,82.74,26.48,8.29,Email Retention,Completed
ORD_14699,CUST_2312,2025-04-28 05:43:00,32.07,10.26,8.71,Organic Search,Completed
ORD_14700,CUST_2231,2025-05-05 14:39:00,64.93,20.78,8.31,Meta Ads,Completed
ORD_14701,CUST_1927,2025-02-06 07:23:00,61.59,19.71,6.27,Email Retention,Completed
ORD_14702,CUST_2243,2025-04-12 08:56:00,116.23,37.19,9.48,Google Ads,Completed
ORD_14703,CUST_2222,2025-04-17 17:08:00,90.28,28.89,6.67,Meta Ads,Completed
ORD_14704,CUST_2444,2025-01-04 16:43:00,91.81,29.38,4.62,Google Ads,Completed
ORD_14705,CUST_2138,2025-06-21 23:18:00,56.7,18.14,6.31,Meta Ads,Completed
ORD_14706,CUST_1024,2025-04-27 17:30:00,151.01,48.32,5.14,Google Ads,Completed
ORD_14707,CUST_2328,2025-02-26 11:14:00,91.53,29.29,5.11,Email Retention,Completed
ORD_14708,CUST_2438,2025-04-03 21:34:00,55.06,17.62,5.91,Organic Search,Completed
ORD_14709,CUST_2369,2025-06-26 00:00:00,56.98,18.23,4.77,TikTok Ads,Completed
ORD_14710,CUST_2156,2025-06-12 16:02:00,97.6,31.23,7.94,Email Retention,Completed
ORD_14711,CUST_1319,2025-04-26 21:37:00,54.05,17.3,4.87,Google Ads,Completed
ORD_14712,CUST_2295,2025-02-01 16:49:00,61.97,19.83,5.52,Meta Ads,Completed
ORD_14713,CUST_1044,2025-01-13 01:34:00,48.04,15.37,4.96,Meta Ads,Refunded
ORD_14714,CUST_1644,2025-04-16 07:48:00,115.81,37.06,4.82,Meta Ads,Completed
ORD_14715,CUST_1386,2025-04-30 16:24:00,54.67,17.49,5.84,Organic Search,Completed
ORD_14716,CUST_2271,2025-06-14 17:12:00,162.21,51.91,7.36,Meta Ads,Completed
ORD_14717,CUST_1510,2025-01-10 02:57:00,103.11,33.0,9.32,Google Ads,Completed
ORD_14718,CUST_1636,2025-03-09 08:08:00,47.95,15.34,8.88,Google Ads,Completed
ORD_14719,CUST_1951,2025-06-27 10:44:00,109.73,35.11,8.88,TikTok Ads,Completed
ORD_14720,CUST_2122,2025-04-25 15:27:00,151.13,48.36,5.38,Google Ads,Completed
ORD_14721,CUST_2123,2025-03-20 03:04:00,81.09,25.95,5.82,TikTok Ads,Completed
ORD_14722,CUST_2066,2025-04-20 15:46:00,159.09,50.91,4.88,Meta Ads,Completed
ORD_14723,CUST_1294,2025-05-13 20:27:00,104.0,33.28,8.39,TikTok Ads,Completed
ORD_14724,CUST_1950,2025-01-13 00:36:00,63.49,20.32,4.85,Organic Search,Completed
ORD_14725,CUST_1364,2025-02-18 07:29:00,202.87,64.92,7.28,Meta Ads,Completed
ORD_14726,CUST_1115,2025-05-26 16:04:00,41.74,13.36,5.74,Meta Ads,Completed
ORD_14727,CUST_2098,2025-01-05 19:56:00,72.1,23.07,5.72,Meta Ads,Completed
ORD_14728,CUST_1883,2025-01-20 08:08:00,82.74,26.48,9.45,Email Retention,Completed
ORD_14729,CUST_1266,2025-04-26 09:23:00,187.15,59.89,8.28,Google Ads,Completed
ORD_14730,CUST_2291,2025-06-07 08:27:00,117.02,37.45,8.68,Google Ads,Completed
ORD_14731,CUST_2311,2025-04-15 13:50:00,108.22,34.63,7.36,Meta Ads,Completed
ORD_14732,CUST_2369,2025-02-04 05:21:00,58.89,18.84,8.86,Meta Ads,Completed
ORD_14733,CUST_2108,2025-05-07 13:09:00,79.68,25.5,7.73,Email Retention,Completed
ORD_14734,CUST_2024,2025-01-30 14:33:00,64.21,20.55,9.23,TikTok Ads,Completed
ORD_14735,CUST_1957,2025-05-19 13:33:00,106.59,34.11,5.91,Google Ads,Completed
ORD_14736,CUST_1315,2025-06-30 15:37:00,140.33,44.91,7.48,Google Ads,Completed
ORD_14737,CUST_1572,2025-05-19 16:00:00,223.94,71.66,7.95,Meta Ads,Completed
ORD_14738,CUST_1073,2025-04-21 22:11:00,67.63,21.64,6.46,Google Ads,Refunded
ORD_14739,CUST_1843,2025-06-03 09:56:00,41.14,13.16,8.9,Google Ads,Completed
ORD_14740,CUST_2180,2025-03-18 11:56:00,72.67,23.25,9.4,Meta Ads,Completed
ORD_14741,CUST_1979,2025-05-13 06:18:00,131.71,42.15,6.97,Meta Ads,Completed
ORD_14742,CUST_2491,2025-05-03 22:47:00,55.44,17.74,6.45,Meta Ads,Completed
ORD_14743,CUST_2138,2025-05-04 03:59:00,84.12,26.92,6.86,Meta Ads,Completed
ORD_14744,CUST_1077,2025-04-09 18:41:00,108.85,34.83,8.76,Google Ads,Completed
ORD_14745,CUST_1231,2025-04-30 18:01:00,68.29,21.85,7.73,Google Ads,Completed
ORD_14746,CUST_2235,2025-05-03 01:55:00,93.34,29.87,4.72,Meta Ads,Completed
ORD_14747,CUST_2071,2025-01-10 09:53:00,52.85,16.91,7.21,Meta Ads,Completed
ORD_14748,CUST_1852,2025-02-19 06:56:00,144.72,46.31,4.59,Meta Ads,Completed
ORD_14749,CUST_1194,2025-06-16 01:35:00,75.24,24.08,8.39,Google Ads,Completed
ORD_14750,CUST_2249,2025-05-17 09:10:00,92.1,29.47,6.14,TikTok Ads,Completed
ORD_14751,CUST_1847,2025-05-23 04:12:00,32.78,10.49,6.86,Email Retention,Completed
ORD_14752,CUST_1341,2025-04-08 13:39:00,49.28,15.77,8.49,Meta Ads,Completed
ORD_14753,CUST_2123,2025-05-04 14:15:00,129.73,41.51,4.73,TikTok Ads,Completed
ORD_14754,CUST_1143,2025-05-05 07:20:00,67.83,21.71,5.29,Email Retention,Completed
ORD_14755,CUST_1426,2025-05-17 20:50:00,54.16,17.33,6.49,Meta Ads,Completed
ORD_14756,CUST_1563,2025-04-19 02:04:00,39.46,12.63,5.65,Meta Ads,Completed
ORD_14757,CUST_1246,2025-03-29 21:44:00,143.49,45.92,6.19,Meta Ads,Completed
ORD_14758,CUST_1432,2025-01-27 15:49:00,114.74,36.72,9.49,Meta Ads,Completed
ORD_14759,CUST_1961,2025-03-02 00:28:00,111.36,35.64,8.63,Meta Ads,Completed
ORD_14760,CUST_1990,2025-02-22 02:35:00,168.81,54.02,8.92,Meta Ads,Completed
ORD_14761,CUST_2485,2025-03-22 05:17:00,72.13,23.08,9.19,Meta Ads,Refunded
ORD_14762,CUST_1186,2025-01-28 05:56:00,41.39,13.24,6.2,Email Retention,Completed
ORD_14763,CUST_1411,2025-02-17 23:52:00,86.39,27.64,5.99,Meta Ads,Completed
ORD_14764,CUST_1051,2025-04-08 16:18:00,183.37,58.68,5.67,Organic Search,Completed
ORD_14765,CUST_1757,2025-01-18 15:33:00,87.2,27.9,8.65,Meta Ads,Completed
ORD_14766,CUST_2044,2025-04-05 22:13:00,138.68,44.38,7.9,TikTok Ads,Completed
ORD_14767,CUST_1233,2025-02-05 07:45:00,42.2,13.5,5.68,Google Ads,Refunded
ORD_14768,CUST_1281,2025-03-09 05:21:00,58.32,18.66,6.38,Email Retention,Completed
ORD_14769,CUST_1369,2025-02-14 16:19:00,126.26,40.4,7.03,Google Ads,Completed
ORD_14770,CUST_1246,2025-01-25 21:27:00,91.25,29.2,7.14,Google Ads,Refunded
ORD_14771,CUST_2454,2025-01-16 08:16:00,80.4,25.73,8.94,Google Ads,Completed
ORD_14772,CUST_1131,2025-01-16 22:28:00,137.82,44.1,6.4,TikTok Ads,Completed
ORD_14773,CUST_1166,2025-05-28 13:56:00,125.5,40.16,9.04,Meta Ads,Completed
ORD_14774,CUST_2402,2025-02-04 20:12:00,92.37,29.56,6.71,TikTok Ads,Completed
ORD_14775,CUST_1990,2025-02-20 08:46:00,21.68,6.94,8.23,Google Ads,Completed
ORD_14776,CUST_1157,2025-01-25 07:41:00,84.71,27.11,9.15,Meta Ads,Completed
ORD_14777,CUST_1548,2025-05-12 04:03:00,102.56,32.82,9.04,Google Ads,Completed
ORD_14778,CUST_2490,2025-02-16 03:29:00,33.25,10.64,4.78,Meta Ads,Completed
ORD_14779,CUST_1128,2025-03-22 11:25:00,100.99,32.32,5.53,Meta Ads,Completed
ORD_14780,CUST_2464,2025-01-23 00:45:00,140.64,45.0,6.88,Meta Ads,Completed
ORD_14781,CUST_1189,2025-05-17 02:19:00,84.64,27.08,6.66,Meta Ads,Completed
ORD_14782,CUST_1919,2025-02-28 14:44:00,51.17,16.37,7.7,TikTok Ads,Completed
ORD_14783,CUST_1973,2025-04-03 18:16:00,23.27,7.45,9.22,Meta Ads,Completed
ORD_14784,CUST_2212,2025-06-08 21:51:00,101.9,32.61,5.06,Google Ads,Completed
ORD_14785,CUST_1996,2025-06-29 06:00:00,35.46,11.35,6.76,TikTok Ads,Completed
ORD_14786,CUST_1090,2025-02-10 11:57:00,110.94,35.5,5.46,TikTok Ads,Completed
ORD_14787,CUST_2064,2025-01-16 03:19:00,179.33,57.39,8.97,Email Retention,Completed
ORD_14788,CUST_1638,2025-01-18 19:38:00,25.22,8.07,9.32,Email Retention,Completed
ORD_14789,CUST_1133,2025-06-04 23:46:00,59.63,19.08,6.89,Meta Ads,Completed
ORD_14790,CUST_1564,2025-03-09 12:11:00,76.12,24.36,5.02,Organic Search,Completed
ORD_14791,CUST_1457,2025-05-08 05:56:00,184.0,58.88,8.43,Organic Search,Completed
ORD_14792,CUST_1989,2025-06-22 19:35:00,89.39,28.6,7.99,Meta Ads,Completed
ORD_14793,CUST_1466,2025-04-10 17:57:00,68.15,21.81,6.27,Organic Search,Completed
ORD_14794,CUST_2249,2025-05-09 18:33:00,131.7,42.14,8.94,TikTok Ads,Completed
ORD_14795,CUST_2323,2025-04-26 08:57:00,69.93,22.38,9.38,Google Ads,Completed
ORD_14796,CUST_1023,2025-06-13 19:10:00,57.71,18.47,7.29,Google Ads,Completed
ORD_14797,CUST_1711,2025-01-22 03:25:00,110.17,35.25,7.33,Organic Search,Completed
ORD_14798,CUST_1107,2025-06-22 13:57:00,136.46,43.67,5.99,TikTok Ads,Completed
ORD_14799,CUST_1421,2025-04-01 23:01:00,19.34,6.19,7.42,Meta Ads,Completed
ORD_14800,CUST_1527,2025-01-23 04:01:00,57.51,18.4,6.7,TikTok Ads,Completed
ORD_14801,CUST_1830,2025-01-15 03:37:00,92.79,29.69,6.01,Meta Ads,Completed
ORD_14802,CUST_1324,2025-06-08 15:59:00,77.68,24.86,4.84,Meta Ads,Completed
ORD_14803,CUST_2026,2025-06-09 12:47:00,83.53,26.73,5.76,TikTok Ads,Completed
ORD_14804,CUST_1072,2025-03-28 11:15:00,51.42,16.45,5.49,Google Ads,Completed
ORD_14805,CUST_2039,2025-05-08 06:35:00,113.96,36.47,7.21,TikTok Ads,Refunded
ORD_14806,CUST_1456,2025-01-14 10:08:00,161.9,51.81,7.51,Google Ads,Completed
ORD_14807,CUST_1643,2025-04-02 03:37:00,56.87,18.2,7.54,TikTok Ads,Completed
ORD_14808,CUST_1062,2025-02-26 04:25:00,113.92,36.45,6.44,Meta Ads,Completed
ORD_14809,CUST_2277,2025-04-30 11:20:00,130.33,41.71,6.61,TikTok Ads,Completed
ORD_14810,CUST_1747,2025-02-22 20:29:00,92.48,29.59,8.67,Meta Ads,Completed
ORD_14811,CUST_1020,2025-01-15 06:19:00,111.75,35.76,6.88,Email Retention,Completed
ORD_14812,CUST_2189,2025-05-28 10:13:00,60.1,19.23,9.44,Meta Ads,Completed
ORD_14813,CUST_1056,2025-06-07 04:11:00,157.78,50.49,6.7,Google Ads,Completed
ORD_14814,CUST_1484,2025-01-02 11:23:00,136.93,43.82,7.75,Organic Search,Completed
ORD_14815,CUST_1516,2025-04-10 03:02:00,143.95,46.06,4.75,Meta Ads,Completed
ORD_14816,CUST_1174,2025-03-11 01:22:00,47.13,15.08,7.77,Meta Ads,Completed
ORD_14817,CUST_1342,2025-04-22 08:11:00,105.4,33.73,8.76,Meta Ads,Completed
ORD_14818,CUST_2158,2025-03-14 13:59:00,62.25,19.92,9.21,Google Ads,Completed
ORD_14819,CUST_2038,2025-01-15 08:52:00,163.87,52.44,9.49,Meta Ads,Completed
ORD_14820,CUST_1590,2025-04-12 21:51:00,57.46,18.39,5.91,Meta Ads,Completed
ORD_14821,CUST_1649,2025-01-05 19:18:00,94.19,30.14,7.38,Meta Ads,Completed
ORD_14822,CUST_2248,2025-01-07 17:59:00,28.32,9.06,6.75,Email Retention,Completed
ORD_14823,CUST_1453,2025-05-31 05:08:00,93.97,30.07,7.32,Google Ads,Completed
ORD_14824,CUST_1713,2025-05-30 22:34:00,47.4,15.17,5.29,TikTok Ads,Completed
ORD_14825,CUST_1568,2025-02-22 23:53:00,107.84,34.51,8.78,Organic Search,Completed
ORD_14826,CUST_2488,2025-02-21 15:30:00,78.76,25.2,9.05,Organic Search,Completed
ORD_14827,CUST_1414,2025-06-10 13:55:00,70.91,22.69,6.75,Meta Ads,Completed
ORD_14828,CUST_1471,2025-05-26 21:53:00,165.75,53.04,5.9,Meta Ads,Completed
ORD_14829,CUST_1247,2025-01-15 17:06:00,209.35,66.99,5.2,Meta Ads,Completed
ORD_14830,CUST_1119,2025-05-20 15:33:00,40.49,12.96,7.92,Meta Ads,Refunded
ORD_14831,CUST_2090,2025-04-29 00:36:00,71.99,23.04,6.06,Meta Ads,Completed
ORD_14832,CUST_1975,2025-04-02 17:20:00,122.06,39.06,9.05,Meta Ads,Completed
ORD_14833,CUST_1680,2025-02-19 22:26:00,99.88,31.96,7.86,Google Ads,Completed
ORD_14834,CUST_1341,2025-02-08 15:46:00,119.04,38.09,7.73,TikTok Ads,Completed
ORD_14835,CUST_1984,2025-05-17 16:49:00,81.4,26.05,7.3,Meta Ads,Completed
ORD_14836,CUST_1903,2025-05-28 22:58:00,139.49,44.64,4.73,Google Ads,Completed
ORD_14837,CUST_1153,2025-04-22 13:40:00,92.33,29.55,9.16,Meta Ads,Completed
ORD_14838,CUST_2495,2025-03-07 01:25:00,102.55,32.82,7.64,Meta Ads,Completed
ORD_14839,CUST_1649,2025-05-04 20:27:00,47.43,15.18,9.47,Google Ads,Completed
ORD_14840,CUST_1957,2025-04-23 09:25:00,88.05,28.18,7.19,TikTok Ads,Completed
ORD_14841,CUST_2064,2025-01-01 01:23:00,122.65,39.25,8.05,Google Ads,Completed
ORD_14842,CUST_1691,2025-02-05 00:04:00,97.37,31.16,4.78,Organic Search,Completed
ORD_14843,CUST_1350,2025-05-12 14:18:00,190.73,61.03,7.66,Google Ads,Completed
ORD_14844,CUST_2267,2025-03-02 05:49:00,89.85,28.75,8.32,Email Retention,Completed
ORD_14845,CUST_1096,2025-04-16 19:40:00,105.46,33.75,8.39,Google Ads,Completed
ORD_14846,CUST_1878,2025-06-14 14:29:00,92.09,29.47,8.35,Meta Ads,Completed
ORD_14847,CUST_1038,2025-05-22 19:42:00,82.66,26.45,5.63,TikTok Ads,Completed
ORD_14848,CUST_1133,2025-01-15 20:11:00,124.37,39.8,9.38,Email Retention,Completed
ORD_14849,CUST_1843,2025-01-28 07:43:00,80.03,25.61,9.48,Organic Search,Completed
ORD_14850,CUST_2054,2025-02-25 13:29:00,45.95,14.7,4.88,TikTok Ads,Completed
ORD_14851,CUST_1623,2025-06-05 09:03:00,162.36,51.96,9.18,Organic Search,Completed
ORD_14852,CUST_2087,2025-06-28 03:47:00,63.16,20.21,5.95,Email Retention,Completed
ORD_14853,CUST_2226,2025-01-04 17:50:00,39.45,12.62,7.95,TikTok Ads,Completed
ORD_14854,CUST_1254,2025-01-28 17:58:00,111.34,35.63,6.19,Meta Ads,Completed
ORD_14855,CUST_1993,2025-01-28 14:06:00,171.72,54.95,9.34,Organic Search,Completed
ORD_14856,CUST_1835,2025-03-17 16:27:00,112.54,36.01,5.01,Google Ads,Completed
ORD_14857,CUST_2150,2025-03-23 11:17:00,151.9,48.61,6.99,Meta Ads,Completed
ORD_14858,CUST_1849,2025-05-21 13:37:00,54.39,17.4,6.64,Meta Ads,Completed
ORD_14859,CUST_2329,2025-05-11 01:00:00,46.28,14.81,6.13,Meta Ads,Completed
ORD_14860,CUST_1265,2025-06-22 12:33:00,71.87,23.0,7.73,Email Retention,Completed
ORD_14861,CUST_1226,2025-06-27 19:39:00,134.85,43.15,5.16,Meta Ads,Completed
ORD_14862,CUST_1234,2025-05-17 16:20:00,108.01,34.56,8.08,Google Ads,Completed
ORD_14863,CUST_2104,2025-05-07 17:01:00,111.63,35.72,9.4,Email Retention,Completed
ORD_14864,CUST_1077,2025-04-22 15:51:00,89.83,28.75,8.52,Organic Search,Completed
ORD_14865,CUST_2309,2025-05-05 21:58:00,72.53,23.21,8.8,Meta Ads,Completed
ORD_14866,CUST_1331,2025-05-30 03:17:00,91.69,29.34,6.3,Meta Ads,Completed
ORD_14867,CUST_1308,2025-05-08 10:25:00,78.73,25.19,6.12,Meta Ads,Completed
ORD_14868,CUST_1635,2025-05-04 00:28:00,70.16,22.45,7.09,Meta Ads,Completed
ORD_14869,CUST_1068,2025-03-01 13:33:00,101.11,32.36,4.73,Google Ads,Completed
ORD_14870,CUST_1947,2025-05-16 13:56:00,75.25,24.08,9.23,Google Ads,Completed
ORD_14871,CUST_2330,2025-03-25 21:03:00,95.91,30.69,5.22,TikTok Ads,Completed
ORD_14872,CUST_2119,2025-04-19 09:35:00,30.04,9.61,9.02,Google Ads,Completed
ORD_14873,CUST_1438,2025-04-14 18:01:00,92.31,29.54,4.92,Meta Ads,Completed
ORD_14874,CUST_2426,2025-05-15 08:22:00,75.04,24.01,8.61,Organic Search,Completed
ORD_14875,CUST_1486,2025-04-29 07:27:00,155.58,49.79,5.26,TikTok Ads,Completed
ORD_14876,CUST_1572,2025-01-29 15:59:00,38.54,12.33,4.69,Meta Ads,Completed
ORD_14877,CUST_1245,2025-06-12 16:34:00,89.2,28.54,8.1,Meta Ads,Completed
ORD_14878,CUST_1980,2025-04-20 21:10:00,123.32,39.46,5.9,TikTok Ads,Completed
ORD_14879,CUST_1798,2025-01-04 10:43:00,80.2,25.66,8.07,Organic Search,Completed
ORD_14880,CUST_1203,2025-04-25 07:57:00,73.85,23.63,7.28,TikTok Ads,Completed
ORD_14881,CUST_1983,2025-05-21 01:48:00,123.13,39.4,5.04,Email Retention,Completed
ORD_14882,CUST_1749,2025-02-10 19:08:00,106.82,34.18,9.16,Meta Ads,Completed
ORD_14883,CUST_1172,2025-03-14 00:36:00,110.45,35.34,6.76,Organic Search,Completed
ORD_14884,CUST_2309,2025-01-05 03:26:00,70.23,22.47,8.17,Organic Search,Completed
ORD_14885,CUST_1804,2025-05-31 22:05:00,66.11,21.16,7.01,Organic Search,Completed
ORD_14886,CUST_2381,2025-03-17 08:58:00,95.96,30.71,7.52,Meta Ads,Completed
ORD_14887,CUST_1730,2025-03-30 04:16:00,127.72,40.87,6.01,Meta Ads,Completed
ORD_14888,CUST_1797,2025-01-07 20:31:00,43.03,13.77,5.5,Meta Ads,Completed
ORD_14889,CUST_2102,2025-04-28 10:52:00,81.52,26.09,7.21,Organic Search,Completed
ORD_14890,CUST_2334,2025-04-18 16:13:00,67.51,21.6,6.7,Meta Ads,Completed
ORD_14891,CUST_2316,2025-01-01 03:43:00,86.06,27.54,6.45,Google Ads,Completed
ORD_14892,CUST_1334,2025-03-04 23:00:00,118.12,37.8,7.86,Organic Search,Completed
ORD_14893,CUST_1073,2025-02-13 11:12:00,56.93,18.22,7.95,Meta Ads,Completed
ORD_14894,CUST_2036,2025-06-30 20:59:00,112.22,35.91,4.73,Google Ads,Completed
ORD_14895,CUST_2357,2025-05-22 13:30:00,71.34,22.83,6.19,Meta Ads,Completed
ORD_14896,CUST_1790,2025-05-13 22:59:00,136.7,43.74,6.56,Meta Ads,Completed
ORD_14897,CUST_1285,2025-03-26 08:07:00,58.55,18.74,4.98,Email Retention,Refunded
ORD_14898,CUST_2132,2025-03-18 17:13:00,126.92,40.61,5.68,Google Ads,Completed
ORD_14899,CUST_1116,2025-01-12 00:35:00,45.34,14.51,4.76,TikTok Ads,Completed
ORD_14900,CUST_1484,2025-01-22 13:39:00,93.07,29.78,9.48,Meta Ads,Completed
ORD_14901,CUST_1628,2025-05-28 08:05:00,113.28,36.25,8.18,TikTok Ads,Completed
ORD_14902,CUST_1978,2025-05-02 00:34:00,59.3,18.98,4.94,Google Ads,Completed
ORD_14903,CUST_1541,2025-04-24 16:18:00,25.68,8.22,4.6,Meta Ads,Completed
ORD_14904,CUST_1313,2025-05-27 11:58:00,68.57,21.94,8.1,TikTok Ads,Completed
ORD_14905,CUST_1995,2025-06-20 17:32:00,86.48,27.67,6.7,Organic Search,Completed
ORD_14906,CUST_1027,2025-01-16 09:57:00,73.72,23.59,8.43,Meta Ads,Completed
ORD_14907,CUST_1219,2025-03-28 18:03:00,65.55,20.98,9.12,Meta Ads,Completed
ORD_14908,CUST_1916,2025-03-07 11:32:00,123.96,39.67,7.5,Meta Ads,Completed
ORD_14909,CUST_1498,2025-03-03 06:52:00,142.93,45.74,5.44,Google Ads,Completed
ORD_14910,CUST_1157,2025-02-14 18:55:00,139.16,44.53,8.41,Meta Ads,Completed
ORD_14911,CUST_2443,2025-06-28 10:36:00,104.83,33.55,9.28,TikTok Ads,Completed
ORD_14912,CUST_2360,2025-06-10 23:31:00,111.19,35.58,7.4,Meta Ads,Refunded
ORD_14913,CUST_2421,2025-05-01 07:23:00,54.6,17.47,7.91,Google Ads,Completed
ORD_14914,CUST_1291,2025-06-26 17:37:00,82.85,26.51,6.19,Email Retention,Completed
ORD_14915,CUST_1859,2025-05-01 13:18:00,89.73,28.71,6.41,Organic Search,Completed
ORD_14916,CUST_1723,2025-06-03 09:15:00,97.53,31.21,8.17,Meta Ads,Completed
ORD_14917,CUST_2087,2025-01-13 09:47:00,96.76,30.96,9.14,Google Ads,Completed
ORD_14918,CUST_2199,2025-04-29 12:27:00,86.58,27.71,7.64,TikTok Ads,Completed
ORD_14919,CUST_2434,2025-03-10 05:55:00,104.29,33.37,8.45,TikTok Ads,Completed
ORD_14920,CUST_1397,2025-06-21 18:01:00,94.84,30.35,5.36,TikTok Ads,Completed
ORD_14921,CUST_2434,2025-04-06 02:36:00,94.74,30.32,5.56,TikTok Ads,Completed
ORD_14922,CUST_2130,2025-03-15 07:05:00,61.21,19.59,7.16,TikTok Ads,Completed
ORD_14923,CUST_1725,2025-04-08 21:59:00,48.58,15.55,5.38,Google Ads,Completed
ORD_14924,CUST_1293,2025-06-09 08:19:00,97.75,31.28,7.67,Google Ads,Completed
ORD_14925,CUST_1315,2025-04-03 09:05:00,69.98,22.39,5.96,TikTok Ads,Completed
ORD_14926,CUST_2101,2025-06-20 09:46:00,62.57,20.02,8.46,Meta Ads,Completed
ORD_14927,CUST_1429,2025-03-28 14:47:00,114.58,36.67,8.54,Google Ads,Completed
ORD_14928,CUST_2160,2025-04-06 02:15:00,83.26,26.64,6.82,Organic Search,Completed
ORD_14929,CUST_1230,2025-04-23 11:32:00,152.21,48.71,5.4,Google Ads,Completed
ORD_14930,CUST_1804,2025-05-05 08:23:00,109.19,34.94,7.73,Organic Search,Completed
ORD_14931,CUST_2380,2025-05-12 07:38:00,59.41,19.01,9.46,Meta Ads,Completed
ORD_14932,CUST_1889,2025-03-21 17:18:00,115.2,36.86,7.61,Meta Ads,Completed
ORD_14933,CUST_1827,2025-02-18 01:16:00,102.08,32.67,4.68,Email Retention,Completed
ORD_14934,CUST_1545,2025-06-27 02:36:00,58.34,18.67,4.59,Email Retention,Refunded
ORD_14935,CUST_1343,2025-04-09 00:34:00,66.04,21.13,6.1,Meta Ads,Completed
ORD_14936,CUST_2175,2025-06-30 03:42:00,112.8,36.1,5.48,Google Ads,Completed
ORD_14937,CUST_1716,2025-01-31 05:29:00,34.46,11.03,8.57,TikTok Ads,Completed
ORD_14938,CUST_2061,2025-03-20 19:56:00,27.73,8.87,8.72,Organic Search,Completed
ORD_14939,CUST_2068,2025-03-10 20:31:00,92.34,29.55,5.79,TikTok Ads,Completed
ORD_14940,CUST_1143,2025-03-22 17:07:00,89.26,28.56,6.13,Meta Ads,Completed
ORD_14941,CUST_2388,2025-02-17 00:33:00,96.04,30.73,5.68,Meta Ads,Completed
ORD_14942,CUST_2132,2025-02-16 20:00:00,89.38,28.6,9.04,TikTok Ads,Refunded
ORD_14943,CUST_2100,2025-02-25 14:00:00,103.7,33.18,7.01,Organic Search,Completed
ORD_14944,CUST_1092,2025-01-21 15:55:00,143.8,46.02,7.78,Organic Search,Completed
ORD_14945,CUST_1445,2025-01-19 05:16:00,85.74,27.44,6.58,TikTok Ads,Completed
ORD_14946,CUST_2417,2025-04-26 05:43:00,41.29,13.21,7.66,Google Ads,Completed
ORD_14947,CUST_1403,2025-02-04 21:11:00,32.3,10.34,6.43,Organic Search,Completed
ORD_14948,CUST_1546,2025-01-30 21:01:00,72.84,23.31,6.2,Meta Ads,Completed
ORD_14949,CUST_1504,2025-02-13 21:22:00,73.72,23.59,7.67,Meta Ads,Completed
ORD_14950,CUST_1038,2025-01-29 16:24:00,44.82,14.34,7.46,Meta Ads,Completed
ORD_14951,CUST_1078,2025-06-04 03:11:00,24.95,7.98,5.97,Meta Ads,Completed
ORD_14952,CUST_1507,2025-01-27 22:14:00,70.38,22.52,5.25,Meta Ads,Completed
ORD_14953,CUST_1755,2025-05-16 10:54:00,171.32,54.82,6.34,Email Retention,Completed
ORD_14954,CUST_1101,2025-02-06 20:22:00,101.81,32.58,6.58,Google Ads,Completed
ORD_14955,CUST_1254,2025-01-07 03:06:00,97.87,31.32,7.64,Google Ads,Completed
ORD_14956,CUST_1281,2025-06-09 16:24:00,79.11,25.32,9.07,Meta Ads,Completed
ORD_14957,CUST_1670,2025-06-13 01:28:00,72.79,23.29,4.68,Meta Ads,Completed
ORD_14958,CUST_2418,2025-01-02 02:06:00,106.38,34.04,5.72,Meta Ads,Completed
ORD_14959,CUST_1676,2025-04-01 23:28:00,47.46,15.19,5.47,TikTok Ads,Completed
ORD_14960,CUST_1599,2025-03-16 05:54:00,191.29,61.21,7.01,Google Ads,Completed
ORD_14961,CUST_1905,2025-03-10 02:54:00,49.22,15.75,6.65,Google Ads,Completed
ORD_14962,CUST_1569,2025-03-22 15:30:00,110.64,35.4,8.15,Meta Ads,Completed
ORD_14963,CUST_2435,2025-04-05 23:01:00,51.46,16.47,5.71,Organic Search,Completed
ORD_14964,CUST_2076,2025-03-08 13:06:00,90.39,28.92,7.47,Meta Ads,Completed
ORD_14965,CUST_1872,2025-02-11 21:47:00,115.9,37.09,8.92,Google Ads,Completed
ORD_14966,CUST_1846,2025-05-27 18:14:00,37.27,11.93,9.05,Google Ads,Completed
ORD_14967,CUST_2289,2025-02-24 03:50:00,54.23,17.35,9.29,Email Retention,Completed
ORD_14968,CUST_1744,2025-06-14 00:51:00,55.97,17.91,8.37,Meta Ads,Completed
ORD_14969,CUST_2478,2025-03-17 10:00:00,75.62,24.2,9.03,Meta Ads,Completed
ORD_14970,CUST_2085,2025-03-05 09:54:00,95.45,30.54,5.67,Meta Ads,Completed
ORD_14971,CUST_1415,2025-02-01 22:32:00,172.89,55.32,5.49,Meta Ads,Completed
ORD_14972,CUST_1585,2025-06-05 01:17:00,65.76,21.04,4.53,Google Ads,Completed
ORD_14973,CUST_1060,2025-05-15 04:24:00,167.93,53.74,8.03,Meta Ads,Completed
ORD_14974,CUST_1180,2025-06-25 07:00:00,100.22,32.07,9.19,Meta Ads,Completed
ORD_14975,CUST_1282,2025-04-29 23:48:00,48.41,15.49,5.43,Google Ads,Completed
ORD_14976,CUST_1194,2025-03-10 16:28:00,79.27,25.37,7.68,TikTok Ads,Completed
ORD_14977,CUST_1733,2025-05-08 15:48:00,41.65,13.33,8.23,Meta Ads,Completed
ORD_14978,CUST_1661,2025-01-14 07:08:00,72.86,23.32,9.14,Meta Ads,Completed
ORD_14979,CUST_2133,2025-03-29 07:47:00,70.55,22.58,7.73,Meta Ads,Completed
ORD_14980,CUST_1298,2025-02-10 08:41:00,91.06,29.14,9.35,Meta Ads,Completed
ORD_14981,CUST_1899,2025-05-19 13:19:00,110.81,35.46,6.22,Meta Ads,Completed
ORD_14982,CUST_2382,2025-03-17 07:39:00,82.12,26.28,6.25,Meta Ads,Completed
ORD_14983,CUST_1479,2025-05-21 09:17:00,51.13,16.36,7.22,Meta Ads,Completed
ORD_14984,CUST_1080,2025-01-19 03:10:00,204.74,65.52,6.42,Meta Ads,Completed
ORD_14985,CUST_1745,2025-04-11 23:37:00,151.92,48.61,4.51,Google Ads,Completed
ORD_14986,CUST_1432,2025-04-17 12:06:00,177.9,56.93,8.16,Meta Ads,Refunded
ORD_14987,CUST_2162,2025-03-01 00:43:00,78.47,25.11,8.26,Meta Ads,Completed
ORD_14988,CUST_2090,2025-03-27 22:18:00,98.25,31.44,8.23,Google Ads,Completed
ORD_14989,CUST_1406,2025-03-08 00:47:00,76.49,24.48,6.23,Google Ads,Completed
ORD_14990,CUST_2358,2025-04-19 21:45:00,91.39,29.24,7.11,Meta Ads,Completed
ORD_14991,CUST_2082,2025-02-04 09:21:00,93.58,29.95,6.3,Email Retention,Completed
ORD_14992,CUST_1547,2025-03-29 07:36:00,45.17,14.45,4.58,Meta Ads,Completed
ORD_14993,CUST_1465,2025-03-01 21:42:00,73.5,23.52,7.31,Meta Ads,Completed
ORD_14994,CUST_1904,2025-05-08 12:25:00,131.84,42.19,5.12,Meta Ads,Completed
ORD_14995,CUST_2248,2025-05-07 15:45:00,126.77,40.57,4.9,Google Ads,Completed
ORD_14996,CUST_2118,2025-02-03 04:16:00,72.87,23.32,8.28,Meta Ads,Completed
ORD_14997,CUST_2296,2025-01-12 13:53:00,94.39,30.2,4.55,Email Retention,Completed
ORD_14998,CUST_1108,2025-02-15 19:08:00,75.43,24.14,9.3,Meta Ads,Completed
ORD_14999,CUST_1224,2025-01-08 16:49:00,112.7,36.06,7.08,Email Retention,Completed
